Source title;CiteScore;Highest percentile;2021-24 Citations;2021-24 Documents;% Cited;SNIP;SJR;Publisher
International Journal of Information Management;54,9;"99.0%
1/507
Computer Networks and Communications";21368;389;97;6,932;6,26;Elsevier
Annual Review of Organizational Psychology and Organizational Behavior;35;"99.0%
1/313
Social Psychology";2413;69;97;11,141;12,191;Annual Reviews Inc.
Organizational Research Methods;33,2;"99.0%
1/496
Strategy and Management";3519;106;93;8,377;10,181;SAGE
Academy of Management Review;28,7;"99.0%
1/225
General Business, Management and Accounting";4996;174;96;6,108;14,402;Academy of Management
Journal of Marketing;28,4;"99.0%
1/451
Business and International Management";5646;199;92;5,222;13,394;American Marketing Association
International Journal of Information Management Data Insights;26,5;"99.0%
2/287
Library and Information Sciences";7767;293;85;3,604;2,302;Elsevier
Tourism Management;26,5;"99.0%
1/309
Development";15095;570;95;3,745;4,146;Elsevier
Technological Forecasting and Social Change;26,3;"99.0%
2/451
Business and International Management";76934;2927;92;3,255;3,472;Elsevier
Journal of Business Research;25,3;"98.0%
3/215
Marketing";82008;3243;92;3,348;3,499;Elsevier
Journal of Management;24,9;"99.0%
1/333
Finance";8081;324;96;5,747;8,636;SAGE
Human Resource Management Review;24,7;"99.0%
2/234
Organizational Behavior and Human Resource Management";3873;157;94;4,129;3,934;Elsevier
Journal of Service Research;24,6;"99.0%
1/1497
Sociology and Political Science";3419;139;94;3,392;6,011;SAGE
Academy of Management Annals;23,9;"99.0%
3/451
Business and International Management";1987;83;94;6,832;13,877;Academy of Management
Business Strategy and the Environment;23,7;"99.0%
2/841
Geography, Planning and Development";30608;1293;88;3,191;3,609;John Wiley & Sons
Journal of Service Management;23,3;"99.0%
1/208
Business, Management and Accounting (miscellaneous)";3607;155;89;2,798;3,348;Emerald Publishing
Entrepreneurship Theory and Practice;23;"99.0%
2/731
Economics and Econometrics";5175;225;94;3,998;6,876;SAGE
Journal of the Academy of Marketing Science;22,8;"99.0%
3/731
Economics and Econometrics";5801;254;88;4,388;6,896;Springer Nature
Journal of Retailing and Consumer Services;22,7;"97.0%
5/215
Marketing";35837;1578;93;2,992;3,439;Elsevier
Journal of Financial Economics;22;"99.0%
1/182
Accounting";13289;605;88;6,178;17,669;Elsevier
Technology in Society;21,9;"99.0%
2/1497
Sociology and Political Science";25687;1174;89;2,969;2,559;Elsevier
Electronic Markets;21,8;"99.0%
6/731
Economics and Econometrics";6168;283;88;3,146;2,325;Springer Nature
Journal of Hospitality Marketing and Management;21,8;"98.0%
3/151
Tourism, Leisure and Hospitality Management";3732;171;93;2,967;3,212;Taylor & Francis
Journal of Research in Interactive Marketing;21,6;"96.0%
8/215
Marketing";3959;183;97;2,975;3,336;Emerald Publishing
Journal of Supply Chain Management;21,4;"99.0%
1/260
Economics, Econometrics and Finance (miscellaneous)";1565;73;89;3,318;4,562;John Wiley & Sons
Production Planning and Control;20,7;"99.0%
2/218
Management Science and Operations Research";8158;394;97;2,732;2,198;Taylor & Francis
International Journal of Hospitality Management;20,7;"98.0%
10/496
Strategy and Management";20433;988;86;2,595;2,731;Elsevier
Journal of Cleaner Production;20,7;"98.0%
3/240
General Environmental Science";393051;18950;92;2,231;2,174;Elsevier
Journal of Travel Research;20,6;"99.0%
5/841
Geography, Planning and Development";8734;425;97;3,312;3,1;SAGE
Journal of Innovation and Knowledge;20,5;"98.0%
9/731
Economics and Econometrics";9957;485;81;3,459;3,341;Elsevier
Journal of Sustainable Tourism;20,4;"99.0%
6/841
Geography, Planning and Development";10195;499;96;3,085;2,733;Taylor & Francis
International Journal of Production Economics;20,2;"99.0%
2/225
General Business, Management and Accounting";23028;1139;88;2,668;2,833;Elsevier
International Journal of Management Reviews;20,1;"98.0%
6/305
Management of Technology and Innovation";2255;112;93;4,102;4,054;John Wiley & Sons
International Journal of Consumer Studies;19,7;"99.0%
6/687
Public Health, Environmental and Occupational Health";9209;468;87;2,56;2,22;John Wiley & Sons
Journal of Business Logistics;19,7;"99.0%
2/208
Business, Management and Accounting (miscellaneous)";2103;107;92;2,604;2,768;John Wiley & Sons
Innovation and Green Development;19,6;"97.0%
5/218
Management Science and Operations Research";2077;106;92;3,172;2,817;Elsevier
European Journal of Information Systems;19,5;"99.0%
3/287
Library and Information Sciences";3223;165;95;3,045;3,459;Taylor & Francis
Technovation;19,5;"98.0%
4/344
General Engineering";12020;615;91;3,152;3,308;Elsevier
Journal of World Business;19,2;"99.0%
3/333
Finance";3802;198;91;2,888;4,297;Elsevier
Journal of Product Innovation Management;18,6;"97.0%
13/496
Strategy and Management";2765;149;89;3,771;3,598;John Wiley & Sons
Journal of Management Studies;18,6;"97.0%
12/496
Strategy and Management";5988;322;91;3,874;5,465;John Wiley & Sons
Journal of Destination Marketing and Management;18,4;"97.0%
12/451
Business and International Management";5593;304;86;2,969;2,26;Elsevier
Leadership Quarterly;18,3;"99.0%
5/1497
Sociology and Political Science";2979;163;89;3,826;5,393;Elsevier
International Journal of Contemporary Hospitality Management;18,2;"95.0%
8/151
Tourism, Leisure and Hospitality Management";14703;809;95;2,563;3,141;Emerald Publishing
Tourism Review;18;"99.0%
8/841
Geography, Planning and Development";5852;326;94;2,531;1,887;Emerald Publishing
Journal of Strategic Information Systems;17,9;"96.0%
7/190
Information Systems and Management";1286;72;86;3,45;3,765;Elsevier
Academy of Management Journal;17,8;"98.0%
3/225
General Business, Management and Accounting";4902;275;94;3,953;10,528;Academy of Management
Journal of Retailing;17,6;"93.0%
14/215
Marketing";2890;164;82;2,965;4,204;Elsevier
Information and Management;17,5;"96.0%
19/474
Information Systems";7822;448;85;2,739;2,92;Elsevier
International Journal of Production Research;17,3;"97.0%
7/218
Management Science and Operations Research";27594;1597;93;2,563;2,242;Taylor & Francis
Service Industries Journal;17,2;"96.0%
18/496
Strategy and Management";3282;191;97;1,861;2,033;Taylor & Francis
Academy of Management Perspectives;17,2;"96.0%
15/451
Business and International Management";1842;107;91;2,61;5,063;Academy of Management
International Journal of Forecasting;17,1;"96.0%
16/451
Business and International Management";6786;397;88;3,357;2,428;Elsevier
Journal of International Business Studies;17;"99.0%
1/285
General Social Sciences";4848;285;88;3,458;5,078;Springer Nature
Journal of Interactive Marketing;16,9;"96.0%
18/451
Business and International Management";1915;113;90;2,723;3,366;SAGE
Strategic Management Journal;16,8;"96.0%
20/496
Strategy and Management";6455;384;87;3,839;10,176;John Wiley & Sons
Journal of Business Venturing;16,6;"95.0%
20/451
Business and International Management";3445;207;96;3,404;6,234;Elsevier
Journal of Family Business Strategy;16,6;"97.0%
16/731
Economics and Econometrics";1909;115;90;2,823;3,053;Elsevier
Management Review Quarterly;16,6;"98.0%
3/208
Business, Management and Accounting (miscellaneous)";2987;180;91;3,27;1,83;Springer Nature
International Journal of Logistics Research and Applications;16,5;"96.0%
8/218
Management Science and Operations Research";4780;289;94;2,017;1,452;Taylor & Francis
Small Business Economics;16,5;"98.0%
5/225
General Business, Management and Accounting";10654;646;91;2,942;3,025;Springer Nature
Review of Managerial Science;16,3;"97.0%
6/225
General Business, Management and Accounting";6100;375;92;2,801;2,316;Springer Nature
IEEE Communications Standards Magazine;16,2;"99.0%
4/1105
Law";2940;182;88;2,254;2,174;IEEE
Annals of Tourism Research;16,2;"99.0%
2/309
Development";9160;567;87;2,364;2,461;Elsevier
Business and Society;16;"99.0%
5/674
Social Sciences (miscellaneous)";3208;201;93;3,085;3,113;SAGE
BenchCouncil Transactions on Benchmarks, Standards and Evaluations;16;"97.0%
4/160
Computer Science (miscellaneous)";1072;67;72;3,148;1,531;KeAi Communications Co.
Psychology and Marketing;15,9;"96.0%
10/256
Applied Psychology";10224;642;82;2,482;3,497;John Wiley & Sons
Virtual Economics;15,8;"99.0%
1/1371
Cultural Studies";1262;80;75;1,271;1,618;The London Academy of Science and Business
Oeconomia Copernicana;15,8;"99.0%
1/1850
History";2295;145;90;1,736;1,271;Institute of Economic Research
Global Strategy Journal;15,7;"95.0%
25/496
Strategy and Management";1753;112;89;2,426;3,471;John Wiley & Sons
Current Issues in Tourism;15,5;"98.0%
12/841
Geography, Planning and Development";13786;887;92;2,233;1,703;Taylor & Francis
Review of Financial Studies;15,5;"99.0%
2/182
Accounting";7651;495;88;4,522;16,546;Oxford University Press
Business Horizons;15,4;"94.0%
26/451
Business and International Management";3456;224;88;2,558;2,28;Elsevier
International Organization;15,3;"99.0%
2/738
Political Science and International Relations";1945;127;82;4,752;4,977;Cambridge University Press
Journal of Tourism Futures;15,3;"98.0%
14/841
Geography, Planning and Development";1619;106;94;1,816;1,308;Emerald Publishing
Industrial Marketing Management;15,2;"90.0%
20/215
Marketing";11029;724;89;1,965;2,621;Elsevier
Journal of Advertising;15;"99.0%
4/535
Communication";2432;162;93;2,895;4,455;Taylor & Francis
Knowledge-Based Systems;15;"95.0%
10/190
Information Systems and Management";65757;4394;85;2,344;1,934;Elsevier
Research Policy;15;"95.0%
10/218
Management Science and Operations Research";9654;643;91;3,204;3,443;Elsevier
Transportation Research Part E: Logistics and Transportation Review;15;"97.0%
10/407
Civil and Structural Engineering";17839;1188;86;2,367;2,513;Elsevier
Omega (United Kingdom);14,9;"95.0%
11/218
Management Science and Operations Research";9678;648;90;2,197;2,308;Elsevier
Tourism Management Perspectives;14,9;"91.0%
13/151
Tourism, Leisure and Hospitality Management";6440;431;86;2,184;1,87;Elsevier
Journal of Hospitality and Tourism Management;14,9;"91.0%
14/151
Tourism, Leisure and Hospitality Management";10272;691;88;2,211;2,158;Elsevier
Supply Chain Management;14,9;"94.0%
28/496
Strategy and Management";3241;218;86;2,199;2,117;Emerald Publishing
International Journal of Logistics Management;14,8;"93.0%
29/451
Business and International Management";4024;272;93;1,876;1,792;Emerald Publishing
Corporate Social Responsibility and Environmental Management;14,7;"98.0%
5/309
Development";12692;865;85;2,541;2,294;John Wiley & Sons
International Journal of Operations and Production Management;14,7;"94.0%
29/496
Strategy and Management";5206;353;92;2,219;2,876;Emerald Publishing
European Research on Management and Business Economics;14,7;"97.0%
20/731
Economics and Econometrics";1693;115;84;2,583;1,473;European Academy of Management and Business Economics
International Journal of Advertising;14,6;"99.0%
5/535
Communication";3332;228;92;2,574;2,914;Taylor & Francis
MIS Quarterly: Management Information Systems;14,5;"94.0%
54/947
Computer Science Applications";3864;267;81;2,648;4,486;Management Information Systems Research Center
Journal of Sustainable Finance and Investment;14,4;"98.0%
5/260
Economics, Econometrics and Finance (miscellaneous)";3019;209;93;1,518;1,146;Taylor & Francis
Journal of Manufacturing Technology Management;14,4;"94.0%
20/375
Control and Systems Engineering";4252;296;84;2,047;1,532;Emerald Publishing
Journal of Business Ethics;14,4;"99.0%
6/1105
Law";18553;1292;92;3,01;3,039;Springer Nature
California Management Review;14,4;"93.0%
32/496
Strategy and Management";1325;92;93;N/A;2,416;Haas School of Business
International Journal of Project Management;14,2;"93.0%
20/305
Management of Technology and Innovation";3751;265;91;2,675;1,87;Elsevier
Journal of Corporate Finance;14,2;"97.0%
8/333
Finance";9609;678;84;3,332;3,246;Elsevier
Human Resource Management;14,1;"97.0%
7/234
Organizational Behavior and Human Resource Management";2697;191;85;2,788;3,663;John Wiley & Sons
International Journal of Physical Distribution and Logistics Management;14,1;"92.0%
22/305
Management of Technology and Innovation";2501;178;91;1,66;1,821;Emerald Publishing
Journal of Small Business Management;14;"96.0%
8/225
General Business, Management and Accounting";4102;292;96;2,384;2,149;Taylor & Francis
Human Relations;14;"99.0%
5/630
Arts and Humanities (miscellaneous)";3994;285;96;3,347;4,148;SAGE
European Management Journal;14;"92.0%
38/496
Strategy and Management";4340;311;93;2,458;1,913;Elsevier
Journal of Intellectual Capital;13,9;"98.0%
23/1620
Education";3100;223;85;2,24;1,526;Emerald Publishing
Strategic Organization;13,8;"99.0%
1/61
Industrial Relations";1933;140;96;2,916;5,21;SAGE
Journal of Travel and Tourism Marketing;13,8;"90.0%
15/151
Tourism, Leisure and Hospitality Management";3077;223;87;2,131;2,299;Taylor & Francis
International Journal of Research in Marketing;13,7;"88.0%
25/215
Marketing";2936;214;90;2,467;3,869;Elsevier
International Journal of Management Education;13,7;"98.0%
26/1620
Education";7430;543;85;2,296;1,741;Elsevier
Human Resource Management Journal;13,7;"96.0%
8/234
Organizational Behavior and Human Resource Management";3021;220;91;2,772;3,027;John Wiley & Sons
Journal of Operations Management;13,6;"94.0%
12/218
Management Science and Operations Research";2275;167;91;2,692;4,52;John Wiley & Sons
Decision Support Systems;13,5;"99.0%
6/630
Arts and Humanities (miscellaneous)";6646;491;86;2,592;2,366;Elsevier
Journal of Knowledge Management;13,5;"91.0%
25/305
Management of Technology and Innovation";6543;485;90;2,354;1,946;Emerald Publishing
Journal of Consumer Research;13,4;"99.0%
1/524
Anthropology";3232;241;91;3,324;8,562;Oxford University Press
International Journal of Human Resource Management;13,3;"96.0%
9/234
Organizational Behavior and Human Resource Management";7356;554;87;2,33;2,231;Taylor & Francis
Long Range Planning;13,3;"97.0%
9/333
Finance";2904;219;87;2,472;2,909;Elsevier
Australasian Marketing Journal;13,1;"95.0%
30/731
Economics and Econometrics";1711;131;93;1,377;1,403;SAGE
Family Business Review;13;"97.0%
5/208
Business, Management and Accounting (miscellaneous)";807;62;85;2,997;2,718;SAGE
Information Technology and Tourism;13;"92.0%
70/947
Computer Science Applications";1198;92;86;1,912;1,604;Springer Nature
Cleaner Logistics and Supply Chain;13;"95.0%
13/271
Environmental Science (miscellaneous)";2409;185;83;1,943;1,528;Elsevier
Organization Theory;12,9;"95.0%
10/234
Organizational Behavior and Human Resource Management";1236;96;82;3,412;6,872;SAGE
Financial Innovation;12,9;"96.0%
11/333
Finance";5458;423;83;2,228;1,287;Springer Nature
Global Journal of Flexible Systems Management;12,8;"97.0%
6/208
Business, Management and Accounting (miscellaneous)";2055;161;82;1,928;1,148;Global Institute of Flexible Systems Management
R and D Management;12,7;"95.0%
10/225
General Business, Management and Accounting";2508;198;90;1,993;1,778;John Wiley & Sons
Journal of Finance;12,6;"98.0%
3/182
Accounting";3886;309;84;5,507;22,836;John Wiley & Sons
International Journal of Precision Engineering and Manufacturing - Green Technology;12,6;"95.0%
32/720
Mechanical Engineering";5354;424;92;1,872;1,072;Springer Nature
Journal of International Financial Management and Accounting;12,5;"98.0%
4/182
Accounting";989;79;81;2,279;2;John Wiley & Sons
International Journal of Bank Marketing;12,5;"87.0%
28/215
Marketing";3578;286;86;1,853;1,439;Emerald Publishing
Organization Studies;12,5;"95.0%
11/234
Organizational Behavior and Human Resource Management";3821;305;88;2,876;5,032;SAGE
Journal of Global Operations and Strategic Sourcing;12,5;"95.0%
12/234
Organizational Behavior and Human Resource Management";1365;109;86;1,346;0,921;Emerald Publishing
Digital Business;12,4;"96.0%
8/208
Business, Management and Accounting (miscellaneous)";1064;86;86;2,129;1,328;Elsevier
Internet of Things (The Netherlands);12,4;"94.0%
15/264
Engineering (miscellaneous)";12443;1005;84;2,187;1,527;Elsevier
European Journal of Innovation Management;12,3;"89.0%
34/305
Management of Technology and Innovation";4685;382;94;2,011;1,397;Emerald Publishing
Journal of Management in Engineering;12,3;"97.0%
2/61
Industrial Relations";4917;401;89;1,979;1,619;American Society of Civil Engineers
Journal of Purchasing and Supply Management;12,3;"90.0%
50/496
Strategy and Management";1453;118;92;2,149;2,084;Elsevier
Operations Management Research;12,3;"92.0%
16/218
Management Science and Operations Research";3408;277;86;1,534;1,424;Springer Nature
Gender, Work and Organization;12,2;"99.0%
2/227
Gender Studies";6636;542;88;2,347;2,539;John Wiley & Sons
Journal of Internet Commerce;12,2;"91.0%
17/186
Human-Computer Interaction";974;80;83;1,491;1,154;Taylor & Francis
Tourism Recreation Research;12,1;"99.0%
3/1371
Cultural Studies";3312;273;94;1,661;1,036;Taylor & Francis
ACM Transactions on Information Systems;12,1;"95.0%
11/225
General Business, Management and Accounting";5343;441;84;2,779;1,54;Association for Computing Machinery
Journal of Organizational Behavior;12;"98.0%
22/1497
Sociology and Political Science";3508;293;87;2,765;3,862;John Wiley & Sons
Public Administration Review;11,9;"98.0%
4/242
Public Administration";4250;356;91;2,943;2,964;John Wiley & Sons
Telecommunications Policy;11,9;"97.0%
8/287
Library and Information Sciences";4782;403;85;2,201;1,728;Elsevier
Data Science and Management;11,9;"91.0%
19/218
Management Science and Operations Research";1165;98;86;1,794;1,37;KeAi Communications Co.
Spanish Journal of Marketing - ESIC;11,7;"85.0%
31/215
Marketing";924;79;91;1,833;1,11;Emerald Publishing
Journal of Theoretical and Applied Electronic Commerce Research;11,7;"94.0%
12/225
General Business, Management and Accounting";6508;556;76;1,574;0,952;Multidisciplinary Digital Publishing Institute (MDPI)
Information Systems Research;11,7;"96.0%
10/287
Library and Information Sciences";3912;333;88;2,575;4,85;INFORMS Inst.for Operations Res.and the Management Sciences
Journal of International Business Policy;11,6;"91.0%
41/451
Business and International Management";891;77;92;1,621;1,5;Springer Nature
Journal of Information Technology;11,6;"95.0%
12/287
Library and Information Sciences";1128;97;86;2,147;2,192;Springer Nature
Journal of Vacation Marketing;11,6;"88.0%
18/151
Tourism, Leisure and Hospitality Management";1721;149;95;1,631;1,299;SAGE
Personnel Psychology;11,6;"93.0%
15/234
Organizational Behavior and Human Resource Management";1559;134;95;3,583;5,414;John Wiley & Sons
International Business Review;11,6;"95.0%
14/333
Finance";3985;344;88;2,032;2,104;Elsevier
Information and Organization;11,6;"95.0%
13/287
Library and Information Sciences";891;77;79;1,831;1,803;Elsevier
Journal of Marketing Theory and Practice;11,5;"84.0%
33/215
Marketing";1470;128;86;1,94;1,645;Taylor & Francis
Benchmarking;11,5;"90.0%
42/451
Business and International Management";6372;552;91;1,575;1,102;Emerald Publishing
Organization and Environment;11,4;"92.0%
17/234
Organizational Behavior and Human Resource Management";1097;96;92;1,427;1,696;SAGE
Organizational Psychology Review;11,4;"96.0%
11/313
Social Psychology";822;72;83;3,372;3,434;SAGE
Asia Pacific Management Review;11,4;"90.0%
44/451
Business and International Management";1676;147;86;2,331;1,187;National Cheng Kung University
Global Business and Organizational Excellence;11,4;"92.0%
19/234
Organizational Behavior and Human Resource Management";1438;126;89;1,824;1,432;John Wiley & Sons
Journal of Management Information Systems;11,3;"90.0%
21/218
Management Science and Operations Research";1891;167;81;2,085;3,652;Taylor & Francis
Sustainability Accounting, Management and Policy Journal;11,3;"97.0%
5/182
Accounting";2382;210;90;1,969;1,449;Emerald Publishing
BRQ Business Research Quarterly;11,3;"94.0%
42/731
Economics and Econometrics";825;73;93;1,985;1,49;Elsevier
Big Data Research;11,3;"89.0%
20/190
Information Systems and Management";2309;205;84;1,649;0,914;Elsevier
Transportation Research Part A: Policy and Practice;11,3;"95.0%
9/208
Business, Management and Accounting (miscellaneous)";11780;1045;84;2,148;2,124;Elsevier
New Technology, Work and Employment;11,2;"92.0%
4/49
Human Factors and Ergonomics";994;89;91;2,713;2,795;John Wiley & Sons
Research in International Business and Finance;11,1;"95.0%
10/208
Business, Management and Accounting (miscellaneous)";11591;1047;85;1,869;1,415;Elsevier
Journal of Manufacturing Processes;11,1;"89.0%
23/218
Management Science and Operations Research";40461;3648;85;2,032;1,556;Elsevier
Review of Finance;11;"96.0%
6/182
Accounting";2339;213;77;3,937;8,22;Oxford University Press
Journal of Hospitality and Tourism Research;10,9;"97.0%
49/1620
Education";3119;286;93;1,94;1,428;SAGE
Electronic Commerce Research and Applications;10,9;"90.0%
47/507
Computer Networks and Communications";4105;375;81;1,701;1,411;Elsevier
International Journal of Construction Management;10,9;"98.0%
3/203
Architecture";8268;759;92;2,13;1,015;Taylor & Francis
Asia Pacific Journal of Management;10,9;"97.0%
7/260
Economics, Econometrics and Finance (miscellaneous)";2659;243;91;1,818;1,47;Springer Nature
Cities;10,9;"97.0%
32/1497
Sociology and Political Science";23064;2125;83;2,065;1,839;Elsevier
Journal of Management Science and Engineering;10,9;"92.0%
19/264
Engineering (miscellaneous)";1419;130;80;1,701;1,098;KeAi Communications Co.
British Journal of Management;10,8;"93.0%
15/225
General Business, Management and Accounting";4159;384;91;2,044;2,267;John Wiley & Sons
Educational Management Administration and Leadership;10,8;"96.0%
52/1620
Education";2625;244;94;2,965;1,711;SAGE
Journal of Vocational Behavior;10,8;"96.0%
54/1620
Education";3096;288;89;2,409;2,793;Elsevier
Journal of Public Administration Research and Theory;10,7;"97.0%
33/1497
Sociology and Political Science";1953;182;90;3,142;3,454;Oxford University Press
International Entrepreneurship and Management Journal;10,7;"86.0%
43/305
Management of Technology and Innovation";3665;343;84;1,866;1,352;Springer Nature
Journal of Technology Transfer;10,6;"96.0%
7/182
Accounting";3343;314;89;2,262;1,709;Springer Nature
Journal of Hospitality, Leisure, Sport and Tourism Education;10,6;"96.0%
55/1620
Education";1913;181;86;1,894;0,982;Elsevier
Journal of Small Business and Entrepreneurship;10,6;"89.0%
49/451
Business and International Management";1371;129;86;2,098;1,117;Taylor & Francis
International Journal of Accounting Information Systems;10,6;"95.0%
8/182
Accounting";1043;98;81;2,477;1,367;Elsevier
Critical Perspectives on Accounting;10,6;"97.0%
35/1497
Sociology and Political Science";2655;250;89;2,714;2,426;Elsevier
Organization Science;10,6;"91.0%
21/234
Organizational Behavior and Human Resource Management";4057;382;88;2,51;8,026;INFORMS Inst.for Operations Res.and the Management Sciences
EuroMed Journal of Business;10,5;"93.0%
22/333
Finance";1592;152;88;1,885;1,078;Emerald Publishing
Journal of Marketing Research;10,5;"93.0%
49/731
Economics and Econometrics";2518;240;91;2,42;6,961;American Marketing Association
Journal of Consumer Psychology;10,5;"91.0%
23/256
Applied Psychology";2121;202;91;2,329;4,547;John Wiley & Sons
Strategic Change;10,5;"93.0%
21/333
Finance";1662;158;80;1,465;1,253;John Wiley & Sons
Accounting, Auditing and Accountability Journal;10,4;"96.0%
9/260
Economics, Econometrics and Finance (miscellaneous)";3618;347;90;2,088;1,688;Emerald Publishing
International Journal of Retail and Distribution Management;10,4;"85.0%
22/151
Tourism, Leisure and Hospitality Management";3412;328;85;1,465;1,332;Emerald Publishing
Journal of Product and Brand Management;10,4;"86.0%
66/496
Strategy and Management";2893;277;83;1,666;1,886;Emerald Publishing
Production and Operations Management;10,3;"88.0%
25/218
Management Science and Operations Research";8541;831;82;1,908;3,364;SAGE
Journal of Hospitality and Tourism Technology;10,3;"88.0%
114/947
Computer Science Applications";2010;196;93;1,469;1,476;Emerald Publishing
TQM Journal;10,3;"91.0%
19/225
General Business, Management and Accounting";4593;447;90;1,633;0,87;Emerald Publishing
International Journal of Productivity and Performance Management;10,3;"92.0%
18/225
General Business, Management and Accounting";5511;536;88;1,63;0,954;Emerald Publishing
Tourism Geographies;10,3;"95.0%
37/841
Geography, Planning and Development";2544;246;87;2,036;1,356;Taylor & Francis
International Small Business Journal;10,3;"88.0%
51/451
Business and International Management";1504;146;84;1,924;1,956;SAGE
Review of Corporate Finance;10,3;"95.0%
11/260
Economics, Econometrics and Finance (miscellaneous)";596;58;91;2,123;1,673;Now Publishers Inc
Journal of Strategic Marketing;10,3;"86.0%
67/496
Strategy and Management";2244;218;87;1,363;1,176;Taylor & Francis
Socio-Economic Planning Sciences;10,3;"98.0%
4/175
Statistics, Probability and Uncertainty";9855;958;81;1,62;1,326;Elsevier
Review of Public Personnel Administration;10,2;"96.0%
8/242
Public Administration";1285;126;91;2,361;1,666;SAGE
Corporate Governance (Bingley);10,2;"94.0%
11/208
Business, Management and Accounting (miscellaneous)";3061;300;84;1,765;1,036;Emerald Publishing
Human Resource Development Quarterly;10,2;"98.0%
12/630
Arts and Humanities (miscellaneous)";813;80;95;2,191;1,294;John Wiley & Sons
Journal of Brand Management;10,1;"85.0%
72/496
Strategy and Management";1420;141;92;1,887;1,514;Springer Nature
Journal of International Management;10,1;"92.0%
26/333
Finance";2585;255;82;1,729;1,685;Elsevier
Journal of Business and Psychology;10,1;"93.0%
15/218
General Psychology";2695;266;90;2,54;2,313;Springer Nature
Journal of Management Inquiry;10;"90.0%
21/225
General Business, Management and Accounting";1101;110;85;2,323;3,103;SAGE
International Journal of Engineering Business Management;10;"89.0%
24/234
Organizational Behavior and Human Resource Management";1030;103;83;1,639;0,913;SAGE
Journal of Public Policy and Marketing;10;"92.0%
54/731
Economics and Econometrics";806;81;93;1,444;2,525;American Marketing Association
Publications;10;"96.0%
19/535
Communication";1948;195;70;2;1,165;Multidisciplinary Digital Publishing Institute (MDPI)
Management Science;9,9;"87.0%
27/218
Management Science and Operations Research";16205;1640;86;2,878;5,72;INFORMS Institute for Operations Research and the Management Sciences
Group and Organization Management;9,9;"98.0%
13/630
Arts and Humanities (miscellaneous)";1518;153;92;2,142;2,373;SAGE
Journal of Management Analytics;9,9;"98.0%
5/293
Statistics and Probability";1104;112;90;1,49;0,897;Taylor & Francis
Industrial Management and Data Systems;9,9;"95.0%
3/61
Industrial Relations";4653;471;87;1,371;1,279;Emerald Publishing
Journal of International Marketing;9,9;"87.0%
57/451
Business and International Management";835;84;93;1,841;1,683;American Marketing Association
Competition and Change;9,8;"89.0%
24/225
General Business, Management and Accounting";1259;129;83;2,387;2,054;SAGE
Total Quality Management and Business Excellence;9,8;"90.0%
23/225
General Business, Management and Accounting";3341;342;85;1,647;0,966;Taylor & Francis
Review of Accounting Studies;9,8;"93.0%
12/182
Accounting";2449;249;80;3,811;5,817;Springer Nature
Big Data and Cognitive Computing;9,8;"86.0%
130/947
Computer Science Applications";6022;617;76;1,785;0,922;Multidisciplinary Digital Publishing Institute (MDPI)
Annals of Financial Economics;9,8;"94.0%
15/260
Economics, Econometrics and Finance (miscellaneous)";851;87;80;0,786;1,088;World Scientific
APTISI Transactions on Technopreneurship;9,8;"96.0%
65/1620
Education";1400;143;83;0,621;0,266;Pandawan Sejahtera
Project Management Journal;9,7;"87.0%
59/451
Business and International Management";1452;149;90;2,204;1,18;SAGE
IEEE Transactions on Engineering Management;9,7;"89.0%
105/970
Electrical and Electronic Engineering";17420;1792;84;2,262;1,134;IEEE
Organization;9,7;"89.0%
25/225
General Business, Management and Accounting";2345;242;90;2,249;2,861;SAGE
Journal of Industrial Integration and Management;9,7;"91.0%
29/344
General Engineering";971;100;77;1,135;0,597;World Scientific
Innovation: Organization and Management;9,6;"83.0%
51/305
Management of Technology and Innovation";883;92;86;1,898;1,467;Taylor & Francis
Asia-Pacific Journal of Business Administration;9,6;"96.0%
9/242
Public Administration";1500;156;90;1,687;0,961;Emerald Publishing
Journal of Management and Governance;9,6;"86.0%
61/451
Business and International Management";1655;172;92;1,663;1,041;Springer Nature
Engineering, Construction and Architectural Management;9,5;"97.0%
5/203
Architecture";7152;755;93;1,647;1;Emerald Publishing
Global Business Review;9,5;"86.0%
62/451
Business and International Management";3290;346;92;1,249;0,581;SAGE
Decision Sciences;9,4;"87.0%
28/225
General Business, Management and Accounting";1462;156;86;1,46;1,62;John Wiley & Sons
Tourism Economics;9,4;"94.0%
48/841
Geography, Planning and Development";3923;418;89;1,591;1,033;SAGE
Journal of Leadership and Organizational Studies;9,4;"97.0%
42/1497
Sociology and Political Science";989;105;84;1,765;1,687;SAGE
Asia Pacific Journal of Human Resources;9,4;"88.0%
27/234
Organizational Behavior and Human Resource Management";1408;150;82;1,511;1,383;John Wiley & Sons
Journal of Air Transport Management;9,4;"98.0%
16/1105
Law";4633;492;83;1,631;1,019;Elsevier
Knowledge Management Research and Practice;9,3;"91.0%
26/287
Library and Information Sciences";2193;237;91;1,336;0,822;Taylor & Francis
International Journal of Entrepreneurial Behaviour and Research;9,3;"93.0%
14/208
Business, Management and Accounting (miscellaneous)";4047;434;85;1,54;1,354;Emerald Publishing
Bottom Line;9,3;"91.0%
25/287
Library and Information Sciences";448;48;79;1,365;0,861;Emerald Publishing
Strategic Entrepreneurship Journal;9,3;"91.0%
64/731
Economics and Econometrics";1077;116;86;2,261;3,37;John Wiley & Sons
Clean Technologies and Environmental Policy;9,3;"91.0%
61/731
Economics and Econometrics";7598;815;90;1,147;0,87;Springer Nature
Contemporary Educational Technology;9,3;"95.0%
74/1620
Education";2343;251;82;1,887;1,099;Bastas
VINE Journal of Information and Knowledge Management Systems;9,3;"91.0%
24/287
Library and Information Sciences";1729;185;94;1,395;0,729;Emerald Publishing
Journal of Financial Reporting and Accounting;9,2;"94.0%
16/260
Economics, Econometrics and Finance (miscellaneous)";1608;175;93;1,369;0,683;Emerald Publishing
International Journal of Manpower;9,2;"88.0%
28/234
Organizational Behavior and Human Resource Management";2845;309;74;1,849;1,411;Emerald Publishing
International Journal of Innovation Studies;9,2;"86.0%
27/190
Information Systems and Management";753;82;88;1,664;1,007;KeAi Communications Co.
Cornell Hospitality Quarterly;9,1;"82.0%
27/151
Tourism, Leisure and Hospitality Management";1313;144;78;1,704;1,543;SAGE
Tourism and Hospitality Research;9,1;"93.0%
52/841
Geography, Planning and Development";1459;160;91;1,117;0,72;SAGE
Human Resource Development International;9,1;"87.0%
29/234
Organizational Behavior and Human Resource Management";1159;128;83;1,828;1,066;Taylor & Francis
European Business Review;9,1;"93.0%
15/208
Business, Management and Accounting (miscellaneous)";1552;171;91;1,408;1,069;Emerald Publishing
ACM Transactions on Management Information Systems;9,1;"86.0%
32/239
General Computer Science";1171;128;85;1,31;0,973;Association for Computing Machinery
Journal of Accounting Research;9;"92.0%
14/182
Accounting";1538;171;84;3,566;8,396;John Wiley & Sons
International Journal of Business Communication;9;"93.0%
17/260
Economics, Econometrics and Finance (miscellaneous)";1384;154;94;1,69;0,97;SAGE
Journal of Global Fashion Marketing;9;"99.0%
7/1371
Cultural Studies";964;107;88;1,263;1,171;Taylor & Francis
International Marketing Review;9;"85.0%
68/451
Business and International Management";2018;225;80;1,608;1,306;Emerald Publishing
European Sport Management Quarterly;9;"82.0%
87/496
Strategy and Management";2063;229;93;2,33;1,407;Taylor & Francis
Journal of Network and Systems Management;9;"87.0%
65/507
Computer Networks and Communications";2703;302;81;1,334;0,876;Springer Nature
Manufacturing and Service Operations Management;9;"86.0%
31/218
Management Science and Operations Research";4980;554;78;2,005;4,486;INFORMS Inst.for Operations Res.and the Management Sciences
Marketing Science;8,8;"84.0%
70/451
Business and International Management";2092;239;79;2,649;7,543;INFORMS Institute for Operations Research and the Management Sciences
Emerging Markets Review;8,8;"90.0%
68/731
Economics and Econometrics";2845;322;78;1,916;1,404;Elsevier
Journal of Accounting and Economics;8,8;"92.0%
15/182
Accounting";1719;195;85;3,586;7,505;Elsevier
Scandinavian Journal of Hospitality and Tourism;8,8;"81.0%
29/151
Tourism, Leisure and Hospitality Management";817;93;87;1,199;1,01;Taylor & Francis
Intelligent Systems in Accounting, Finance and Management;8,8;"89.0%
34/333
Finance";451;51;86;1,369;0,673;John Wiley & Sons
Competitiveness Review;8,8;"86.0%
32/225
General Business, Management and Accounting";1624;184;88;1,342;0,898;Emerald Publishing
Service Business;8,7;"84.0%
71/451
Business and International Management";1162;133;82;1,118;1,093;Springer Nature
Research in Transportation Business and Management;8,7;"93.0%
18/260
Economics, Econometrics and Finance (miscellaneous)";4369;505;81;1,44;1,196;Elsevier
European Journal of Work and Organizational Psychology;8,7;"86.0%
31/234
Organizational Behavior and Human Resource Management";2153;247;82;1,885;1,919;Taylor & Francis
Marketing Intelligence and Planning;8,7;"78.0%
46/215
Marketing";2263;259;79;1,41;1,245;Emerald Publishing
Asia Pacific Journal of Marketing and Logistics;8,7;"84.0%
72/451
Business and International Management";4585;525;81;1,625;1,186;Emerald Publishing
Journal of Islamic Marketing;8,7;"77.0%
48/215
Marketing";4231;489;82;1,92;0,825;Emerald Publishing
Journal of Work-Applied Management;8,7;"94.0%
86/1620
Education";698;80;99;1,625;0,76;Emerald Publishing
Academy of Management Learning and Education;8,6;"94.0%
88/1620
Education";992;115;91;2,046;1,848;George Washington University
Journal of Change Management;8,6;"81.0%
94/496
Strategy and Management";680;79;77;1,64;0,933;Taylor & Francis
Journal of Innovation and Entrepreneurship;8,6;"96.0%
51/1497
Sociology and Political Science";2471;288;82;2,004;0,889;Springer Nature
Feminist Economics;8,5;"98.0%
4/227
Gender Studies";1227;145;77;1,99;1,318;Taylor & Francis
Journal of Marketing Communications;8,5;"83.0%
75/451
Business and International Management";1426;168;88;1,332;0,999;Taylor & Francis
Annals of Data Science;8,5;"95.0%
8/175
Statistics, Probability and Uncertainty";2308;272;79;1,859;0,832;Springer Nature
Journal of Economics and Development;8,5;"92.0%
19/260
Economics, Econometrics and Finance (miscellaneous)";628;74;84;2,23;0,998;Emerald Publishing
Journal of Competitiveness;8,5;"97.0%
7/284
General Economics, Econometrics and Finance";1413;166;79;1,032;0,657;Tomas Bata University in Zlín
Asian Journal of Shipping and Logistics;8,5;"84.0%
34/218
Management Science and Operations Research";871;103;86;1,61;0,831;Korean Association of Shipping and Logistics, Inc.
International Journal of Finance and Economics;8,4;"90.0%
18/182
Accounting";9265;1109;83;1,434;0,791;John Wiley & Sons
Advances in Developing Human Resources;8,4;"86.0%
33/234
Organizational Behavior and Human Resource Management";564;67;91;1,299;0,957;SAGE
International Journal of Gender and Entrepreneurship;8,4;"98.0%
5/227
Gender Studies";691;82;82;1,628;1,009;Emerald Publishing
Journal of High Technology Management Research;8,4;"84.0%
30/190
Information Systems and Management";562;67;85;1,592;0,814;Elsevier
Journal of Risk Finance;8,4;"90.0%
17/182
Accounting";1073;128;82;1,03;0,821;Emerald Publishing
Creativity and Innovation Management;8,3;"80.0%
96/496
Strategy and Management";1507;182;81;1,566;1,163;John Wiley & Sons
Journal of Fashion Marketing and Management;8,3;"82.0%
78/451
Business and International Management";1610;193;85;1,563;1,054;Emerald Publishing
Business Process Management Journal;8,3;"90.0%
20/208
Business, Management and Accounting (miscellaneous)";3068;371;81;1,516;0,961;Emerald Publishing
Journal of Hospitality and Tourism Insights;8,3;"79.0%
31/151
Tourism, Leisure and Hospitality Management";3039;364;89;1,675;1,134;Emerald Publishing
Industry and Innovation;8,3;"84.0%
35/225
General Business, Management and Accounting";1534;185;85;1,696;1,41;Taylor & Francis
German Journal of Human Resource Management;8,2;"85.0%
35/234
Organizational Behavior and Human Resource Management";511;62;85;1,506;1,188;SAGE
International Journal of Management Science and Engineering Management;8,2;"87.0%
33/264
Engineering (miscellaneous)";849;104;89;1,283;0,776;Taylor & Francis
Personnel Review;8,2;"94.0%
4/61
Industrial Relations";3578;434;89;1,696;1,366;Emerald Publishing
Corporate Governance: An International Review;8,2;"84.0%
36/225
General Business, Management and Accounting";1198;146;84;2,104;1,493;Emerald Publishing
European Journal of Marketing;8,2;"75.0%
53/215
Marketing";3847;471;83;1,389;1,709;Emerald Publishing
Journal of Construction Engineering and Management;8,2;"92.0%
5/61
Industrial Relations";7473;908;82;1,482;1,113;American Society of Civil Engineers
International Journal of Hospitality and Tourism Administration;8,2;"79.0%
32/151
Tourism, Leisure and Hospitality Management";1255;153;90;1,262;0,816;Taylor & Francis
Journal of Relationship Marketing;8,2;"76.0%
52/215
Marketing";419;51;76;1,241;0,786;Taylor & Francis
International Journal of Accounting and Information Management;8,2;"89.0%
19/182
Accounting";1091;133;80;1,673;0,991;Emerald Publishing
Research and Practice in Technology Enhanced Learning;8,2;"94.0%
95/1620
Education";1037;127;81;1,634;0,865;Asia-Pacific Society for Computers in Education
Utilities Policy;8,1;"98.0%
21/1105
Law";4109;509;82;1,082;0,997;Elsevier
Supply Chain Forum;8,1;"82.0%
38/218
Management Science and Operations Research";921;114;80;1,29;0,951;Taylor & Francis
Journal of Social Entrepreneurship;8,1;"92.0%
23/309
Development";890;110;92;1,282;0,718;Taylor & Francis
Meditari Accountancy Research;8,1;"92.0%
20/260
Economics, Econometrics and Finance (miscellaneous)";2361;290;84;1,756;1,008;Emerald Publishing
Journal of Science and Technology Policy Management;8,1;"90.0%
6/61
Industrial Relations";1475;183;91;1,321;0,694;Emerald Publishing
Journal of Human Resources;8,1;"87.0%
89/731
Economics and Econometrics";1740;215;85;3,377;6,588;University of Wisconsin Press
Journal of Marketing for Higher Education;8,1;"94.0%
97/1620
Education";788;97;96;1,871;0,635;Taylor & Francis
Journal of Economics and Business;8,1;"88.0%
87/731
Economics and Econometrics";885;109;74;1,384;0,81;Elsevier
Journal of Entrepreneurship in Emerging Economies;8,1;"82.0%
80/451
Business and International Management";2117;261;87;1,313;0,866;Emerald Publishing
British Accounting Review;8,1;"88.0%
21/182
Accounting";1816;224;78;2,378;1,544;Elsevier
Journal of Global Information Management;8;"82.0%
34/190
Information Systems and Management";2867;359;84;0,967;0,799;IGI Global Publishing
Journal of Current Issues and Research in Advertising;8;"74.0%
56/215
Marketing";794;99;88;1,442;1,669;Taylor & Francis
Management Decision;8;"83.0%
38/225
General Business, Management and Accounting";4747;597;85;1,37;1,028;Emerald Publishing
International Journal of Quality and Service Sciences;8;"90.0%
21/208
Business, Management and Accounting (miscellaneous)";929;116;83;1,361;0,783;Emerald Publishing
Economics of Innovation and New Technology;8;"96.0%
11/284
General Economics, Econometrics and Finance";1415;177;82;1,721;1,071;Taylor & Francis
Journal of Quality Assurance in Hospitality and Tourism;8;"78.0%
33/151
Tourism, Leisure and Hospitality Management";1673;209;89;1,09;0,646;Taylor & Francis
Logistics;8;"82.0%
33/190
Information Systems and Management";3210;401;73;1,249;0,789;Multidisciplinary Digital Publishing Institute (MDPI)
Journal of Tourism and Services;8;"77.0%
34/151
Tourism, Leisure and Hospitality Management";875;110;86;0,851;0,561;Center for International Scientific Research of VSO and VSPP
International Journal of Tourism Research;7,9;"91.0%
75/841
Geography, Planning and Development";3024;383;69;2,265;1,355;John Wiley & Sons
Journal of Applied Accounting Research;7,9;"91.0%
22/260
Economics, Econometrics and Finance (miscellaneous)";1530;193;82;1,793;0,925;Emerald Publishing
Society and Business Review;7,9;"89.0%
23/208
Business, Management and Accounting (miscellaneous)";908;115;79;1,242;0,973;Emerald Publishing
Journal of Strategy and Management;7,9;"81.0%
85/451
Business and International Management";1170;148;74;1,244;0,922;Emerald Publishing
Journal of Business Venturing Insights;7,9;"80.0%
87/451
Business and International Management";2136;272;78;1,334;1,873;Elsevier
Education and Training;7,9;"93.0%
102/1620
Education";2064;261;77;1,749;0,962;Emerald Publishing
Journal of Business and Socio-economic Development;7,9;"88.0%
24/208
Business, Management and Accounting (miscellaneous)";471;60;83;2,457;0,78;Emerald Publishing
Knowledge and Process Management;7,8;"78.0%
107/496
Strategy and Management";961;123;79;1,175;0,656;John Wiley & Sons
Australian Accounting Review;7,8;"87.0%
24/182
Accounting";690;88;98;1,277;0,847;John Wiley & Sons
International Transactions in Operational Research;7,8;"80.0%
90/451
Business and International Management";4425;570;86;1,505;0,993;John Wiley & Sons
Entrepreneurial Business and Economics Review;7,8;"96.0%
25/738
Political Science and International Relations";1401;179;77;1,134;0,646;Cracow University of Economics
Accounting Education;7,8;"93.0%
111/1620
Education";926;119;92;2,19;1,054;Taylor & Francis
Journal of International Consumer Marketing;7,8;"77.0%
32/139
Management Information Systems";995;127;82;1,141;0,776;Taylor & Francis
Eurasian Business Review;7,8;"90.0%
24/260
Economics, Econometrics and Finance (miscellaneous)";950;122;82;1,532;1,116;Springer Nature
Journal of Humanitarian Logistics and Supply Chain Management;7,8;"79.0%
45/218
Management Science and Operations Research";822;105;91;1,202;0,877;Emerald Publishing
Public Relations Review;7,7;"93.0%
35/535
Communication";2818;368;84;1,701;1,352;Elsevier
Sport Management Review;7,7;"83.0%
39/234
Organizational Behavior and Human Resource Management";1126;146;84;2,291;1,614;Taylor & Francis
FIIB Business Review;7,7;"87.0%
26/208
Business, Management and Accounting (miscellaneous)";1118;146;86;1,021;0,605;SAGE
Journal of Global Marketing;7,7;"79.0%
91/451
Business and International Management";697;90;86;1,257;0,959;Taylor & Francis
European Accounting Review;7,7;"90.0%
25/260
Economics, Econometrics and Finance (miscellaneous)";1470;191;84;2,183;1,381;Taylor & Francis
Organizational Behavior and Human Decision Processes;7,7;"83.0%
38/234
Organizational Behavior and Human Resource Management";1592;206;90;1,568;2,383;Elsevier
Management Accounting Research;7,7;"86.0%
44/333
Finance";459;60;88;1,927;1,224;Elsevier
Journal of Marketing Education;7,6;"92.0%
117/1620
Education";642;84;89;1,812;0,915;SAGE
Applied Geography;7,6;"91.0%
15/175
Forestry";5567;728;85;1,424;1,313;Elsevier
Journal of Outdoor Recreation and Tourism;7,6;"75.0%
38/151
Tourism, Leisure and Hospitality Management";2664;349;82;1,563;1,22;Elsevier
Journal of Business and Industrial Marketing;7,6;"79.0%
95/451
Business and International Management";5159;677;84;1,215;1,039;Emerald Publishing
Journal of Policy Research in Tourism, Leisure and Events;7,6;"89.0%
85/841
Geography, Planning and Development";809;107;94;1,255;0,559;Taylor & Francis
Journal of Interactive Advertising;7,5;"93.0%
37/535
Communication";681;91;86;1,313;1,885;Taylor & Francis
International Journal of Organizational Analysis;7,5;"82.0%
42/234
Organizational Behavior and Human Resource Management";3512;469;81;1,474;0,869;Emerald Publishing
Academy of Management Discoveries;7,5;"89.0%
7/61
Industrial Relations";798;107;87;1,674;3,207;Academy of Management
Marketing Theory;7,5;"70.0%
65/215
Marketing";881;118;87;1,576;1,774;SAGE
Operations Research Perspectives;7,5;"95.0%
15/293
Statistics and Probability";858;114;82;1,454;0,761;Elsevier
Journal of Career Development;7,4;"92.0%
122/1620
Education";1970;265;83;1,696;1,162;SAGE
Work and Occupations;7,4;"94.0%
79/1497
Sociology and Political Science";534;72;83;2,248;2,918;SAGE
Journal of the Operational Research Society;7,4;"92.0%
13/175
Statistics, Probability and Uncertainty";4986;672;84;1,258;0,917;Taylor & Francis
Journal of Decision Systems;7,4;"86.0%
38/287
Library and Information Sciences";1241;168;73;1,172;0,761;Taylor & Francis
Leadership and Organization Development Journal;7,4;"87.0%
27/208
Business, Management and Accounting (miscellaneous)";2226;301;81;1,558;1,117;Emerald Publishing
Journal of Asian Business and Economic Studies;7,4;"95.0%
13/284
General Economics, Econometrics and Finance";607;82;78;1,448;0,664;Emerald Publishing
Journal of Services Marketing;7,4;"69.0%
66/215
Marketing";2105;286;85;1,151;1,364;Emerald Publishing
Social Responsibility Journal;7,4;"95.0%
34/674
Social Sciences (miscellaneous)";2525;342;81;1,313;0,899;Emerald Publishing
Review of International Business and Strategy;7,4;"77.0%
100/451
Business and International Management";876;119;77;1,224;0,745;Emerald Publishing
Work, Employment and Society;7,4;"94.0%
82/1497
Sociology and Political Science";2185;296;85;2,536;2,115;SAGE
ILR Review;7,4;"81.0%
44/234
Organizational Behavior and Human Resource Management";1153;155;85;2,621;3,136;SAGE
Entrepreneurship and Regional Development;7,4;"86.0%
102/731
Economics and Econometrics";1370;186;83;1,557;1,353;Taylor & Francis
Tourism Planning and Development;7,4;"91.0%
26/309
Development";1146;154;88;1,253;0,746;Taylor & Francis
Journal of Occupational and Organizational Psychology;7,4;"81.0%
49/256
Applied Psychology";1369;185;72;2,054;1,969;John Wiley & Sons
Strategy Science;7,3;"77.0%
102/451
Business and International Management";806;110;80;1,542;3,806;INFORMS Institute for Operations Research and the Management Sciences
Journal of Management and Organization;7,3;"78.0%
50/234
Organizational Behavior and Human Resource Management";2123;290;86;1,483;0,945;Cambridge University Press
Journal of Hospitality and Tourism Education;7,3;"92.0%
128/1620
Education";688;94;84;1,216;0,591;Taylor & Francis
Journal of Responsible Innovation;7,3;"80.0%
37/190
Information Systems and Management";1050;144;76;1,736;1,153;Taylor & Francis
European Journal of Management and Business Economics;7,3;"86.0%
47/333
Finance";717;98;91;0,951;0,665;Emerald Publishing
Journal of Labor Economics;7,3;"87.0%
8/61
Industrial Relations";1271;174;84;2,954;6,404;University of Chicago Press
Tourist Studies;7,3;"71.0%
43/151
Tourism, Leisure and Hospitality Management";603;83;90;1,492;0,833;SAGE
Journal of Food Products Marketing;7,3;"81.0%
75/404
Food Science";565;77;77;1,014;0,644;Taylor & Francis
Accounting in Europe;7,3;"85.0%
48/333
Finance";431;59;75;1,415;0,949;Taylor & Francis
Science and Engineering Ethics;7,3;"92.0%
29/376
Health (social science)";1616;220;77;1,902;0,961;Springer Nature
Journal of Financial and Quantitative Analysis;7,2;"85.0%
107/731
Economics and Econometrics";2979;413;77;2,345;4,465;Cambridge University Press
Asia Pacific Journal of Tourism Research;7,2;"89.0%
93/841
Geography, Planning and Development";2431;337;77;0,976;0,885;Taylor & Francis
International Journal of Innovation Science;7,2;"86.0%
47/344
General Engineering";1206;167;95;1,089;0,691;Emerald Publishing
European Management Review;7,2;"76.0%
106/451
Business and International Management";1405;194;83;1,646;1,142;John Wiley & Sons
International Journal of Emerging Markets;7,2;"82.0%
41/225
General Business, Management and Accounting";4637;641;90;1,18;0,739;Emerald Publishing
Forum Scientiae Oeconomia;7,2;"99.0%
14/1371
Cultural Studies";946;132;74;0,674;0,607;WSB University
Annals of Tourism Research Empirical Insights;7,1;"93.0%
94/1497
Sociology and Political Science";1025;145;79;1,31;0,918;Elsevier
Construction Management and Economics;7,1;"84.0%
38/239
Building and Construction";1552;218;86;1,392;0,909;Taylor & Francis
Journal of Marketing Management;7,1;"75.0%
122/496
Strategy and Management";1897;266;86;1,18;1,214;Taylor & Francis
Journal of Heritage Tourism;7,1;"99.0%
3/1850
History";1248;175;86;1,691;0,849;Taylor & Francis
Journal of Service Theory and Practice;7,1;"75.0%
123/496
Strategy and Management";1059;150;83;0,965;1,049;Emerald Publishing
Human Resource Development Review;7,1;"77.0%
52/234
Organizational Behavior and Human Resource Management";550;77;81;1,46;1,027;SAGE
Journal of Consumer Culture;7,1;"94.0%
33/630
Arts and Humanities (miscellaneous)";1233;174;84;1,867;1,54;SAGE
Journal of Economic Policy Reform;7,1;"94.0%
15/284
General Economics, Econometrics and Finance";647;91;89;1,632;0,793;Taylor & Francis
Business Ethics Quarterly;7;"98.0%
10/854
Philosophy";645;92;77;2,119;2,018;Cambridge University Press
Innovation and Management Review;7;"86.0%
28/208
Business, Management and Accounting (miscellaneous)";647;92;85;1,299;0,772;Emerald Publishing
International Journal of Quality and Reliability Management;7;"80.0%
45/225
General Business, Management and Accounting";2879;412;88;1,302;0,631;Emerald Publishing
Financial Accountability and Management;7;"94.0%
16/284
General Economics, Econometrics and Finance";850;121;81;1,721;0,855;John Wiley & Sons
Technology Analysis and Strategic Management;7;"75.0%
53/218
Management Science and Operations Research";4348;623;83;1,353;0,794;Taylor & Francis
Journal of Common Market Studies;6,9;"95.0%
35/738
Political Science and International Relations";2847;412;85;2,145;1,635;John Wiley & Sons
Organizational Dynamics;6,9;"93.0%
101/1497
Sociology and Political Science";1151;168;71;0,637;0,836;Elsevier
Journal of Personal Selling and Sales Management;6,9;"74.0%
115/451
Business and International Management";583;85;89;1,258;1,575;Taylor & Francis
Management Research Review;6,9;"79.0%
46/225
General Business, Management and Accounting";2243;323;79;1,405;0,908;Emerald Publishing
Journal of Accounting in Emerging Economies;6,9;"93.0%
100/1497
Sociology and Political Science";1046;152;85;1,493;0,7;Emerald Publishing
Journal of Facilities Management;6,9;"75.0%
112/451
Business and International Management";1065;154;92;1,253;0,616;Emerald Publishing
International Review of Retail, Distribution and Consumer Research;6,9;"84.0%
117/731
Economics and Econometrics";760;110;85;0,953;0,735;Taylor & Francis
International Journal of Managing Projects in Business;6,9;"75.0%
111/451
Business and International Management";1391;201;84;1,372;0,68;Emerald Publishing
European Journal of Futures Research;6,8;"94.0%
38/674
Social Sciences (miscellaneous)";499;73;79;1,359;1,014;Springer Nature
Journal of Public Budgeting, Accounting and Financial Management;6,8;"88.0%
28/242
Public Administration";1067;157;87;1,577;0,719;Emerald Publishing
Group Decision and Negotiation;6,8;"94.0%
16/285
General Social Sciences";1325;194;70;0,905;0,641;Springer Nature
International Journal of Operations Research and Information Systems;6,8;"85.0%
29/197
Computational Theory and Mathematics";82;12;75;0,317;0,19;IGI Global Publishing
Futures;6,8;"93.0%
102/1497
Sociology and Political Science";3774;551;81;1,611;1,12;Elsevier
Journal of Applied Structural Equation Modeling;6,8;"91.0%
16/175
Statistics, Probability and Uncertainty";272;40;53;1,604;0,784;Sarawak Research Society
European Journal of Training and Development;6,8;"90.0%
155/1620
Education";1251;183;86;1,733;0,872;Emerald Publishing
Contemporary Accounting Research;6,8;"83.0%
54/333
Finance";2357;347;76;2,55;3,069;John Wiley & Sons
Accounting Review;6,7;"83.0%
55/333
Finance";3093;461;74;2,762;4,045;American Accounting Association
Journal of Vinyl and Additive Technology;6,7;"75.0%
100/404
General Chemistry";2297;341;84;0,934;0,577;John Wiley & Sons
International Journal of Electronic Commerce;6,7;"83.0%
123/731
Economics and Econometrics";569;85;72;1,338;1,025;Taylor & Francis
Journal of Engineering and Technology Management - JET-M;6,7;"86.0%
9/61
Industrial Relations";869;130;76;1,305;0,856;Elsevier
International Economics;6,7;"93.0%
18/284
General Economics, Econometrics and Finance";1628;243;72;1,694;0,963;Elsevier
Journal of Family Business Management;6,7;"89.0%
28/260
Economics, Econometrics and Finance (miscellaneous)";1562;234;79;1,519;0,983;Emerald Publishing
Employee Relations;6,7;"84.0%
10/61
Industrial Relations";2237;336;78;1,402;1,007;Emerald Publishing
Journal of Corporate Real Estate;6,7;"83.0%
56/333
Finance";427;64;81;1,234;0,686;Emerald Publishing
AMS Review;6,6;"64.0%
76/215
Marketing";430;65;74;1,129;1,288;Springer Nature
Computer Law and Security Review;6,6;"96.0%
36/1105
Law";2399;366;82;2,788;1,085;Elsevier
Journal of International Entrepreneurship;6,5;"85.0%
31/208
Business, Management and Accounting (miscellaneous)";428;66;79;0,966;0,719;Springer Nature
International Journal of Entrepreneurship and Innovation;6,5;"73.0%
118/451
Business and International Management";567;87;84;0,841;0,618;SAGE
Clothing and Textiles Research Journal;6,5;"85.0%
30/208
Business, Management and Accounting (miscellaneous)";515;79;81;1,665;0,791;SAGE
Journal of Ecotourism;6,5;"86.0%
112/841
Geography, Planning and Development";601;92;88;1,246;0,682;Taylor & Francis
Journal of Tourism and Cultural Change;6,5;"98.0%
22/1371
Cultural Studies";1002;155;83;1,317;0,752;Taylor & Francis
Journal of Business Strategy;6,5;"73.0%
37/139
Management Information Systems";1008;156;77;1,073;0,907;Emerald Publishing
Career Development International;6,5;"94.0%
40/674
Social Sciences (miscellaneous)";1084;168;75;1,967;1,483;Emerald Publishing
Journal of Financial Services Marketing;6,5;"82.0%
58/333
Finance";1292;199;81;1,323;0,63;Springer Nature
International Journal of Leadership in Education;6,5;"94.0%
37/630
Arts and Humanities (miscellaneous)";1299;199;90;1,607;0,809;Taylor & Francis
Financial Management;6,5;"82.0%
59/333
Finance";771;119;76;2,179;3,226;John Wiley & Sons
European Journal of Tourism Research;6,5;"86.0%
113/841
Geography, Planning and Development";1133;175;76;1,072;0,651;International University College
Journal of Finance and Data Science;6,5;"93.0%
21/293
Statistics and Probability";452;70;70;1,574;0,883;KeAi Communications Co.
Operational Research;6,4;"90.0%
9/88
Numerical Analysis";2746;426;80;1,01;0,659;Springer Nature
Career Development and Transition for Exceptional Individuals;6,4;"89.0%
177/1620
Education";470;73;74;3,216;1,9;SAGE
Financial Analysts Journal;6,4;"81.0%
135/731
Economics and Econometrics";638;100;74;2,041;2,148;Taylor & Francis
Journal of Small Business and Enterprise Development;6,4;"84.0%
33/208
Business, Management and Accounting (miscellaneous)";1587;247;80;1,184;0,809;Emerald Publishing
Journal of Organizational Change Management;6,4;"74.0%
60/234
Organizational Behavior and Human Resource Management";1829;287;75;1,144;0,777;Emerald Publishing
Journal of Islamic Accounting and Business Research;6,4;"80.0%
36/182
Accounting";1668;262;91;1,295;0,424;Emerald Publishing
International Journal of Health Geographics;6,4;"84.0%
106/687
Public Health, Environmental and Occupational Health";807;126;85;1,095;0,953;Springer Nature
Transfer;6,4;"82.0%
11/61
Industrial Relations";607;95;87;1,9;1,191;SAGE
Journal of Civil Engineering and Management;6,4;"79.0%
83/407
Civil and Structural Engineering";1224;190;76;1,196;0,707;Vilnius Gediminas Technical University
International Journal of Information Systems and Project Management;6,4;"77.0%
43/190
Information Systems and Management";408;64;84;1,422;0,711;Universidade do Minho
Business Ethics, the Environment and Responsibility;6,4;"98.0%
11/854
Philosophy";1850;288;89;1,168;0,84;John Wiley & Sons
Information Technology and Management;6,3;"90.0%
52/535
Communication";491;78;83;1,207;0,643;Springer Nature
Journal of Macromarketing;6,3;"63.0%
78/215
Marketing";1173;185;77;1,262;1,134;SAGE
Information Society;6,3;"98.0%
23/1371
Cultural Studies";562;89;81;1,756;1,245;Taylor & Francis
Journal of Quality Technology;6,3;"79.0%
49/235
Safety, Risk, Reliability and Quality";793;126;77;2,002;1,068;Taylor & Francis
International Journal of Systems Science: Operations and Logistics;6,3;"77.0%
44/190
Information Systems and Management";1555;245;71;1,197;0,755;Taylor & Francis
Measuring Business Excellence;6,3;"76.0%
54/225
General Business, Management and Accounting";778;123;80;1,282;0,726;Emerald Publishing
Production Engineering Archives;6,3;"79.0%
48/235
Safety, Risk, Reliability and Quality";1217;193;88;1,022;0,457;Walter de Gruyter
Electricity Journal;6,3;"96.0%
39/1105
Law";1815;289;78;0,833;0,759;Elsevier
Italian Journal of Marketing;6,3;"63.0%
79/215
Marketing";487;77;83;1,163;0,71;Springer Nature
Journal of Asia Business Studies;6,2;"91.0%
24/284
General Economics, Econometrics and Finance";1429;232;75;1,05;0,701;Emerald Publishing
Journal of Global Responsibility;6,2;"73.0%
122/451
Business and International Management";571;92;83;1,177;0,732;Emerald Publishing
Asian Business and Management;6,2;"94.0%
43/738
Political Science and International Relations";1017;164;84;1;0,721;Springer Nature
Journal of Economic and Administrative Sciences;6,2;"83.0%
35/208
Business, Management and Accounting (miscellaneous)";1120;181;87;1,237;0,53;Emerald Publishing
OR Spectrum;6,1;"82.0%
36/208
Business, Management and Accounting (miscellaneous)";921;150;75;1,316;0,894;Springer Nature
Public Personnel Management;6,1;"85.0%
35/242
Public Administration";601;99;84;1,432;0,926;SAGE
Journal of Promotion Management;6,1;"62.0%
81/215
Marketing";1073;176;84;1,036;0,849;Taylor & Francis
Managing Sport and Leisure;6,1;"66.0%
51/151
Tourism, Leisure and Hospitality Management";971;158;91;1,141;0,596;Taylor & Francis
International Journal of Tourism Cities;6,1;"85.0%
126/841
Geography, Planning and Development";1518;247;81;1,297;0,681;Emerald Publishing
Asian Journal of Accounting Research;6,1;"79.0%
38/182
Accounting";553;90;83;1,744;0,585;Emerald Publishing
Brookings Papers on Economic Activity;6,1;"80.0%
143/731
Economics and Econometrics";268;44;80;3,585;3,884;Brookings Institution Press
Journal of Global Sport Management;6,1;"70.0%
147/496
Strategy and Management";862;142;89;1,246;0,682;Taylor & Francis
Management Learning;6,1;"70.0%
148/496
Strategy and Management";904;149;89;1,703;1,672;SAGE
Federal Reserve Bank of St. Louis Review;6,1;"72.0%
126/451
Business and International Management";399;65;55;1,496;0,654;Federal Reserve Bank of St.Louis
Management International Review;6,1;"71.0%
127/451
Business and International Management";689;113;80;1,134;1,184;Springer Nature
Accounting, Organizations and Society;6,1;"91.0%
123/1497
Sociology and Political Science";885;144;83;2,479;2,118;Elsevier
Fashion and Textiles;6,1;"98.0%
25/1371
Cultural Studies";1054;174;77;1,49;0,75;Springer Nature
Journal of Marketing Analytics;6,1;"88.0%
20/175
Statistics, Probability and Uncertainty";1068;175;81;1,494;0,787;Springer Nature
World Journal of Science, Technology and Sustainable Development;6,1;"81.0%
12/61
Industrial Relations";307;50;62;0,837;0,507;World Association for Sustainable Development
PSU Research Review;6,1;"93.0%
46/674
Social Sciences (miscellaneous)";551;91;82;2,461;0,581;Emerald Publishing
Kybernetes;6,1;"93.0%
45/674
Social Sciences (miscellaneous)";5075;833;86;1;0,606;Emerald Publishing
Governance;6;"91.0%
135/1497
Sociology and Political Science";1497;250;84;2,057;1,426;John Wiley & Sons
Cartography and Geographic Information Science;6;"84.0%
134/841
Geography, Planning and Development";869;145;88;1,308;0,538;Taylor & Francis
Sports Coaching Review;6;"92.0%
48/674
Social Sciences (miscellaneous)";398;66;82;1,444;1,191;Taylor & Francis
Journal of Consumer Marketing;6;"71.0%
130/451
Business and International Management";1497;251;80;1,019;0,967;Emerald Publishing
Business Perspectives and Research;6;"71.0%
129/451
Business and International Management";613;102;78;0,968;0,493;SAGE
Industrial and Corporate Change;6;"90.0%
28/284
General Economics, Econometrics and Finance";1613;270;79;1,569;1,28;Oxford University Press
Journal of Business Economics and Management;6;"81.0%
38/208
Business, Management and Accounting (miscellaneous)";1577;262;76;0,988;0,592;Vilnius Gediminas Technical University
Journal of Risk Research;6;"90.0%
27/285
General Social Sciences";2066;347;73;0,997;0,634;Taylor & Francis
International Journal of Industrial Engineering and Management;6;"81.0%
39/208
Business, Management and Accounting (miscellaneous)";579;97;82;1,115;0,595;University of Novi Sad
Educational Assessment, Evaluation and Accountability;6;"86.0%
212/1620
Education";528;88;90;1,82;1,138;Springer Nature
Operations and Supply Chain Management;6;"88.0%
21/175
Statistics, Probability and Uncertainty";1026;170;78;0,801;0,524;Operations and Supply Chain Management Forum
Journal of Organizational and End User Computing;5,9;"71.0%
275/947
Computer Science Applications";1447;245;69;0,932;0,514;IGI Global Publishing
Industry and Higher Education;5,9;"86.0%
221/1620
Education";1441;244;78;1,206;0,599;SAGE
Accounting Forum;5,9;"80.0%
67/333
Finance";509;87;90;1,755;0,923;Taylor & Francis
Journal of Sport Management;5,9;"87.0%
33/254
Physical Therapy, Sports Therapy and Rehabilitation";958;163;80;1,827;1,352;Human Kinetics Publishers Inc.
Work, Aging and Retirement;5,9;"90.0%
141/1497
Sociology and Political Science";669;114;85;1,413;1,248;Oxford University Press
Marketing Letters;5,9;"79.0%
148/731
Economics and Econometrics";1041;176;73;1,235;2,036;Springer Nature
Nonprofit Management and Leadership;5,9;"69.0%
154/496
Strategy and Management";871;148;77;1,649;1,208;John Wiley & Sons
Journal of Organizational Effectiveness;5,9;"72.0%
66/234
Organizational Behavior and Human Resource Management";856;144;83;1,466;0,877;Emerald Publishing
International Journal of Islamic and Middle Eastern Finance and Management;5,9;"80.0%
66/333
Finance";1401;236;75;1,437;0,525;Emerald Publishing
Journal of Healthcare Leadership;5,9;"91.0%
4/41
Leadership and Management";705;120;63;1,846;1,264;Dove Medical Press
Bulletin of Science, Technology and Society;5,8;"96.0%
10/239
History and Philosophy of Science";213;37;68;1,098;0,807;SAGE
Journal of Business and Technical Communication;5,8;"89.0%
59/535
Communication";450;78;85;1,276;1,047;SAGE
Quality Technology and Quantitative Management;5,8;"77.0%
14/61
Industrial Relations";898;156;86;2,102;1,018;Taylor & Francis
Journal of Enterprising Communities;5,8;"79.0%
150/731
Economics and Econometrics";1142;198;81;0,968;0,613;Emerald Publishing
Annals of Leisure Research;5,8;"98.0%
27/1371
Cultural Studies";804;138;84;1,318;0,661;Taylor & Francis
Vision;5,8;"70.0%
134/451
Business and International Management";1225;212;74;0,622;0,393;SAGE
Accounting and Finance;5,8;"85.0%
37/260
Economics, Econometrics and Finance (miscellaneous)";3908;674;69;1,269;0,895;John Wiley & Sons
Journal of Accounting and Organizational Change;5,8;"78.0%
40/182
Accounting";873;150;77;1,385;0,699;Emerald Publishing
International Journal of Mining, Reclamation and Environment;5,7;"84.0%
52/330
Geology";953;166;85;1,125;0,573;Taylor & Francis
South Asian Journal of Business Studies;5,7;"97.0%
32/1371
Cultural Studies";548;96;84;1,427;0,656;Emerald Publishing
Journal of Convention and Event Tourism;5,7;"63.0%
56/151
Tourism, Leisure and Hospitality Management";430;76;71;1,16;0,528;Taylor & Francis
Journal of Modelling in Management;5,7;"69.0%
67/218
Management Science and Operations Research";1488;261;79;0,886;0,541;Emerald Publishing
Qualitative Research in Financial Markets;5,7;"79.0%
70/333
Finance";776;136;85;1,379;0,571;Emerald Publishing
Advances in Production Engineering and Management;5,7;"79.0%
19/91
Nuclear and High Energy Physics";803;142;73;1,09;0,645;Production Engineering Institute
Architectural Engineering and Design Management;5,6;"92.0%
16/203
Architecture";1153;206;79;1,663;0,787;Taylor & Francis
International Journal of Wine Business Research;5,6;"73.0%
60/225
General Business, Management and Accounting";624;111;79;1,195;0,633;Emerald Publishing
European Journal of Industrial Relations;5,6;"71.0%
64/225
General Business, Management and Accounting";496;89;72;1,666;1,238;SAGE
Australian Journal of Management;5,6;"74.0%
59/225
General Business, Management and Accounting";717;127;80;1,068;0,733;SAGE
International Journal of Service Science, Management, Engineering, and Technology;5,6;"86.0%
27/200
";719;129;81;0,575;0,31;IGI Global Publishing
Administrative Sciences;5,6;"72.0%
62/225
General Business, Management and Accounting";5239;937;72;1,261;0,706;Multidisciplinary Digital Publishing Institute (MDPI)
Journal of Business Economics;5,6;"78.0%
159/731
Economics and Econometrics";961;172;83;0,966;0,667;Springer Nature
Journal of Advanced Transportation;5,5;"78.0%
160/731
Economics and Econometrics";7030;1268;80;0,887;0,579;John Wiley & Sons
Administration and Society;5,5;"88.0%
170/1497
Sociology and Political Science";1379;252;77;1,414;1,082;SAGE
Entrepreneurship Education and Pedagogy;5,5;"84.0%
258/1620
Education";699;128;74;1,003;0,578;SAGE
Journal of International Accounting, Auditing and Taxation;5,5;"78.0%
72/333
Finance";747;136;80;1,538;0,746;Elsevier
International Journal of Disclosure and Governance;5,5;"78.0%
73/333
Finance";706;129;75;1,106;0,59;Springer Nature
IMF Economic Review;5,5;"89.0%
31/284
General Economics, Econometrics and Finance";602;110;71;2,194;2,079;Springer Nature
International Journal of Digital Accounting Research;5,5;"78.0%
71/333
Finance";143;26;65;0,599;0,376;Rutgers University
Business Strategy and Development;5,5;"88.0%
32/284
General Economics, Econometrics and Finance";1741;319;72;1,154;0,827;John Wiley & Sons
Journal of Teaching in Travel and Tourism;5,5;"84.0%
255/1620
Education";536;97;69;1,009;0,472;Taylor & Francis
Revista de Psicologia del Trabajo y de las Organizaciones;5,5;"76.0%
75/313
Social Psychology";371;68;79;1,021;0,757;Colegio Oficial de Psicologos de Madrid
Futures and Foresight Science;5,5;"80.0%
41/208
Business, Management and Accounting (miscellaneous)";302;55;69;1,717;0,776;John Wiley & Sons
Multinational Business Review;5,5;"71.0%
65/225
General Business, Management and Accounting";520;94;80;1,107;1,086;Emerald Publishing
Journal of Social Marketing;5,5;"67.0%
100/305
Management of Technology and Innovation";630;115;80;0,876;0,792;Emerald Publishing
Journal of Digital Economy;5,5;"90.0%
62/674
Social Sciences (miscellaneous)";281;51;75;1,174;0,854;KeAi Communications Co.
International Journal of Enterprise Information Systems;5,4;"72.0%
53/190
Information Systems and Management";157;29;93;0,668;0,276;IGI Global Publishing
Journal of Co-operative Organization and Management;5,4;"68.0%
143/451
Business and International Management";391;72;88;1,251;0,749;Elsevier
Leisure Sciences;5,4;"88.0%
172/1497
Sociology and Political Science";1064;196;87;1,285;0,608;Taylor & Francis
International Journal of Public Administration;5,4;"80.0%
48/242
Public Administration";1950;364;81;1,199;0,725;Taylor & Francis
Journal of Advances in Management Research;5,4;"70.0%
67/225
General Business, Management and Accounting";663;122;77;0,957;0,526;Emerald Publishing
Entrepreneurship Research Journal;5,4;"67.0%
146/451
Business and International Management";803;150;86;1,328;0,891;Walter de Gruyter
Journal of Political Marketing;5,4;"88.0%
177/1497
Sociology and Political Science";356;66;76;1,124;0,624;Taylor & Francis
Journal of Economic Inequality;5,4;"88.0%
33/284
General Economics, Econometrics and Finance";837;155;69;1,775;1,294;Springer Nature
Journal of Contextual Behavioral Science;5,4;"83.0%
62/376
Health (social science)";1916;352;70;1,217;1,319;Elsevier
Economics and Sociology;5,4;"90.0%
65/674
Social Sciences (miscellaneous)";1478;275;79;0,843;0,468;Centre of Sociological Research
Tourism and Management Studies;5,4;"97.0%
37/1371
Cultural Studies";439;81;79;1,193;0,541;University of Algarve
Journal of Entrepreneurship, Management and Innovation;5,4;"68.0%
142/451
Business and International Management";560;103;88;0,779;0,446;Cognitione Foundation for the Dissemination of Knowledge and Science
Baltic Journal of Management;5,4;"68.0%
74/234
Organizational Behavior and Human Resource Management";923;170;76;0,92;0,752;Emerald Publishing
Australasian Journal of Information Systems;5,4;"79.0%
44/208
Business, Management and Accounting (miscellaneous)";503;94;72;0,766;0,796;Australasian Association for Information Systems
Journal of Management Education;5,3;"83.0%
267/1620
Education";662;125;82;1,532;0,765;SAGE
Journal of White Collar and Corporate Crime;5,3;"94.0%
61/1105
Law";147;28;79;1,285;0,418;SAGE
Administrative Theory and Praxis;5,3;"87.0%
188/1497
Sociology and Political Science";474;90;87;0,971;0,621;Taylor & Francis
New England Journal of Entrepreneurship;5,3;"79.0%
49/242
Public Administration";176;33;97;0,919;0,437;Emerald Publishing
Gender in Management;5,3;"91.0%
20/227
Gender Studies";1231;233;88;1,309;0,844;Emerald Publishing
Voluntas;5,3;"87.0%
184/1497
Sociology and Political Science";2042;385;77;1,488;0,878;Springer Nature
International Journal of Market Research;5,3;"77.0%
164/731
Economics and Econometrics";903;169;77;1,111;0,88;Market Research Society
Consumer Behavior in Tourism and Hospitality;5,3;"80.0%
164/841
Geography, Planning and Development";893;170;78;0,946;0,683;Emerald Publishing
Digital Policy, Regulation and Governance;5,3;"71.0%
55/190
Information Systems and Management";716;136;79;0,931;0,528;Emerald Publishing
Journal of Tourism, Heritage and Services Marketing;5,3;"80.0%
162/841
Geography, Planning and Development";253;48;67;0,889;0,395;International Hellenic University
Health Care Management Review;5,2;"86.0%
6/41
Leadership and Management";824;158;79;1,193;1,128;Wolters Kluwer Health
European Financial Management;5,2;"86.0%
40/284
General Economics, Econometrics and Finance";1041;202;70;1,529;1,136;John Wiley & Sons
Information and Computer Security;5,2;"70.0%
56/190
Information Systems and Management";709;137;82;1,063;0,485;Emerald Publishing
International Journal of Energy Sector Management;5,2;"65.0%
172/496
Strategy and Management";1505;288;81;0,907;0,57;Emerald Publishing
Leisure Studies;5,2;"79.0%
171/841
Geography, Planning and Development";1186;230;85;1,533;0,79;Taylor & Francis
Knowledge Management and E-Learning;5,2;"82.0%
277/1620
Education";691;133;71;1,219;0,66;University of Hong Kong
Public Money and Management;5,2;"87.0%
193/1497
Sociology and Political Science";2014;385;90;1,043;0,642;Taylor & Francis
Intereconomics;5,2;"82.0%
45/260
Economics, Econometrics and Finance (miscellaneous)";972;187;71;1,102;0,604;Walter de Gruyter
Managerial Auditing Journal;5,2;"86.0%
39/284
General Economics, Econometrics and Finance";828;160;82;1,213;0,605;Emerald Publishing
Qualitative Research in Organizations and Management;5,2;"87.0%
37/284
General Economics, Econometrics and Finance";523;100;76;1,063;0,675;Emerald Publishing
Journal of Global Scholars of Marketing Science: Bridging Asia and the World;5,1;"90.0%
63/630
Arts and Humanities (miscellaneous)";694;135;78;0,714;0,54;Taylor & Francis
Qualitative Research in Accounting and Management;5,1;"74.0%
47/182
Accounting";525;102;83;1,094;0,814;Emerald Publishing
Review of Behavioral Finance;5,1;"77.0%
77/333
Finance";882;174;68;1,121;0,467;Emerald Publishing
International Journal of Educational Management;5,1;"82.0%
286/1620
Education";1918;375;75;1,257;0,68;Emerald Publishing
Journal of Communication Management;5,1;"86.0%
73/535
Communication";582;114;75;1,37;0,676;Emerald Publishing
Journal of the Association for Consumer Research;5,1;"75.0%
178/731
Economics and Econometrics";815;161;94;0,732;1,691;University of Chicago Press
Asia Pacific Business Review;5,1;"66.0%
153/451
Business and International Management";870;171;86;0,819;0,558;Taylor & Francis
Management in Education;5,1;"82.0%
284/1620
Education";380;74;77;1,058;0,475;SAGE
Public Performance and Management Review;5,1;"77.0%
56/242
Public Administration";1128;221;82;1,339;0,969;Taylor & Francis
Engineering Economics;5,1;"77.0%
61/264
Engineering (miscellaneous)";804;158;78;0,552;0,433;Kauno Technologijos Universitetas
Geneva Papers on Risk and Insurance: Issues and Practice;5,1;"77.0%
76/333
Finance";648;126;75;1,232;0,597;Springer Nature
Journal of Policy Analysis and Management;5;"85.0%
215/1497
Sociology and Political Science";926;186;67;1,562;2,398;John Wiley & Sons
Journal of Management Control;5;"71.0%
52/182
Accounting";332;66;73;1,024;0,777;Physica-Verlag
Journal of Business Finance and Accounting;5;"76.0%
49/208
Business, Management and Accounting (miscellaneous)";1314;261;74;1,832;1,263;John Wiley & Sons
Management and Organization Review;5;"65.0%
156/451
Business and International Management";851;171;71;1,001;0,925;Cambridge University Press
Journal of Conflict Resolution;5;"90.0%
71/738
Political Science and International Relations";1417;281;82;2,133;2,138;SAGE
International Public Management Journal;5;"75.0%
59/242
Public Administration";903;180;83;1,564;1,174;Taylor & Francis
Journal of Quality in Maintenance Engineering;5;"73.0%
63/235
Safety, Risk, Reliability and Quality";718;145;80;1,108;0,567;Emerald Publishing
Corporate Communications;5;"76.0%
15/61
Industrial Relations";1038;207;77;1,122;0,715;Emerald Publishing
International Journal of Sports Marketing and Sponsorship;5;"75.0%
81/333
Finance";1011;201;78;1,181;0,757;Emerald Publishing
Journal of Sport and Tourism;5;"57.0%
64/151
Tourism, Leisure and Hospitality Management";345;69;74;1,292;0,613;Taylor & Francis
Action Research;5;"85.0%
218/1497
Sociology and Political Science";491;99;95;1,698;0,711;SAGE
Economic and Industrial Democracy;5;"67.0%
74/225
General Business, Management and Accounting";1258;250;85;1,606;1,106;SAGE
Pacific Asia Journal of the Association for Information Systems;5;"70.0%
57/190
Information Systems and Management";416;83;71;0,775;0,512;Association for Information Systems
International Journal of Intercultural Relations;5;"85.0%
216/1497
Sociology and Political Science";2557;515;73;1,51;1,047;Elsevier
Journal of Contemporary Accounting and Economics;5;"70.0%
54/182
Accounting";545;109;75;1,165;0,729;Elsevier
Risks;5;"82.0%
46/260
Economics, Econometrics and Finance (miscellaneous)";4399;876;71;0,966;0,397;Multidisciplinary Digital Publishing Institute (MDPI)
Journal of Risk and Financial Management;5;"77.0%
48/208
Business, Management and Accounting (miscellaneous)";11671;2312;71;0,906;0,48;Multidisciplinary Digital Publishing Institute (MDPI)
Journal of Industrial Engineering and Management;5;"71.0%
115/402
Industrial and Manufacturing Engineering";770;155;73;0,875;0,481;OmniaScience
Journal of Industrial Relations;4,9;"74.0%
16/61
Industrial Relations";668;137;68;1,565;0,946;SAGE
Public Relations Inquiry;4,9;"94.0%
67/1212
Linguistics and Language";328;67;82;1,223;0,561;SAGE
Journal of Leisure Research;4,9;"85.0%
221/1497
Sociology and Political Science";616;126;87;1,277;0,754;Taylor & Francis
International Journal of Conflict Management;4,9;"84.0%
81/535
Communication";803;165;77;1,13;0,876;Emerald Publishing
Worldwide Hospitality and Tourism Themes;4,9;"79.0%
64/309
Development";1278;263;76;0,733;0,438;Emerald Publishing
Review of Corporate Finance Studies;4,9;"74.0%
85/333
Finance";440;90;76;1,598;4,122;Oxford University Press
IEEE Engineering Management Review;4,9;"69.0%
300/970
Electrical and Electronic Engineering";1392;284;75;0,852;0,473;IEEE
Consumption Markets and Culture;4,9;"95.0%
25/524
Anthropology";608;123;79;1,003;0,898;Taylor & Francis
Leadership;4,9;"84.0%
225/1497
Sociology and Political Science";619;127;79;1,431;0,953;SAGE
World Bank Economic Review;4,9;"79.0%
63/309
Development";786;161;73;1,671;2,11;Oxford University Press
Cogent Business and Management;4,9;"76.0%
50/208
Business, Management and Accounting (miscellaneous)";10257;2075;71;1,162;0,596;Cogent OA
Review of Accounting and Finance;4,9;"74.0%
84/333
Finance";461;94;80;0,562;0,513;Emerald Publishing
Transnational Corporations Review;4,8;"78.0%
68/309
Development";644;135;74;0,846;0,435;Elsevier
Accounting Research Journal;4,8;"73.0%
88/333
Finance";655;137;72;0,957;0,469;Emerald Publishing
Journal of Indian Business Research;4,8;"66.0%
76/225
General Business, Management and Accounting";408;85;65;0,873;0,553;Emerald Publishing
Asian Journal of Technology Innovation;4,8;"73.0%
192/731
Economics and Econometrics";531;111;77;1,275;0,663;Taylor & Francis
Thunderbird International Business Review;4,8;"89.0%
76/738
Political Science and International Relations";792;165;80;0,69;0,562;John Wiley & Sons
International Labour Review;4,8;"63.0%
85/234
Organizational Behavior and Human Resource Management";580;120;68;1,189;0,728;John Wiley & Sons
IMA Journal of Management Mathematics;4,8;"92.0%
30/414
General Mathematics";545;113;76;1,271;0,622;Oxford University Press
Innovation: The European Journal of Social Science Research;4,8;"96.0%
45/1371
Cultural Studies";847;177;81;1,038;0,577;Taylor & Francis
International Journal of Business Intelligence Research;4,8;"82.0%
31/175
Statistics, Probability and Uncertainty";81;17;76;0,645;0,352;IGI Global Publishing
Cuadernos de Gestion;4,8;"80.0%
50/260
Economics, Econometrics and Finance (miscellaneous)";344;72;78;0,804;0,419;Institute of Applied Business Economics
Journal of Information Systems;4,7;"68.0%
60/190
Information Systems and Management";491;105;76;0,901;0,733;American Accounting Association
American Review of Public Administration;4,7;"84.0%
238/1497
Sociology and Political Science";683;145;69;1,25;1,101;SAGE
EURO Journal on Decision Processes;4,7;"86.0%
40/293
Statistics and Probability";178;38;74;0,884;0,595;Elsevier
Journal of China Tourism Research;4,7;"96.0%
46/1371
Cultural Studies";812;174;79;0,913;0,558;Taylor & Francis
International Journal of Sport Policy and Politics;4,7;"88.0%
80/674
Social Sciences (miscellaneous)";776;165;76;1,523;0,941;Taylor & Francis
Small Enterprise Research;4,7;"80.0%
52/260
Economics, Econometrics and Finance (miscellaneous)";315;67;78;0,675;0,62;Taylor & Francis
Social Enterprise Journal;4,7;"83.0%
245/1497
Sociology and Political Science";584;125;74;1,105;0,732;Emerald Publishing
Data Base for Advances in Information Systems;4,7;"64.0%
181/507
Computer Networks and Communications";462;98;62;1,138;0,872;Association for Computing Machinery
International Journal of System Assurance Engineering and Management;4,7;"70.0%
70/235
Safety, Risk, Reliability and Quality";5392;1140;71;0,776;0,377;Springer Nature
Journal of Emerging Technologies in Accounting;4,6;"67.0%
60/182
Accounting";491;106;80;0,75;0,642;American Accounting Association
Journal of Multi-Criteria Decision Analysis;4,6;"60.0%
195/496
Strategy and Management";398;86;73;1,02;0,581;John Wiley & Sons
International Journal of Selection and Assessment;4,6;"69.0%
68/218
General Psychology";691;151;79;1,217;1,34;John Wiley & Sons
Industrial and Commercial Training;4,6;"79.0%
330/1620
Education";529;114;77;1,383;0,575;Emerald Publishing
Learning Organization;4,6;"79.0%
334/1620
Education";762;166;89;1,114;0,462;Emerald Publishing
Journal of Civil Engineering Education;4,6;"71.0%
18/61
Industrial Relations";391;85;76;1,414;0,646;American Society of Civil Engineers
Social and Environmental Accountability Journal;4,6;"66.0%
61/182
Accounting";202;44;86;0,5;0,448;Taylor & Francis
Journal of Management Development;4,6;"73.0%
56/208
Business, Management and Accounting (miscellaneous)";637;140;69;1,163;0,674;Emerald Publishing
Qubahan Academic Journal;4,6;"79.0%
337/1620
Education";1158;254;43;1,41;0,514;Qubahan
Journal of Data, Information and Management;4,6;"73.0%
55/208
Business, Management and Accounting (miscellaneous)";443;97;70;0,782;0,419;Springer Nature
She Ji;4,6;"98.0%
11/676
Visual Arts and Performing Arts";398;87;70;1,613;0,681;Tongji University Press
International Journal of e-Business Research;4,5;"61.0%
369/947
Computer Science Applications";275;61;77;0,825;0,394;IGI Global Publishing
Accounting Horizons;4,5;"66.0%
62/182
Accounting";712;157;76;1,49;1,333;American Accounting Association
Auditing;4,5;"71.0%
210/731
Economics and Econometrics";564;125;77;2,088;2,08;American Accounting Association
Journal of Forecasting;4,5;"82.0%
32/175
Statistics, Probability and Uncertainty";2010;443;66;1,094;0,701;John Wiley & Sons
British Journal of Industrial Relations;4,5;"64.0%
80/225
General Business, Management and Accounting";640;142;76;1,407;1,375;John Wiley & Sons
Journal of Risk and Insurance;4,5;"71.0%
211/731
Economics and Econometrics";594;132;86;1,68;1,31;John Wiley & Sons
American Journal of Evaluation;4,5;"82.0%
257/1497
Sociology and Political Science";601;134;81;1,511;0,817;SAGE
EMJ - Engineering Management Journal;4,5;"73.0%
90/344
General Engineering";517;114;78;0,928;0,479;Taylor & Francis
Critical Perspectives on International Business;4,5;"72.0%
57/208
Business, Management and Accounting (miscellaneous)";485;107;74;1,066;0,722;Emerald Publishing
Chinese Management Studies;4,5;"63.0%
82/225
General Business, Management and Accounting";1137;255;80;0,815;0,643;Emerald Publishing
Maritime Business Review;4,5;"62.0%
169/451
Business and International Management";351;78;83;0,851;0,587;Emerald Publishing
Revista de Gestao;4,5;"62.0%
168/451
Business and International Management";439;97;76;0,742;0,54;Emerald Publishing
Journal of Research in Marketing and Entrepreneurship;4,5;"62.0%
171/451
Business and International Management";385;86;81;0,842;0,548;Emerald Publishing
School Leadership and Management;4,5;"87.0%
79/630
Arts and Humanities (miscellaneous)";473;104;80;1,454;0,876;Brill
Corporate Reputation Review;4,5;"63.0%
167/451
Business and International Management";349;77;78;1,058;0,641;Springer Nature
Journal of Trust Research;4,5;"82.0%
262/1497
Sociology and Political Science";156;35;94;1,641;0,84;Taylor & Francis
Australasian Accounting, Business and Finance Journal;4,5;"71.0%
97/333
Finance";901;200;89;0,72;0,417;University of Wollongong
European Business Organization Law Review;4,5;"92.0%
84/1105
Law";531;117;60;1,658;0,867;Springer Nature
Team Performance Management;4,5;"60.0%
121/305
Management of Technology and Innovation";374;84;83;1,112;0,557;Emerald Publishing
Mathematical Finance;4,4;"85.0%
95/674
Social Sciences (miscellaneous)";592;136;77;1,758;1,327;John Wiley & Sons
Business and Human Rights Journal;4,4;"91.0%
91/1105
Law";634;143;69;1,221;0,79;Cambridge University Press
Journal of Economic Behavior and Organization;4,4;"70.0%
214/731
Economics and Econometrics";7297;1655;70;1,306;1,437;Elsevier
Human Performance;4,4;"68.0%
70/218
General Psychology";240;54;69;0,888;0,96;Taylor & Francis
International Journal of Heritage Studies;4,4;"99.0%
16/1850
History";1430;326;71;1,846;0,802;Taylor & Francis
Journal of Managerial Psychology;4,4;"66.0%
105/313
Social Psychology";773;177;75;0,971;1,135;Emerald Publishing
Cross Cultural and Strategic Management;4,4;"96.0%
53/1371
Cultural Studies";546;124;76;0,87;0,707;Emerald Publishing
Sport, Business and Management: An International Journal;4,4;"61.0%
174/451
Business and International Management";345;79;76;0,828;0,576;Emerald Publishing
Triple Helix;4,4;"78.0%
57/260
Economics, Econometrics and Finance (miscellaneous)";229;52;71;0,834;0,404;Brill
Place Branding and Public Diplomacy;4,4;"58.0%
206/496
Strategy and Management";744;171;74;1,463;0,617;Springer Nature
Journal of Real Estate Finance and Economics;4,4;"78.0%
61/288
Urban Studies";871;196;79;1,171;0,729;Springer Nature
Journal of Accounting and Public Policy;4,4;"82.0%
266/1497
Sociology and Political Science";1059;240;66;1,604;1,081;Elsevier
Asian Journal of Business Ethics;4,4;"96.0%
31/854
Philosophy";399;90;66;1,129;0,532;Springer Nature
i-com;4,4;"83.0%
91/535
Communication";411;93;75;0,772;0,376;Walter de Gruyter
Systems Research and Behavioral Science;4,3;"82.0%
50/285
General Social Sciences";1108;256;82;1,019;0,465;John Wiley & Sons
World Economy;4,3;"86.0%
100/738
Political Science and International Relations";2490;575;69;1,256;0,803;John Wiley & Sons
Management Communication Quarterly;4,3;"82.0%
95/535
Communication";533;124;81;1,594;1,185;SAGE
Asian Review of Accounting;4,3;"68.0%
105/333
Finance";558;130;77;1,114;0,456;Emerald Publishing
Accounting and Business Research;4,3;"61.0%
71/182
Accounting";548;128;80;1,212;0,852;Taylor & Francis
Journal of Psychology;4,3;"77.0%
373/1620
Education";536;126;78;1,009;0,929;Taylor & Francis
Journal of International Food and Agribusiness Marketing;4,3;"62.0%
151/404
Food Science";531;123;79;0,778;0,396;Taylor & Francis
Contemporary Economics;4,3;"85.0%
98/674
Social Sciences (miscellaneous)";505;117;67;0,72;0,443;University of Economics and Human Sciences, Warsaw
World Journal of Entrepreneurship, Management and Sustainable Development;4,3;"95.0%
56/1371
Cultural Studies";462;108;59;0,544;0,362;World Association for Sustainable Development
Research in Organizational Behavior;4,3;"67.0%
56/169
Experimental and Cognitive Psychology";146;34;71;1,524;2,416;Emerald Publishing
International Journal of Health Governance;4,3;"85.0%
18/117
Paleontology";512;119;72;0,618;0,476;Emerald Publishing
Management and Sustainability;4,3;"70.0%
62/208
Business, Management and Accounting (miscellaneous)";211;49;82;0,47;0,332;Emerald Publishing
International Review on Public and Nonprofit Marketing;4,3;"69.0%
223/731
Economics and Econometrics";617;145;79;1,024;0,613;Springer Nature
Information Resources Management Journal;4,2;"78.0%
63/287
Library and Information Sciences";266;63;67;0,398;0,263;IGI Global Publishing
System Dynamics Review;4,2;"83.0%
110/674
Social Sciences (miscellaneous)";322;77;78;1,542;0,804;John Wiley & Sons
International Journal of Cross Cultural Management;4,2;"95.0%
58/1371
Cultural Studies";414;98;74;1,132;0,743;SAGE
Foundations and Trends in Entrepreneurship;4,2;"69.0%
227/731
Economics and Econometrics";114;27;74;0,922;1,03;Now Publishers Inc
Brazilian Journal of Operations and Production Management;4,2;"65.0%
137/402
Industrial and Manufacturing Engineering";532;128;73;0,55;0,367;Associacao Brasileira de Engenharia de Producao
Enlightening Tourism;4,2;"51.0%
73/151
Tourism, Leisure and Hospitality Management";243;58;69;0,346;0,269;Universidad de Huelva
Scandinavian Journal of Management;4,2;"59.0%
104/256
Applied Psychology";432;102;72;1,059;1,11;Elsevier
Humanities and Social Sciences Communications;4,2;"99.0%
2/176
General Arts and Humanities";14131;3327;60;1,443;0,81;Springer Nature
International Journal of Auditing;4,1;"80.0%
57/284
General Economics, Econometrics and Finance";517;127;73;1,209;0,573;John Wiley & Sons
Journal of Contingencies and Crisis Management;4,1;"58.0%
58/139
Management Information Systems";1234;301;60;1,187;0,658;John Wiley & Sons
Economic Inquiry;4,1;"67.0%
238/731
Economics and Econometrics";1252;306;58;1,332;1,122;John Wiley & Sons
Social Marketing Quarterly;4,1;"67.0%
239/731
Economics and Econometrics";282;69;74;0,701;0,608;SAGE
Journal of Accounting, Auditing and Finance;4,1;"76.0%
62/260
Economics, Econometrics and Finance (miscellaneous)";645;157;87;1,002;0,631;SAGE
International Journal of Managerial Finance;4,1;"68.0%
65/208
Business, Management and Accounting (miscellaneous)";684;167;69;0,98;0,526;Emerald Publishing
Journal of Entrepreneurship and Public Policy;4,1;"77.0%
65/288
Urban Studies";339;83;72;0,95;0,592;Emerald Publishing
Pacific Accounting Review;4,1;"67.0%
110/333
Finance";525;127;83;0,74;0,48;Emerald Publishing
Journal of Property Investment and Finance;4,1;"79.0%
59/284
General Economics, Econometrics and Finance";563;139;71;1,122;0,524;Emerald Publishing
Journal of Global Mobility;4,1;"59.0%
183/451
Business and International Management";434;105;74;0,914;0,759;Emerald Publishing
ACM Transactions on Economics and Computation;4,1;"82.0%
52/293
Statistics and Probability";255;62;65;1,244;0,708;Association for Computing Machinery
Career Development Quarterly;4,1;"63.0%
81/218
General Psychology";410;100;74;1,2;0,707;John Wiley & Sons
Journal of Consumer Policy;4,1;"69.0%
64/208
Business, Management and Accounting (miscellaneous)";373;91;75;1,079;0,598;Springer Nature
Journal of Systems and Information Technology;4,1;"59.0%
57/139
Management Information Systems";325;79;75;0,841;0,558;Emerald Publishing
Managerial Finance;4,1;"66.0%
111/333
Finance";1519;368;67;0,932;0,546;Emerald Publishing
Technological Sustainability;4,1;"58.0%
127/305
Management of Technology and Innovation";246;60;78;1,016;0,531;Emerald Publishing
ECONOMICS - Innovative and Economics Research Journal;4,1;"80.0%
56/284
General Economics, Econometrics and Finance";523;127;70;1,062;0,438;Walter de Gruyter
China Journal of Accounting Research;4,1;"66.0%
112/333
Finance";473;115;82;1,015;0,804;Sun Yat-sen (Zhongshan) University
International Journal of Stress Management;4;"80.0%
131/668
General Medicine";487;123;75;0,838;0,963;American Psychological Association
Industrial Relations;4;"68.0%
20/61
Industrial Relations";275;68;74;1,317;0,931;John Wiley & Sons
Abacus;4;"57.0%
77/182
Accounting";426;107;60;1,148;0,484;John Wiley & Sons
Labour Economics;4;"66.0%
242/731
Economics and Econometrics";1933;478;71;1,604;1,879;Elsevier
Sustainable Futures;4;"79.0%
303/1497
Sociology and Political Science";1401;349;62;1,389;0,923;Elsevier
Journal of Media Business Studies;4;"81.0%
102/535
Communication";255;64;72;1,043;0,552;Taylor & Francis
Quality Management Journal;4;"61.0%
87/225
General Business, Management and Accounting";240;60;75;0,879;0,499;Taylor & Francis
Qualitative Market Research;4;"49.0%
109/215
Marketing";538;136;76;0,779;0,579;Emerald Publishing
Journal of Enabling Technologies;4;"76.0%
39/165
Rehabilitation";258;65;62;0,675;0,371;Emerald Publishing
Journal of Information Technology Management;4;"66.0%
64/190
Information Systems and Management";1083;274;64;0,503;0,197;University of Tehran
4OR;4;"69.0%
60/197
Computational Theory and Mathematics";394;99;75;1,312;0,749;Springer Nature
Central European Management Journal;4;"84.0%
115/738
Political Science and International Relations";467;118;64;0,705;0,459;Emerald Publishing
International Journal of Business Science and Applied Management;4;"58.0%
187/451
Business and International Management";191;48;77;0,548;0,399;International Journal of Business Science and Applied Management
Journal of Futures Markets;3,9;"65.0%
256/731
Economics and Econometrics";1282;329;69;1,083;0,632;John Wiley & Sons
Journal of Electronic Commerce in Organizations;3,9;"59.0%
207/507
Computer Networks and Communications";198;51;86;0,373;0,279;IGI Global Publishing
Public Organization Review;3,9;"90.0%
111/1105
Law";1022;262;64;0,743;0,457;Springer Nature
International Journal of Knowledge Management;3,9;"57.0%
60/139
Management Information Systems";335;85;68;0,728;0,404;IGI Global Publishing
Service Science;3,9;"66.0%
123/361
Modeling and Simulation";270;70;71;0,689;0,859;INFORMS Institute for Operations Research and the Management Sciences
Real Estate Economics;3,9;"64.0%
257/731
Economics and Econometrics";814;209;72;1,368;1,116;John Wiley & Sons
Journal of Accounting Education;3,9;"73.0%
425/1620
Education";365;94;72;1,296;0,437;Elsevier
International Journal of Law and Management;3,9;"89.0%
113/1105
Law";518;134;69;0,909;0,382;Emerald Publishing
Journal of Entrepreneurship;3,9;"65.0%
255/731
Economics and Econometrics";376;96;67;0,75;0,609;SAGE
Museum Management and Curatorship;3,9;"97.0%
18/676
Visual Arts and Performing Arts";576;147;76;1,493;0,555;Taylor & Francis
Journal of Nonprofit and Public Sector Marketing;3,9;"49.0%
110/215
Marketing";383;98;78;1,094;0,583;Taylor & Francis
Journal of Human Resources in Hospitality and Tourism;3,9;"56.0%
103/234
Organizational Behavior and Human Resource Management";442;113;77;0,831;0,547;Taylor & Francis
Engineering Management in Production and Services;3,9;"64.0%
142/402
Industrial and Manufacturing Engineering";557;144;76;0,639;0,414;Walter de Gruyter
International Journal of Event and Festival Management;3,9;"60.0%
90/225
General Business, Management and Accounting";441;113;72;0,893;0,58;Emerald Publishing
Construction Economics and Building;3,9;"65.0%
82/239
Building and Construction";337;86;57;1,041;0,43;Australian Institute of Quantity Surveyors
Managerial and Decision Economics;3,8;"57.0%
192/451
Business and International Management";4121;1077;70;0,796;0,617;John Wiley & Sons
Business and Society Review;3,8;"78.0%
325/1497
Sociology and Political Science";467;123;65;0,729;0,486;John Wiley & Sons
Leadership and Policy in Schools;3,8;"73.0%
429/1620
Education";785;204;83;1,256;0,714;Taylor & Francis
Journal of Education and Work;3,8;"73.0%
436/1620
Education";668;175;75;1,147;0,642;Brill
Coaching;3,8;"58.0%
152/367
Developmental and Educational Psychology";226;60;75;1,006;0,522;Taylor & Francis
International Journal of Spa and Wellness;3,8;"49.0%
77/151
Tourism, Leisure and Hospitality Management";268;71;73;0,55;0,379;Taylor & Francis
South Asian Journal of Human Resources Management;3,8;"54.0%
108/234
Organizational Behavior and Human Resource Management";214;57;77;0,766;0,44;SAGE
International Journal of Crowd Science;3,8;"75.0%
8/30
Decision Sciences (miscellaneous)";352;93;68;0,655;0,407;Tsinghua University Press
Business, Management and Economics Engineering;3,8;"73.0%
69/260
Economics, Econometrics and Finance (miscellaneous)";304;80;69;0,608;0,341;Vilnius Gediminas Technical University
International Journal of Production Management and Engineering;3,8;"64.0%
144/402
Industrial and Manufacturing Engineering";231;61;75;1,03;0,411;Universidad Politecnica de Valencia
International Journal of Applied Ceramic Technology;3,8;"53.0%
206/443
Condensed Matter Physics";4595;1215;78;0,689;0,423;John Wiley & Sons
Employee Responsibilities and Rights Journal;3,8;"56.0%
22/49
Human Factors and Ergonomics";362;96;74;0,932;0,564;Springer Nature
Financial Markets and Portfolio Management;3,8;"62.0%
124/333
Finance";244;65;58;0,949;0,423;Springer Nature
Frontiers in Sports and Active Living;3,8;"90.0%
48/524
Anthropology";6631;1750;66;1,085;0,864;Frontiers Media S.A.
Journal of ICT Standardization;3,8;"64.0%
68/190
Information Systems and Management";332;87;60;0,61;0,352;River Publishers
Schmalenbach Journal of Business Research;3,8;"77.0%
65/284
General Economics, Econometrics and Finance";285;75;68;0,766;0,524;Springer Nature
Management Systems in Production Engineering;3,8;"64.0%
143/402
Industrial and Manufacturing Engineering";750;196;72;0,673;0,298;Walter de Gruyter
International Journal of Information System Modeling and Design;3,7;"56.0%
207/474
Information Systems";220;60;55;0,445;0,214;IGI Global Publishing
Journal of Behavioral Decision Making;3,7;"82.0%
108/630
Arts and Humanities (miscellaneous)";767;207;67;1,105;1,064;John Wiley & Sons
Research Journal of Textile and Apparel;3,7;"63.0%
148/402
Industrial and Manufacturing Engineering";571;154;82;1,139;0,374;Emerald Publishing
Journal of Agricultural and Food Industrial Organization;3,7;"63.0%
269/731
Economics and Econometrics";186;50;64;0,896;0,359;Walter de Gruyter
Business: Theory and Practice;3,7;"52.0%
235/496
Strategy and Management";750;204;63;0,653;0,318;Vilnius Gediminas Technical University
International Food and Agribusiness Management Review;3,7;"56.0%
176/404
Food Science";673;182;71;0,752;0,426;Wageningen Academic Publishers
American Health and Drug Benefits;3,7;"61.0%
125/320
Health Policy";74;20;65;0,722;0,303;Engage Healthcare Communications, Inc.
Journal of Evolutionary Economics;3,7;"62.0%
272/731
Economics and Econometrics";646;176;77;0,869;0,654;Springer Nature
Journal of Global Optimization;3,7;"74.0%
170/665
Applied Mathematics";1764;479;70;1,461;0,807;Springer Nature
Tourism and Hospitality;3,7;"80.0%
133/674
Social Sciences (miscellaneous)";745;201;61;0,905;0,449;Multidisciplinary Digital Publishing Institute (MDPI)
Journal of Advertising Research;3,7;"79.0%
112/535
Communication";396;106;68;0,716;0,825;The Advertising Research Foundation
Work Organisation, Labour and Globalisation;3,7;"64.0%
22/61
Industrial Relations";197;53;64;0,729;0,432;Pluto Journals
Agricultural Finance Review;3,7;"74.0%
60/231
Agricultural and Biological Sciences (miscellaneous)";498;135;75;0,87;0,545;Emerald Publishing
Disaster Prevention and Management;3,7;"68.0%
120/376
Health (social science)";594;162;65;0,98;0,554;Emerald Publishing
Journal of Innovation Economics and Management;3,7;"63.0%
267/731
Economics and Econometrics";355;95;76;0,607;0,425;De Boeck
Geojournal of Tourism and Geosites;3,7;"94.0%
75/1371
Cultural Studies";2862;783;75;0,664;0,296;Editura Universitatii din Oradea
Journal of Personnel Psychology;3,6;"53.0%
110/234
Organizational Behavior and Human Resource Management";288;79;73;1,053;0,952;Hogrefe Publishing
Contemporary Economic Policy;3,6;"65.0%
83/242
Public Administration";562;155;68;1,029;0,599;John Wiley & Sons
Journal of Education for Business;3,6;"70.0%
485/1620
Education";838;235;68;0,811;0,436;Taylor & Francis
Journal of Place Management and Development;3,6;"74.0%
74/288
Urban Studies";366;103;81;0,772;0,435;Emerald Publishing
Journal of Cultural Heritage Management and Sustainable Development;3,6;"90.0%
10/103
Conservation";642;179;78;1,03;0,398;Emerald Publishing
Journal of Revenue and Pricing Management;3,6;"62.0%
278/731
Economics and Econometrics";692;192;93;0,698;0,318;Springer Nature
Human Systems Management;3,6;"56.0%
98/225
General Business, Management and Accounting";752;211;66;0,543;0,391;SAGE
International Journal of the Economics of Business;3,6;"65.0%
72/208
Business, Management and Accounting (miscellaneous)";208;58;64;0,819;0,468;Taylor & Francis
Fiscal Studies;3,6;"62.0%
126/333
Finance";383;106;65;1,075;0,625;John Wiley & Sons
Evaluation and Program Planning;3,6;"68.0%
266/841
Geography, Planning and Development";1502;418;74;0,892;0,554;Elsevier
Journal of Small Business Strategy;3,6;"52.0%
236/496
Strategy and Management";417;115;71;0,721;0,584;Small Business Institute
Journal of Health Organization and Management;3,6;"58.0%
134/320
Health Policy";943;263;75;1,004;0,648;Emerald Publishing
Journal of Financial Regulation and Compliance;3,6;"61.0%
128/333
Finance";438;123;60;0,72;0,403;Emerald Publishing
Journal of Industrial and Business Economics;3,6;"74.0%
72/284
General Economics, Econometrics and Finance";467;129;72;1,164;0,732;Springer Nature
International Journal of Human Capital and Information Technology Professionals;3,5;"55.0%
72/160
Computer Science (miscellaneous)";170;49;78;0,289;0,24;IGI Global Publishing
Space and Culture;3,5;"93.0%
86/1371
Cultural Studies";606;175;77;1,375;0,502;SAGE
RAUSP Management Journal;3,5;"69.0%
492/1620
Education";297;84;73;0,808;0,417;Emerald Publishing
Security Journal;3,5;"87.0%
138/1105
Law";728;208;71;1,157;0,402;Springer Nature
Gadjah Mada International Journal of Business;3,5;"55.0%
203/451
Business and International Management";212;60;63;0,867;0,378;Gadjah Mada University
IEEE Transactions on Professional Communication;3,5;"89.0%
124/1212
Linguistics and Language";407;115;69;1,218;0,749;IEEE
Foreign Trade Review;3,5;"73.0%
77/284
General Economics, Econometrics and Finance";318;91;66;1,519;0,455;SAGE
MIT Sloan Management Review;3,5;"54.0%
204/451
Business and International Management";757;215;65;0,603;0,798;MIT Press
Journal of Teaching and Learning for Graduate Employability;3,5;"69.0%
494/1620
Education";335;95;71;1,049;0,458;Deakin University
Journal of Pension Economics and Finance;3,5;"60.0%
289/731
Economics and Econometrics";368;106;67;0,95;0,524;Cambridge University Press
Review of Quantitative Finance and Accounting;3,5;"61.0%
129/333
Finance";1411;399;69;1,042;0,541;Springer Nature
Journal of Project Management (Canada);3,5;"76.0%
125/535
Communication";336;97;67;0,776;0,362;Growing Science
Organizacija;3,5;"55.0%
63/139
Management Information Systems";304;88;66;0,489;0,427;Walter de Gruyter
Academia Revista Latinoamericana de Administracion;3,5;"54.0%
205/451
Business and International Management";431;123;80;0,677;0,405;Emerald Publishing
International Journal of Innovation and Technology Management;3,5;"51.0%
147/305
Management of Technology and Innovation";947;274;67;0,535;0,391;World Scientific
ISRA International Journal of Islamic Finance;3,5;"71.0%
74/260
Economics, Econometrics and Finance (miscellaneous)";324;93;61;1,179;0,313;International Shari’ah Research Academy for Islamic Finance (ISRA)
Autex Research Journal;3,5;"60.0%
158/402
Industrial and Manufacturing Engineering";675;194;80;0,749;0,449;Walter de Gruyter
Optimization Letters;3,4;"69.0%
50/160
Control and Optimization";1887;551;69;1,137;0,66;Springer Nature
Business and Politics;3,4;"80.0%
147/738
Political Science and International Relations";285;85;75;1,168;0,741;Cambridge University Press
Journal of General Management;3,4;"63.0%
76/208
Business, Management and Accounting (miscellaneous)";324;95;82;0,499;0,39;SAGE
Journal of Workplace Learning;3,4;"65.0%
106/309
Development";622;182;73;0,843;0,53;Emerald Publishing
Journal of Professions and Organization;3,4;"53.0%
209/451
Business and International Management";279;82;77;0,926;1,178;Oxford University Press
Journal of Financial Services Research;3,4;"59.0%
293/731
Economics and Econometrics";281;83;70;1,034;0,702;Springer Nature
Journal of Organization Design;3,4;"50.0%
248/496
Strategy and Management";222;66;71;0,706;0,388;Springer Nature
International Journal of Mathematical, Engineering and Management Sciences;3,4;"87.0%
53/414
General Mathematics";1073;313;66;0,771;0,351;Ram Arti Publishers
Journal of the American Taxation Association;3,3;"58.0%
139/333
Finance";158;48;67;1,431;1,382;American Accounting Association
Journal of Industrial and Management Optimization;3,3;"69.0%
201/665
Applied Mathematics";3109;949;69;0,677;0,389;American Institute of Mathematical Sciences
Journal of Management Accounting Research;3,3;"53.0%
85/182
Accounting";369;112;69;1,11;0,964;American Accounting Association
Issues in Accounting Education;3,3;"66.0%
535/1620
Education";485;148;65;1,392;0,634;American Accounting Association
Global Journal of Emerging Market Economies;3,3;"70.0%
77/260
Economics, Econometrics and Finance (miscellaneous)";259;79;75;0,719;0,358;SAGE
Journal of Air Transportation;3,3;"61.0%
42/109
Safety Research";219;66;71;0,993;0,419;American Institute of Aeronautics and Astronautics
Tertiary Education and Management;3,3;"66.0%
542/1620
Education";267;82;73;1,032;0,626;Taylor & Francis
World Leisure Journal;3,3;"93.0%
91/1371
Cultural Studies";409;123;73;0,868;0,532;Taylor & Francis
African Journal of Economic and Management Studies;3,3;"71.0%
82/284
General Economics, Econometrics and Finance";515;154;75;0,692;0,351;Emerald Publishing
International Journal of Integrated Supply Management;3,3;"48.0%
255/496
Strategy and Management";216;66;74;0,586;0,374;Inderscience Publishers
Journal of Asia-Pacific Business;3,3;"54.0%
104/225
General Business, Management and Accounting";164;50;70;0,714;0,377;Taylor & Francis
OPSEARCH;3,3;"54.0%
64/139
Management Information Systems";937;285;71;0,893;0,409;Springer Nature
Systemic Practice and Action Research;3,3;"51.0%
149/305
Management of Technology and Innovation";570;171;68;0,856;0,415;Springer Nature
Polish Journal of Management Studies;3,3;"53.0%
211/451
Business and International Management";1309;393;69;0,582;0,31;Czestochowa University of Technology
Public and Municipal Finance;3,3;"86.0%
147/1105
Law";249;75;64;0,485;0,252;LLC CPC Business Perspectives
Retos (Ecuador);3,3;"61.0%
93/242
Public Administration";264;80;69;1,044;0,289;Universidad Politecnica Salesiana
Problems and Perspectives in Management;3,3;"86.0%
151/1105
Law";2635;805;70;0,645;0,291;LLC CPC Business Perspectives
Journal of Women's Entrepreneurship and Education;3,3;"76.0%
54/227
Gender Studies";317;97;72;0,571;0,259;Institute of Economic Sciences
Agricultural and Resource Economics;3,3;"69.0%
71/231
Agricultural and Biological Sciences (miscellaneous)";636;192;73;0,584;0,246;Institute of Eastern European Research and Consulting
Journal of Financial Data Science;3,3;"62.0%
79/208
Business, Management and Accounting (miscellaneous)";442;134;66;0,774;0,459;With intelligence
Journal of International Logistics and Trade;3,3;"58.0%
303/731
Economics and Econometrics";153;47;77;0,452;0,379;Emerald Publishing
Management and Marketing;3,3;"54.0%
103/225
General Business, Management and Accounting";393;119;65;0,62;0,311;Walter de Gruyter
Advances in Hospitality and Tourism Research;3,3;"64.0%
111/309
Development";287;88;68;0,586;0,294;Akdeniz University Publishing House
Acta Innovations;3,3;"76.0%
157/674
Social Sciences (miscellaneous)";330;100;75;0,715;0,254;Rotherham Academic Press Ltd
Central European Business Review;3,3;"53.0%
210/451
Business and International Management";405;121;61;0,428;0,303;Prague University of Economics and Business
Asia Europe Journal;3,2;"71.0%
82/285
General Social Sciences";375;117;72;0,795;0,442;Springer Nature
Tourism Review International;3,2;"43.0%
86/151
Tourism, Leisure and Hospitality Management";278;88;60;0,438;0,318;Cognizant Communication Corporation
International Journal of Innovation Management;3,2;"50.0%
222/451
Business and International Management";1057;329;67;0,487;0,432;World Scientific
International Journal of Training and Development;3,2;"66.0%
551/1620
Education";329;102;76;1,21;0,518;John Wiley & Sons
International Journal of Sport Communication;3,2;"73.0%
144/535
Communication";493;156;74;0,928;0,5;Human Kinetics Publishers Inc.
Journal of Asset Management;3,2;"60.0%
76/190
Information Systems and Management";530;168;67;0,842;0,478;Springer Nature
Risk Management;3,2;"57.0%
310/731
Economics and Econometrics";248;78;67;0,726;0,346;Springer Nature
International Journal of Construction Supply Chain Management;3,2;"58.0%
100/239
Building and Construction";176;55;84;0,714;0,308;Massey University
Journal for International Business and Entrepreneurship Development;3,2;"78.0%
157/738
Political Science and International Relations";281;88;61;0,556;0,285;Inderscience Publishers
Australian Journal of Career Development;3,2;"65.0%
566/1620
Education";282;89;63;0,965;0,471;SAGE
Foundations and Trends in Accounting;3,2;"57.0%
142/333
Finance";35;11;64;2,424;1,706;Now Publishers Inc
International Journal of Strategic Property Management;3,2;"47.0%
261/496
Strategy and Management";393;124;63;0,71;0,341;Vilnius Gediminas Technical University
Service Oriented Computing and Applications;3,2;"52.0%
66/139
Management Information Systems";264;83;76;0,677;0,361;Springer Nature
Humanistic Management Journal;3,2;"60.0%
82/208
Business, Management and Accounting (miscellaneous)";277;86;70;0,786;0,42;Springer Nature
Publishing Research Quarterly;3,2;"74.0%
136/535
Communication";437;136;60;1,059;0,563;Springer Nature
ABAC Journal;3,2;"99.0%
9/1160
Literature and Literary Theory";753;237;77;0,436;0,242;Assumption University
Insurance Markets and Companies;3,2;"85.0%
157/1105
Law";155;48;56;0,414;0,193;LLC CPC Business Perspectives
Knowledge and Performance Management;3,2;"85.0%
159/1105
Law";158;49;53;0,638;0,254;LLC CPC Business Perspectives
Innovative Marketing;3,2;"85.0%
163/1105
Law";964;302;68;0,549;0,28;LLC CPC Business Perspectives
Organization Management Journal;3,2;"66.0%
547/1620
Education";162;50;84;0,891;0,448;Emerald Publishing
Journal of Cases on Information Technology;3,1;"57.0%
81/190
Information Systems and Management";383;124;60;0,616;0,294;IGI Global Publishing
ASTIN Bulletin;3,1;"56.0%
315/731
Economics and Econometrics";375;121;67;1,804;1,138;Cambridge University Press
Journal of Wine Economics;3,1;"67.0%
41/126
Horticulture";238;77;70;1,072;0,455;Cambridge University Press
Asia-Pacific Journal of Accounting and Economics;3,1;"57.0%
312/731
Economics and Econometrics";801;255;68;0,794;0,447;Taylor & Francis
Creative Industries Journal;3,1;"96.0%
24/676
Visual Arts and Performing Arts";267;85;67;1,29;0,38;Taylor & Francis
Tourism;3,1;"62.0%
313/841
Geography, Planning and Development";602;193;69;0,623;0,305;Institute for Tourism
International Journal of Organization Theory and Behavior;3,1;"60.0%
96/242
Public Administration";199;64;77;0,74;0,442;Emerald Publishing
Journal of Financial Management of Property and Construction;3,1;"57.0%
314/731
Economics and Econometrics";239;77;69;0,636;0,409;Emerald Publishing
Journal of International Education in Business;3,1;"64.0%
578/1620
Education";216;70;73;1,216;0,492;Emerald Publishing
Management and Labour Studies;3,1;"58.0%
26/61
Industrial Relations";343;111;71;0,817;0,352;SAGE
International Journal of Internet Marketing and Advertising;3,1;"42.0%
125/215
Marketing";421;138;70;0,628;0,454;Inderscience Publishers
Industrial Relations Journal;3,1;"59.0%
25/61
Industrial Relations";329;106;68;1,03;0,92;John Wiley & Sons
Journal of Organizational Behavior Management;3,1;"48.0%
157/305
Management of Technology and Innovation";149;48;81;1,098;0,397;Taylor & Francis
International Journal of Operations and Quantitative Management;3,1;"58.0%
79/190
Information Systems and Management";350;113;72;0,472;0,267;International Forum of Management Scholars (INFOMS)
African Journal of Hospitality, Tourism and Leisure;3,1;"62.0%
312/841
Geography, Planning and Development";1512;483;66;0,494;0,276;Africa Journals
Journal for Labour Market Research;3,1;"56.0%
316/731
Economics and Econometrics";312;102;58;1,112;0,545;Springer Nature
Applied Stochastic Models in Business and Industry;3;"56.0%
157/361
Modeling and Simulation";724;238;65;0,976;0,428;John Wiley & Sons
Business and Professional Communication Quarterly;3;"78.0%
136/630
Arts and Humanities (miscellaneous)";274;91;62;1,158;0,445;SAGE
Public Integrity;3;"92.0%
66/854
Philosophy";576;192;73;0,935;0,517;Taylor & Francis
Human Service Organizations Management, Leadership and Governance;3;"73.0%
402/1497
Sociology and Political Science";374;123;68;0,894;0,481;Taylor & Francis
Africa Journal of Management;3;"48.0%
234/451
Business and International Management";245;82;70;0,42;0,364;Taylor & Francis
International Journal of Technology Management;3;"83.0%
186/1105
Law";522;176;63;0,421;0,388;Inderscience Publishers
Journal of Law, Economics, and Organization;3;"83.0%
188/1105
Law";284;96;72;1,449;1,424;Oxford University Press
International Journal of Asian Business and Information Management;3;"92.0%
106/1371
Cultural Studies";384;128;65;0,448;0,235;IGI Global Publishing
International Journal of E-Services and Mobile Applications;3;"52.0%
240/507
Computer Networks and Communications";178;59;78;0,424;0,272;IGI Global Publishing
Journal of Risk and Uncertainty;3;"56.0%
322/731
Economics and Econometrics";277;93;61;1,051;0,791;Springer Nature
Journal of Business Models;3;"58.0%
87/208
Business, Management and Accounting (miscellaneous)";188;63;76;N/A;N/A;Aalborg University press
Banks and Bank Systems;3;"83.0%
187/1105
Law";877;296;66;0,617;0,237;LLC CPC Business Perspectives
Logforum;3;"56.0%
83/190
Information Systems and Management";482;163;68;0,48;0,309;Poznan School of Logistics
Complex Systems Informatics and Modeling Quarterly;3;"58.0%
86/208
Business, Management and Accounting (miscellaneous)";209;70;57;0,761;0,301;Riga Technical University
Foresight and STI Governance;3;"87.0%
30/239
History and Philosophy of Science";349;116;66;0,833;0,352;National Research University Higher School of Economics (HSE University)
Evidence-based HRM;3;"69.0%
81/260
Economics, Econometrics and Finance (miscellaneous)";418;141;69;0,752;0,443;Emerald Publishing
Indian Journal of Marketing;3;"41.0%
127/215
Marketing";514;173;69;0,514;0,223;Associated Management Consultants Pvt. Ltd.
Quantitative Marketing and Economics;2,9;"66.0%
88/260
Economics, Econometrics and Finance (miscellaneous)";142;49;63;0,75;2,33;Springer Nature
Advanced Manufacturing: Polymer and Composites Science;2,9;"52.0%
460/970
Electrical and Electronic Engineering";111;38;79;0,879;0,527;Taylor & Francis
Nankai Business Review International;2,9;"48.0%
235/451
Business and International Management";329;112;71;0,481;0,43;Emerald Publishing
Journal of Indonesian Economy and Business;2,9;"56.0%
90/208
Business, Management and Accounting (miscellaneous)";176;60;72;0,796;0,29;Gadjah Mada University
Revista de Contabilidad-Spanish Accounting Review;2,9;"46.0%
97/182
Accounting";280;97;62;0,637;0,411;Universidad de Murcia
Canadian Journal of Administrative Sciences;2,9;"58.0%
101/242
Public Administration";372;129;58;0,491;0,459;John Wiley & Sons
Journal of Money, Credit and Banking;2,9;"54.0%
332/731
Economics and Econometrics";860;297;68;1,18;1,933;John Wiley & Sons
South East European Journal of Economics and Business;2,9;"69.0%
87/284
General Economics, Econometrics and Finance";232;79;95;0,799;0,282;School of Economics and Business in Sarajevo
Journal of Productivity Analysis;2,9;"72.0%
184/674
Social Sciences (miscellaneous)";394;136;74;1,062;0,623;Springer Nature
IIMB Management Review;2,9;"55.0%
328/731
Economics and Econometrics";337;116;59;0,694;0,335;Elsevier
Organization, Technology and Management in Construction;2,9;"55.0%
108/239
Building and Construction";201;69;58;0,689;0,345;Walter de Gruyter
Pakistan Journal of Commerce and Social Sciences;2,9;"56.0%
91/208
Business, Management and Accounting (miscellaneous)";399;137;58;0,511;0,328;Johar Education Society Pakistan
IZA Journal of Development and Migration;2,9;"84.0%
80/524
Anthropology";120;42;45;1,422;0,665;Laborwide
Scientific Bulletin of Mukachevo State University. Series Economics;2,9;"65.0%
89/260
Economics, Econometrics and Finance (miscellaneous)";183;64;75;1,015;0,266;Mukachevo State University
Accounting Perspectives;2,9;"53.0%
155/333
Finance";249;86;59;0,931;0,526;John Wiley & Sons
Event Management;2,8;"46.0%
241/451
Business and International Management";883;315;76;0,587;0,408;Cognizant Communication Corporation
Asia and the Pacific Policy Studies;2,8;"75.0%
180/738
Political Science and International Relations";194;70;69;0,709;0,383;John Wiley & Sons
Economic and Labour Relations Review;2,8;"52.0%
348/731
Economics and Econometrics";450;161;63;0,998;0,57;Cambridge University Press
European Journal of Family Business;2,8;"54.0%
95/208
Business, Management and Accounting (miscellaneous)";179;65;63;0,496;0,295;Universidad de Malaga
Business History;2,8;"97.0%
48/1850
History";771;276;78;1,515;0,683;Taylor & Francis
Research Technology Management;2,8;"55.0%
152/344
General Engineering";409;147;51;0,975;0,534;Taylor & Francis
Investment Analysts Journal;2,8;"52.0%
160/333
Finance";231;83;60;0,7;0,321;Taylor & Francis
South African Journal of Accounting Research;2,8;"49.0%
115/225
General Business, Management and Accounting";130;47;62;0,681;0,263;Taylor & Francis
Journal of Management History;2,8;"97.0%
46/1850
History";280;99;67;0,962;0,371;Emerald Publishing
Management Research;2,8;"46.0%
243/451
Business and International Management";209;75;79;0,6;0,356;Emerald Publishing
Jahrbucher fur Nationalokonomie und Statistik;2,8;"71.0%
194/674
Social Sciences (miscellaneous)";308;111;61;0,792;0,451;Walter de Gruyter
Business Systems Research;2,8;"64.0%
93/260
Economics, Econometrics and Finance (miscellaneous)";300;106;60;0,658;0,298;Walter de Gruyter
National Tax Journal;2,8;"52.0%
158/333
Finance";318;114;72;1,035;1,437;University of Chicago Press
International Journal of Advanced Operations Management;2,8;"45.0%
120/218
Management Science and Operations Research";167;59;64;0,349;0,251;Inderscience Publishers
International Journal of Automotive Technology and Management;2,8;"62.0%
51/133
Automotive Engineering";236;83;57;0,856;0,417;Inderscience Publishers
Accounting History;2,8;"97.0%
47/1850
History";291;103;78;0,844;0,549;SAGE
Foundations and Trends in Marketing;2,8;"52.0%
351/731
Economics and Econometrics";39;14;64;0,41;0,868;Now Publishers Inc
Strategic Management Review;2,8;"44.0%
278/496
Strategy and Management";156;55;65;N/A;N/A;Now Publishers Inc
Journal of Business-to-Business Marketing;2,8;"49.0%
71/139
Management Information Systems";260;93;66;0,644;0,546;Taylor & Francis
Journal of Employment Counseling;2,8;"46.0%
117/218
General Psychology";164;59;59;0,824;0,522;John Wiley & Sons
New Directions for Evaluation;2,8;"60.0%
638/1620
Education";422;152;81;0,657;0,48;John Wiley & Sons
E a M: Ekonomie a Management;2,8;"68.0%
90/284
General Economics, Econometrics and Finance";552;195;64;0,464;0,299;Technical University of Liberec
Intellectual Economics;2,8;"91.0%
77/854
Philosophy";222;79;59;0,609;0,289;Mykolo Romerio Universitetas
Acta Informatica Pragensia;2,8;"70.0%
86/287
Library and Information Sciences";266;96;70;0,504;0,247;Prague University of Economics and Business
International Journal of Technology;2,8;"74.0%
52/200
";1870;658;69;0,789;0,354;Faculty of Engineering, Universitas Indonesia
Journal of Entrepreneurship and Innovation in Emerging Economies;2,8;"64.0%
94/260
Economics, Econometrics and Finance (miscellaneous)";183;65;60;0,75;0,323;SAGE
Geographica Pannonica;2,8;"59.0%
338/841
Geography, Planning and Development";283;102;65;0,723;0,32;Department of Geography, Tourism and Hotel Management
International Journal of Learning and Intellectual Capital;2,7;"42.0%
284/496
Strategy and Management";316;117;63;0,539;0,258;Inderscience Publishers
International Journal of Sustainable Agricultural Management and Informatics;2,7;"61.0%
89/228
General Agricultural and Biological Sciences";223;83;72;0,329;0,241;Inderscience Publishers
Visitor Studies;2,7;"95.0%
5/91
Museology";98;36;67;1,584;0,571;Taylor & Francis
Quality Innovation Prosperity;2,7;"43.0%
172/305
Management of Technology and Innovation";278;104;60;0,688;0,303;Technical University of Kosice
International Journal of Information Systems and Supply Chain Management;2,7;"47.0%
74/139
Management Information Systems";255;96;60;0,315;0,249;IGI Global Publishing
NanoEthics;2,7;"90.0%
82/854
Philosophy";181;66;71;0,804;0,332;Springer Nature
International Tax and Public Finance;2,7;"51.0%
163/333
Finance";580;213;69;0,995;0,602;Springer Nature
Journal of Engineering, Project, and Production Management;2,7;"53.0%
122/264
Engineering (miscellaneous)";277;104;62;0,747;0,284;Engineering Project and Production Management
Logistics Research;2,7;"50.0%
187/375
Control and Systems Engineering";96;36;67;0,682;0,304;Emerald Publishing
Prabandhan: Indian Journal of Management;2,7;"48.0%
116/225
General Business, Management and Accounting";451;166;70;0,54;0,259;Associated Management Consultants Pvt. Ltd.
Journal of Economics and Management Strategy;2,6;"47.0%
381/731
Economics and Econometrics";408;160;68;1,011;1,081;John Wiley & Sons
International Journal of Clothing Science and Technology;2,6;"52.0%
100/208
Business, Management and Accounting (miscellaneous)";613;240;63;0,723;0,335;Emerald Publishing
Journal of Mental Health Training, Education and Practice;2,6;"60.0%
19/47
Psychiatric Mental Health";354;135;57;0,545;0,444;Emerald Publishing
Journal of World Investment and Trade;2,6;"79.0%
228/1105
Law";262;100;74;0,779;0,389;Brill
International Journal of Rural Management;2,6;"57.0%
357/841
Geography, Planning and Development";225;88;59;0,743;0,275;SAGE
International Journal of Six Sigma and Competitive Advantage;2,6;"52.0%
193/402
Industrial and Manufacturing Engineering";148;56;71;0,526;0,365;Inderscience Publishers
International Journal of Industrial Organization;2,6;"51.0%
195/402
Industrial and Manufacturing Engineering";590;225;64;1,053;0,95;Elsevier
Journal of Transport and Supply Chain Management;2,6;"54.0%
87/190
Information Systems and Management";283;109;62;0,467;0,338;AOSIS (Pty) Ltd
SA Journal of Human Resource Management;2,6;"68.0%
45/140
Demography";678;256;62;0,669;0,37;AOSIS (Pty) Ltd
Journal of Healthcare Management;2,6;"50.0%
21/41
Leadership and Management";396;150;53;0,958;0,635;Wolters Kluwer Health
Scientific Papers of the University of Pardubice, Series D: Faculty of Economics and Administration;2,6;"66.0%
96/284
General Economics, Econometrics and Finance";331;126;67;0,453;0,265;University of Pardubice
International Journal of Supply and Operations Management;2,6;"55.0%
86/190
Information Systems and Management";293;112;74;0,582;0,322;Kharazmi University
Tec Empresarial;2,6;"52.0%
99/208
Business, Management and Accounting (miscellaneous)";152;58;62;0,678;0,319;Business School, Instituto Tecnologico de Costa Rica
Arab Gulf Journal of Scientific Research;2,6;"68.0%
211/668
General Medicine";576;223;63;0,645;0,343;Emerald Publishing
Advances in Accounting;2,6;"48.0%
171/333
Finance";269;105;77;0,901;0,457;Emerald Publishing
Journal of Advanced Manufacturing Systems;2,6;"50.0%
200/402
Industrial and Manufacturing Engineering";411;160;63;0,565;0,232;World Scientific
Journal of Shipping and Trade;2,6;"65.0%
98/284
General Economics, Econometrics and Finance";146;57;70;1,499;0,595;Springer Nature
International Journal of Managerial and Financial Accounting;2,6;"43.0%
103/182
Accounting";200;76;71;0,771;0,396;Inderscience Publishers
International Journal of Electronic Business;2,6;"46.0%
120/225
General Business, Management and Accounting";212;83;65;0,452;0,311;Inderscience Publishers
Journal of Chinese Human Resources Management;2,6;"40.0%
140/234
Organizational Behavior and Human Resource Management";189;72;76;0,414;0,417;Porcelain Publishing International LTD
Zeitschrift fur Arbeits- und Organisationspsychologie;2,5;"39.0%
156/256
Applied Psychology";168;68;60;0,629;0,473;Hogrefe Publishing
Risk Management and Insurance Review;2,5;"48.0%
172/333
Finance";205;81;56;0,875;0,436;John Wiley & Sons
Competition and Regulation in Network Industries;2,5;"45.0%
124/225
General Business, Management and Accounting";107;43;72;0,941;0,554;SAGE
Journal of Statistical Computation and Simulation;2,5;"57.0%
74/175
Statistics, Probability and Uncertainty";1754;703;61;1,125;0,548;Taylor & Francis
Services Marketing Quarterly;2,5;"51.0%
102/208
Business, Management and Accounting (miscellaneous)";191;76;70;0,558;0,371;Taylor & Francis
Communication Research and Practice;2,5;"70.0%
221/738
Political Science and International Relations";238;97;61;0,557;0,462;Taylor & Francis
International Journal of Pharmaceutical and Healthcare Marketing;2,5;"44.0%
179/320
Health Policy";316;127;65;0,464;0,32;Emerald Publishing
Sport Management Education Journal;2,5;"56.0%
698/1620
Education";186;75;65;0,885;0,42;Human Kinetics Publishers Inc.
Business Economics;2,5;"47.0%
386/731
Economics and Econometrics";184;73;51;1,165;0,661;Springer Nature
Tourism and Hospitality Management;2,5;"56.0%
364/841
Geography, Planning and Development";416;168;63;0,6;0,322;University of Rijeka
International Journal of Information Technology Project Management;2,5;"67.0%
175/535
Communication";149;59;68;0,611;0,18;IGI Global Publishing
International Journal of Knowledge and Systems Science;2,5;"52.0%
90/190
Information Systems and Management";133;53;77;0,381;0,184;IGI Global Publishing
European Journal of Law and Economics;2,5;"77.0%
244/1105
Law";346;138;59;0,993;0,377;Springer Nature
Philosophy of Management;2,5;"85.0%
35/239
History and Philosophy of Science";272;109;66;0,816;0,292;Springer Nature
Journal of Modern Project Management;2,5;"44.0%
252/451
Business and International Management";363;148;69;0,391;0,209;Mundo Press
Journal of Public and Nonprofit Affairs;2,5;"67.0%
484/1497
Sociology and Political Science";217;87;82;0,367;0,248;Midwest Public Affairs Conference
Journal of Philanthropy and Marketing;2,5;"46.0%
389/731
Economics and Econometrics";435;175;62;0,89;0,457;John Wiley & Sons
Property Management;2,5;"39.0%
92/151
Tourism, Leisure and Hospitality Management";403;159;72;0,892;0,379;Emerald Publishing
Digital Transformation and Society;2,5;"67.0%
95/287
Library and Information Sciences";131;52;77;0,748;0,353;Emerald Publishing
Computational Management Science;2,5;"58.0%
73/175
Statistics, Probability and Uncertainty";358;141;69;0,75;0,483;Springer Nature
Electronic Journal of Knowledge Management;2,5;"47.0%
266/507
Computer Networks and Communications";167;66;76;0,54;0,217;Academic Conferences and Publishing International Limited
Journal of Consumer Satisfaction, Dissatisfaction and Complaining Behavior;2,4;"44.0%
253/451
Business and International Management";144;59;68;0,779;0,213;University of Nevada
Tourism Analysis;2,4;"36.0%
96/151
Tourism, Leisure and Hospitality Management";352;147;68;0,399;0,324;Cognizant Communication Corporation
American Journal of Mathematical and Management Sciences;2,4;"54.0%
306/665
Applied Mathematics";187;79;52;0,782;0,347;Taylor & Francis
International Studies of Management and Organization;2,4;"43.0%
254/451
Business and International Management";139;58;71;0,947;0,368;Taylor & Francis
Revista Espanola de Financiacion y Contabilidad;2,4;"47.0%
175/333
Finance";188;80;65;0,621;0,32;Taylor & Francis
Indian Growth and Development Review;2,4;"55.0%
372/841
Geography, Planning and Development";139;58;45;0,713;0,276;Emerald Publishing
Culture and Organization;2,4;"89.0%
148/1371
Cultural Studies";290;120;68;0,772;0,495;Taylor & Francis
International Journal of Shipping and Transport Logistics;2,4;"42.0%
258/451
Business and International Management";360;151;58;0,501;0,356;Inderscience Publishers
International Journal of Sustainable Economy;2,4;"54.0%
142/309
Development";213;89;54;0,435;0,267;Inderscience Publishers
New Space;2,4;"52.0%
113/235
Safety, Risk, Reliability and Quality";227;95;58;0,816;0,515;Mary Ann Liebert
Health Marketing Quarterly;2,4;"52.0%
11/22
General Health Professions";217;89;66;0,519;0,329;Taylor & Francis
Proceedings of Institution of Civil Engineers: Management, Procurement and Law;2,4;"51.0%
114/235
Safety, Risk, Reliability and Quality";142;60;80;0,293;0,327;ICE Publishing Ltd.
International Journal of Customer Relationship Marketing and Management;2,4;"50.0%
95/190
Information Systems and Management";117;49;71;0,415;0,21;IGI Global Publishing
International Journal of Information Systems in the Service Sector;2,4;"51.0%
93/190
Information Systems and Management";165;68;75;0,223;0,235;IGI Global Publishing
Contemporary Management Research;2,4;"45.0%
397/731
Economics and Econometrics";79;33;58;0,29;0,231;Academy of Taiwan Information Systems Research
Journal of Innovation Management;2,4;"49.0%
135/264
Engineering (miscellaneous)";272;113;50;0,431;0,293;Universidade do Porto - Faculdade de Engenharia
Journal of Management, Spirituality and Religion;2,4;"95.0%
35/705
Religious Studies";266;112;70;0,554;0,491;International Association of Management, Spirituality and Religion
Journal of International Commerce, Economics and Policy;2,4;"47.0%
174/333
Finance";170;72;61;0,619;0,407;World Scientific
Eastern-European Journal of Enterprise Technologies;2,4;"54.0%
302/665
Applied Mathematics";5524;2293;60;0,597;0,274;Technology Center
International Journal of Tourism Anthropology;2,4;"81.0%
97/524
Anthropology";83;34;76;0,559;0,354;Inderscience Publishers
Current Issues in Auditing;2,3;"40.0%
108/182
Accounting";129;56;59;0,647;0,475;American Accounting Association
Decision Sciences Journal of Innovative Education;2,3;"58.0%
13/30
Decision Sciences (miscellaneous)";164;70;61;0,445;0,281;John Wiley & Sons
Revista Venezolana de Gerencia;2,3;"54.0%
379/841
Geography, Planning and Development";1832;794;62;0,663;0,221;Universidad del Zulia
International Journal of Accounting;2,3;"46.0%
177/333
Finance";140;62;65;0,709;0,476;World Scientific
Latin American Business Review;2,3;"49.0%
106/208
Business, Management and Accounting (miscellaneous)";133;57;60;0,459;0,316;Taylor & Francis
Howard Journal of Communications;2,3;"62.0%
202/535
Communication";272;120;63;0,848;0,37;Taylor & Francis
Journal of the International Council for Small Business;2,3;"50.0%
103/208
Business, Management and Accounting (miscellaneous)";305;130;63;0,574;0,326;Taylor & Francis
International Journal of Services Operations and Informatics;2,3;"41.0%
276/474
Information Systems";103;45;64;0,409;0,171;Inderscience Publishers
Disposables and Nonwovens;N/A;N/A;N/A;N/A;N/A;N/A;N/A;N/A
Beta;N/A;N/A;N/A;N/A;N/A;N/A;N/A;Scandinavian University Press
Monthly Labor Review;N/A;N/A;N/A;N/A;N/A;0,907;0,323;US Bureau of Labor Statistics
New Zealand Engineering;N/A;N/A;N/A;N/A;N/A;N/A;N/A;IPENZ Publishing
Psychology of Leaders and Leadership;N/A;N/A;N/A;N/A;N/A;N/A;N/A;American Psychological Association
Psychologist-Manager Journal;N/A;N/A;N/A;N/A;N/A;0,751;0,146;American Psychological Association
Journal of Website Promotion;N/A;N/A;N/A;N/A;N/A;N/A;N/A;Taylor & Francis
Journal of Euromarketing;N/A;N/A;N/A;N/A;N/A;N/A;N/A;Taylor & Francis
Emergency Health Services Quarterly;N/A;N/A;N/A;N/A;N/A;N/A;N/A;Taylor & Francis
Logistics and Transportation Review;N/A;N/A;N/A;N/A;N/A;N/A;N/A;University of British Columbia
Journal of Pharmaceutical Marketing and Management;N/A;N/A;N/A;N/A;N/A;N/A;N/A;Taylor & Francis
Journal of Ambulatory Care Marketing;N/A;N/A;N/A;N/A;N/A;N/A;N/A;Taylor & Francis
Journal of Hospitality and Leisure Marketing;N/A;N/A;N/A;N/A;N/A;N/A;N/A;Taylor & Francis
Airline Business;N/A;N/A;N/A;N/A;N/A;N/A;N/A;Elsevier
Wuhan Daxue Xuebao/Journal of Wuhan University;N/A;N/A;N/A;N/A;N/A;N/A;N/A;Wuhan Daxue
National Geographic;N/A;N/A;N/A;N/A;N/A;N/A;N/A;National Geographic Society
ABA Bank Marketing;N/A;N/A;N/A;N/A;N/A;N/A;N/A;American Bankers Association
British Printer;N/A;N/A;N/A;N/A;N/A;N/A;N/A;CMP Information Ltd.
International Nonwovens Journal;N/A;N/A;N/A;N/A;N/A;N/A;N/A;Rodman Publications Inc.
Weltwirtschaftliches Archiv;N/A;N/A;N/A;N/A;N/A;N/A;N/A;Springer Nature
Journal fur Betriebswirtschaft;N/A;N/A;N/A;N/A;N/A;N/A;N/A;Springer Nature
Blaetter der DGVFM;N/A;N/A;N/A;N/A;N/A;N/A;N/A;Springer Nature
der markt;N/A;N/A;N/A;N/A;N/A;N/A;N/A;Springer Nature
International Commerce Review;N/A;N/A;N/A;N/A;N/A;N/A;N/A;Springer Nature
International Journal of IT Standards and Standardization Research;N/A;N/A;N/A;N/A;N/A;N/A;N/A;IGI Global Publishing
Information Management;N/A;N/A;N/A;N/A;N/A;N/A;N/A;IGI Global Publishing
Annals of Cases on Information Technology;N/A;N/A;N/A;N/A;N/A;N/A;N/A;IGI Global Publishing
Employee Relations Law Journal;N/A;N/A;N/A;N/A;N/A;N/A;N/A;Springer Nature
Pulp and Paper Project Report;N/A;N/A;N/A;N/A;N/A;N/A;N/A;Paperloop
Grammars;N/A;N/A;N/A;N/A;N/A;N/A;N/A;Springer Nature
GENEVA Papers on Risk and Insurance Theory;N/A;N/A;N/A;N/A;N/A;N/A;N/A;Springer Nature
Paper Recycler;N/A;N/A;N/A;N/A;N/A;N/A;N/A;Paperloop
International Journal of Value-Based Management;N/A;N/A;N/A;N/A;N/A;N/A;N/A;Springer Nature
European Journal of Purchasing and Supply Management;N/A;N/A;N/A;N/A;N/A;N/A;N/A;Elsevier
Review of Progress in Coloration and Related Topics;N/A;N/A;N/A;N/A;N/A;N/A;N/A;Society of Dyers and Colourists
Informacion Tecnologica;N/A;N/A;N/A;N/A;N/A;0,994;N/A;Centro de Informacion Tecnologica
T and D;N/A;N/A;N/A;N/A;N/A;N/A;N/A;American Society for Training and Development
Jishou Daxue Xuebao/Journal of Jishou University;N/A;N/A;N/A;N/A;N/A;N/A;N/A;Jishou Daxue/Jishou University
Dock and Harbour Authority;N/A;N/A;N/A;N/A;N/A;N/A;N/A;Foxlow Publications Ltd.
Zeitschrift fur Planung und Unternehmenssteuerung;N/A;N/A;N/A;N/A;N/A;N/A;N/A;Physica-Verlag
Total Telecom;N/A;N/A;N/A;N/A;N/A;N/A;N/A;EMAP Business Communications
Canadian Accounting Perspectives;N/A;N/A;N/A;N/A;N/A;N/A;N/A;Cannadian Academic Accounting Association
Failure and Lessons Learned in Information Technology Management;N/A;N/A;N/A;N/A;N/A;N/A;N/A;Cognizant Communication Corporation
Taipei Review;N/A;N/A;N/A;N/A;N/A;N/A;N/A;Kwang Hwa Publishing Co.
Journal of Health Care Marketing;N/A;N/A;N/A;N/A;N/A;N/A;N/A;Center for Management Development, John A. Walker College of Business
Economist (United Kingdom);N/A;N/A;N/A;N/A;N/A;N/A;N/A;Economist Newspaper Ltd
Textile Network;N/A;N/A;N/A;N/A;N/A;N/A;N/A;Meisenbach GmbH
Cutter Business Technology Journal;0;"3.0%
436/451
Business and International Management";3;132;2;0,003;0,104;Cutter Consortium
Soap and Cosmetics;N/A;N/A;N/A;N/A;N/A;N/A;N/A;Cygnus Business Media Inc
Southern Graphics;N/A;N/A;N/A;N/A;N/A;N/A;N/A;Cygnus Business Media Inc
Systems Research;N/A;N/A;N/A;N/A;N/A;N/A;N/A;John Wiley & Sons
International Journal of Nonprofit and Voluntary Sector Marketing;N/A;N/A;N/A;N/A;N/A;N/A;N/A;John Wiley & Sons
International Journal of Transport Management;N/A;N/A;N/A;N/A;N/A;N/A;N/A;Elsevier
Operational Research Quarterly;N/A;N/A;N/A;N/A;N/A;N/A;N/A;Elsevier
American Bankruptcy Law Journal;N/A;N/A;N/A;N/A;N/A;N/A;N/A;National Conference of Bankruptcy Judges
Journal of Retail and Leisure Property;N/A;N/A;N/A;N/A;N/A;N/A;N/A;Henry Stewart Publications
International Electronic Journal for Leadership in Learning;N/A;N/A;N/A;N/A;N/A;N/A;N/A;University of Calgary Press
American Cartographer;N/A;N/A;N/A;N/A;N/A;N/A;N/A;American Congress on Surveying and Mapping
Pipes and Pipelines International;N/A;N/A;N/A;N/A;N/A;N/A;N/A;Scientific Surveys Ltd.
Accounting, Management and Information Technologies;N/A;N/A;N/A;N/A;N/A;N/A;N/A;Elsevier
Textile Leader;N/A;N/A;N/A;N/A;N/A;N/A;N/A;Iternational Association for Great Lakes Research
Xibei Fangzhi Gongxueyuan Xuebao (Journal of Northwest Institute of Textile Science and Technology);N/A;N/A;N/A;N/A;N/A;N/A;N/A;Northwest Institute of Textile Science and Technology
Pipeline World;N/A;N/A;N/A;N/A;N/A;N/A;N/A;Scientific Surveys Ltd.
Australian Computer Journal;N/A;N/A;N/A;N/A;N/A;N/A;N/A;Associated Business Publications Pty. Ltd.
CSIRO Textile News;N/A;N/A;N/A;N/A;N/A;N/A;N/A;CSIRO Publishing
Business Ethics;N/A;N/A;N/A;N/A;N/A;N/A;N/A;John Wiley & Sons
Gas Engineering and Management;N/A;N/A;N/A;N/A;N/A;N/A;N/A;Institution of Gas Engineers
Circuit Design;N/A;N/A;N/A;N/A;N/A;N/A;N/A;Miller Freeman Publications
Business Strategy Review;N/A;N/A;N/A;N/A;N/A;N/A;N/A;John Wiley & Sons
Journal of Consumer Studies & Home Economics;N/A;N/A;N/A;N/A;N/A;N/A;N/A;John Wiley & Sons
Huaqiao Daxue Xuebao/Journal of Huaqiao University;N/A;N/A;N/A;N/A;N/A;N/A;N/A;Huaqiao Daxue/Huaqiao University
Publishing Executive;N/A;N/A;N/A;N/A;N/A;N/A;N/A;North American Publishing Co.
Gas International;N/A;N/A;N/A;N/A;N/A;N/A;N/A;Institution of Gas Engineers
Betriebswirtschaftliche Forschung und Praxis;N/A;N/A;N/A;N/A;N/A;0,035;0,108;Verlag Neue Wirtschafts-Briefe GmbH and Co
Journal for Weavers, Spinners and Dyers;0;"1.0%
441/451
Business and International Management";0;63;0;0;0,1;Association of Guilds of Weavers, Spinners and Dyers
Textile Outlook International;0;"4.0%
216/225
General Business, Management and Accounting";3;78;4;0;0,1;Textiles Intelligence Ltd.
Zeitschrift fur Personalpsychologie;N/A;N/A;N/A;N/A;N/A;N/A;N/A;Hogrefe Publishers
Nippon Hoso Kyokai-NHK Laboratories Note;N/A;N/A;N/A;N/A;N/A;N/A;N/A;Nippon Hoso Kyokai
Journal of Industry Studies;N/A;N/A;N/A;N/A;N/A;N/A;N/A;University of New South Wales
Printed Circuit Design;N/A;N/A;N/A;N/A;N/A;N/A;N/A;Miller Freeman Publications
M et T2;N/A;N/A;N/A;N/A;N/A;N/A;N/A;Editions Vauclair
Organizational Analysis;N/A;N/A;N/A;N/A;N/A;N/A;N/A;Information Age Publishing Inc.
Customer Interactions Solutions;N/A;N/A;N/A;N/A;N/A;N/A;N/A;Technology Marketing Corporation
Printed Circuit Fabrication;N/A;N/A;N/A;N/A;N/A;N/A;N/A;PMS Industries Inc.
Engineering Science and Education Journal;N/A;N/A;N/A;N/A;N/A;N/A;N/A;IEE
International Journal of Disability Management;N/A;N/A;N/A;N/A;N/A;N/A;N/A;Cambridge University Press
Australasian Journal of Organisational Psychology;N/A;N/A;N/A;N/A;N/A;N/A;N/A;Cambridge University Press
Cornell Hotel and Restaurant Administration Quarterly;N/A;N/A;N/A;N/A;N/A;N/A;N/A;SAGE
Journal of Business Communication;N/A;N/A;N/A;N/A;N/A;N/A;N/A;SAGE
Business Communication Quarterly;N/A;N/A;N/A;N/A;N/A;N/A;N/A;SAGE
Recherche et Applications en Marketing;N/A;N/A;N/A;N/A;N/A;0,786;0,547;SAGE
Journal of Hospitality and Tourism Cases;0;"1.0%
149/151
Tourism, Leisure and Hospitality Management";2;43;5;0;0,102;SAGE
Journal of Hospital Marketing;N/A;N/A;N/A;N/A;N/A;N/A;N/A;Best Business Books
Journal of Medical Marketing;N/A;N/A;N/A;N/A;N/A;N/A;N/A;SAGE
Career Development for Exceptional Individuals;N/A;N/A;N/A;N/A;N/A;N/A;N/A;SAGE
Avtomatizatsiya i Sovremennye Tekhnologii;N/A;N/A;N/A;N/A;N/A;N/A;N/A;Izdatel'stvo Mashinostroenie
Boxboard Containers International;N/A;N/A;N/A;N/A;N/A;N/A;N/A;Maclean Hunter
Journal of the American Health Information Management Association;N/A;N/A;N/A;N/A;N/A;N/A;N/A;American Health Information Management Association
Research in Accounting Regulation;N/A;N/A;N/A;N/A;N/A;N/A;N/A;Elsevier
Investigaciones Europeas de Direccion y Economia de la Empresa;N/A;N/A;N/A;N/A;N/A;N/A;N/A;Elsevier
Cuadernos de Economia y Direccion de la Empresa;N/A;N/A;N/A;N/A;N/A;N/A;N/A;Elsevier
Research Policy: X;N/A;N/A;N/A;N/A;N/A;N/A;N/A;Elsevier
Transport Economics and Management;N/A;N/A;N/A;N/A;N/A;N/A;N/A;Elsevier
Journal of Strategy and Innovation;N/A;N/A;N/A;N/A;N/A;N/A;N/A;Elsevier
Journal of Professional Services Marketing;N/A;N/A;N/A;N/A;N/A;N/A;N/A;Taylor & Francis
ITS Journal: Intelligent Transportation Systems Journal;N/A;N/A;N/A;N/A;N/A;N/A;N/A;Taylor & Francis
Journal of the Textile Institute Proceedings;N/A;N/A;N/A;N/A;N/A;N/A;N/A;Taylor & Francis
Service Industries Review;N/A;N/A;N/A;N/A;N/A;N/A;N/A;Taylor & Francis
Journal of the Textile Institute Proceedings and Abstracts;N/A;N/A;N/A;N/A;N/A;N/A;N/A;Taylor & Francis
Statyba;N/A;N/A;N/A;N/A;N/A;N/A;N/A;Taylor & Francis
Hospitality and Tourism Educator;N/A;N/A;N/A;N/A;N/A;N/A;N/A;Taylor & Francis
Performing Arts Review;N/A;N/A;N/A;N/A;N/A;N/A;N/A;Taylor & Francis
Tarsadalom as Gazdasag;N/A;N/A;N/A;N/A;N/A;N/A;N/A;Akademiai Kiado
Journal of Customer Service in Marketing and Management;N/A;N/A;N/A;N/A;N/A;N/A;N/A;Taylor & Francis
Public and Access Services Quarterly;N/A;N/A;N/A;N/A;N/A;N/A;N/A;Taylor & Francis
Journal of Hospitality Financial Management;N/A;N/A;N/A;N/A;N/A;0,372;0,153;Taylor & Francis
Women in Management Review;N/A;N/A;N/A;N/A;N/A;N/A;N/A;Emerald Publishing
Journal of Science and Technology Policy in China;N/A;N/A;N/A;N/A;N/A;N/A;N/A;Emerald Publishing
Turizam;N/A;N/A;N/A;N/A;N/A;N/A;N/A;Institute for Tourism
TQM Magazine;N/A;N/A;N/A;N/A;N/A;N/A;N/A;Emerald Publishing
Journal of European Industrial Training;N/A;N/A;N/A;N/A;N/A;N/A;N/A;Emerald Publishing
Managing Service Quality;N/A;N/A;N/A;N/A;N/A;N/A;N/A;Emerald Publishing
Information Management and Computer Security;N/A;N/A;N/A;N/A;N/A;N/A;N/A;Emerald Publishing
International Journal of Commerce and Management;N/A;N/A;N/A;N/A;N/A;N/A;N/A;Emerald Publishing
Education, Business and Society: Contemporary Middle Eastern Issues;N/A;N/A;N/A;N/A;N/A;N/A;N/A;Emerald Publishing
Business Strategy Series;N/A;N/A;N/A;N/A;N/A;N/A;N/A;Emerald Publishing
Direct Marketing;N/A;N/A;N/A;N/A;N/A;N/A;N/A;Emerald Publishing
Management Research News;N/A;N/A;N/A;N/A;N/A;N/A;N/A;Emerald Publishing
International Journal of Culture, Tourism and Hospitality Research;N/A;N/A;N/A;N/A;N/A;N/A;N/A;Emerald Publishing
Sheet Metal Industries;N/A;N/A;N/A;N/A;N/A;N/A;N/A;DMG world Media Ltd
School Organisation;N/A;N/A;N/A;N/A;N/A;N/A;N/A;Brill
British Journal of Education & Work;N/A;N/A;N/A;N/A;N/A;N/A;N/A;Brill
Business, Peace and Sustainable Development;N/A;N/A;N/A;N/A;N/A;N/A;N/A;Greenleaf Publishing
Textile Rental;0;"2.0%
161/167
Polymers and Plastics";0;293;0;0;0,1;Textile Rental Association of America
Ciencias de la Informacion;N/A;N/A;N/A;N/A;N/A;N/A;N/A;Instituto de Informacion Cientifica y Tecnologica
Journal of Business;N/A;N/A;N/A;N/A;N/A;N/A;N/A;University of Chicago
Veterinary Economics;N/A;N/A;N/A;N/A;N/A;N/A;N/A;Advanstar Communications Inc.
Memoirs of the Graduate School of Engineering, Kyushu University;N/A;N/A;N/A;N/A;N/A;N/A;N/A;Kyushu University, Faculty of Science
Journal of Professional Issues in Engineering Education and Practice;N/A;N/A;N/A;N/A;N/A;N/A;N/A;American Society of Civil Engineers
Fire Engineers Journal;N/A;N/A;N/A;N/A;N/A;N/A;N/A;Institution of Fire Engineers
Fire Prevention;N/A;N/A;N/A;N/A;N/A;N/A;N/A;Institution of Fire Engineers
Hotel and Motel Management;N/A;N/A;N/A;N/A;N/A;N/A;N/A;Advanstar Communications Inc.
Hotel Management;0;"1.0%
441/451
Business and International Management";0;88;0;N/A;0,101;Advanstar Communications Inc.
Memoirs of the Faculty of Engineering, Kyushu University;N/A;N/A;N/A;N/A;N/A;N/A;N/A;Kyushu University, Faculty of Science
Leadership and Management in Engineering;N/A;N/A;N/A;N/A;N/A;N/A;N/A;American Society of Civil Engineers
Journal of Database Marketing and Customer Strategy Management;N/A;N/A;N/A;N/A;N/A;N/A;N/A;Springer Nature
Pensions;N/A;N/A;N/A;N/A;N/A;N/A;N/A;Springer Nature
Journal of Direct, Data and Digital Marketing Practice;N/A;N/A;N/A;N/A;N/A;N/A;N/A;Springer Nature
Journal of Targeting, Measurement and Analysis for Marketing;N/A;N/A;N/A;N/A;N/A;N/A;N/A;Springer Nature
AutoTechnology;N/A;N/A;N/A;N/A;N/A;N/A;N/A;Springer Nature
Economic and Labour Market Review;N/A;N/A;N/A;N/A;N/A;N/A;N/A;Springer Nature
Chief Engineer;N/A;N/A;N/A;N/A;N/A;N/A;N/A;Chief Engineers Association of Chicagoland
Journal of Industrial Organization Education;N/A;N/A;N/A;N/A;N/A;N/A;N/A;Walter de Gruyter
Journal of Taxation;N/A;N/A;N/A;N/A;N/A;N/A;N/A;Ria Thomson
Real Estate Taxation;N/A;N/A;N/A;N/A;N/A;N/A;N/A;Ria Thomson
OCLC Newsletter;N/A;N/A;N/A;N/A;N/A;N/A;N/A;OCLC - Online Computer Library Center, Inc.
Post Marketing Surveillance;N/A;N/A;N/A;N/A;N/A;N/A;N/A;Stuart Phillips Publications
Marketing Health Services;N/A;N/A;N/A;N/A;N/A;N/A;N/A;American Marketing Association
Marketing Management;N/A;N/A;N/A;N/A;N/A;N/A;N/A;American Marketing Association
Marketing Research;N/A;N/A;N/A;N/A;N/A;N/A;N/A;American Marketing Association
Statistical Journal of the United Nations Economic Commission for Europe;N/A;N/A;N/A;N/A;N/A;N/A;N/A;IOS Press
Trziste;N/A;N/A;N/A;N/A;N/A;N/A;N/A;University of Zagreb
Academy of Management Executive;N/A;N/A;N/A;N/A;N/A;N/A;N/A;Academy of Management
Apparel International;N/A;N/A;N/A;N/A;N/A;N/A;N/A;Cowise International Publishing Group
Hospital Purchasing Management;N/A;N/A;N/A;N/A;N/A;N/A;N/A;The Business World, Inc.
LCN-Laundry and Cleaning News;N/A;N/A;N/A;N/A;N/A;N/A;N/A;Wilmington Publishing
Transportation Professional;N/A;N/A;N/A;N/A;N/A;N/A;N/A;Institution of Highways and Transportation
Highways and Transportation;N/A;N/A;N/A;N/A;N/A;N/A;N/A;Institution of Highways and Transportation
Journal of Organisational Transformation & Social Change;N/A;N/A;N/A;N/A;N/A;N/A;N/A;Taylor & Francis
Discovery and Innovation;N/A;N/A;N/A;N/A;N/A;N/A;N/A;Academy Science Publishers
IEEE Transactions on Engineering Writing and Speech;N/A;N/A;N/A;N/A;N/A;N/A;N/A;IEEE
IRE Transactions on Engineering Writing and Speech;N/A;N/A;N/A;N/A;N/A;N/A;N/A;IEEE
International Conference on Social Networks Analysis, Management and Security, SNAMS;0;"3.0%
179/190
Information Systems and Management";0;36;0;N/A;N/A;IEEE
Journal of Inter-Organizational Relationships;N/A;N/A;N/A;N/A;N/A;0,2;0,26;Taylor & Francis
Manager;N/A;N/A;N/A;N/A;N/A;N/A;N/A;Institute of Administrative Management
ITMS - International Scientific Conference on Information Technology and Management Science of Riga Technical University;0;"3.0%
179/190
Information Systems and Management";0;25;0;N/A;N/A;IEEE
Chronicle of Higher Education;N/A;N/A;N/A;N/A;N/A;N/A;N/A;Chronicle of Higher Education, Inc.
Managing Leisure;N/A;N/A;N/A;N/A;N/A;N/A;N/A;Taylor & Francis
Plant Engineer;N/A;N/A;N/A;N/A;N/A;N/A;N/A;Society of Operations Engineers
Operations Engineer;0;"1.0%
387/402
Industrial and Manufacturing Engineering";0;249;0;N/A;0,1;Society of Operations Engineers
Ars Textrina;N/A;N/A;N/A;N/A;N/A;N/A;N/A;Charles Babbage Research Centre
Huazhong Ligong Daxue Xuebao/Journal Huazhong (Central China) University of Science and Technology;N/A;N/A;N/A;N/A;N/A;N/A;N/A;Huazhong University of Science and Technology
International Journal of Strategic Change Management;N/A;N/A;N/A;N/A;N/A;0,08;0,126;Inderscience Publishers
Bobbin;N/A;N/A;N/A;N/A;N/A;N/A;N/A;Bobbin Media Corp.
Glueckauf Mining Reporter;N/A;N/A;N/A;N/A;N/A;N/A;N/A;Verlag Glueckauf GmbH
Journal of Tongji Medical University;N/A;N/A;N/A;N/A;N/A;N/A;N/A;Huazhong University of Science and Technology
International Journal of Biotechnology;0;"0.0%
304/305
Management of Technology and Innovation";0;5;0;0;0,106;Inderscience Publishers
Wood Technology;N/A;N/A;N/A;N/A;N/A;N/A;N/A;Miller Freeman Publications
International Journal of Flexible Automation and Integrated Manufacturing;N/A;N/A;N/A;N/A;N/A;N/A;N/A;Begell House
Tekstil;N/A;N/A;N/A;N/A;N/A;N/A;N/A;Croatian Association of Textile Engineers
SIGIR Forum (ACM Special Interest Group on Information Retrieval);N/A;N/A;N/A;N/A;N/A;N/A;N/A;Association for Computing Machinery
World Clothing Manufacturer;N/A;N/A;N/A;N/A;N/A;N/A;N/A;World Textile Publications Ltd
Huabei Gongxueyuan Xuebao/Journal of North China Institute of Technology;N/A;N/A;N/A;N/A;N/A;N/A;N/A;Huabei Gongxueyuan
Wuhan Gongye Daxue Xuebao/Journal of Wuhan University of Technology;N/A;N/A;N/A;N/A;N/A;N/A;N/A;Wuhan University of Technology
Africa and Middle East Textiles;N/A;N/A;N/A;N/A;N/A;N/A;N/A;Alain Charles Publishing Ltd
Book Research Quarterly;N/A;N/A;N/A;N/A;N/A;N/A;N/A;Transaction Periodicals Consortium
AAS History Series;N/A;N/A;N/A;N/A;N/A;N/A;N/A;Univelt Inc.
Industrial Management;N/A;N/A;N/A;N/A;N/A;N/A;N/A;Institute of Industrial Engineers
Technology Innovation Management Review;N/A;N/A;N/A;N/A;N/A;0,994;0,537;Carleton University
Journal of Managerial Issues;N/A;N/A;N/A;N/A;N/A;N/A;N/A;Pittsburg State University
Journal of Vinyl Technology;N/A;N/A;N/A;N/A;N/A;N/A;N/A;John Wiley & Sons
Applied Stochastic Models and Data Analysis;N/A;N/A;N/A;N/A;N/A;N/A;N/A;John Wiley & Sons
Journal of Organizational Excellence;N/A;N/A;N/A;N/A;N/A;N/A;N/A;John Wiley & Sons
Prace Naukowe Instytutu Organizacji i Zarzadzania Politechniki Wroclawskiej;N/A;N/A;N/A;N/A;N/A;N/A;N/A;Wydawnictwo Politechniki Wroclawskiej
International Journal of Service Industry Management;N/A;N/A;N/A;N/A;N/A;N/A;N/A;MCB University Press
Bulletin of National Pingtung University of Science and Technology;N/A;N/A;N/A;N/A;N/A;N/A;N/A;Nat Pingtung Polytech Inst
Brand;N/A;N/A;N/A;N/A;N/A;N/A;N/A;Pira International Ltd
Singapore Management Review;N/A;N/A;N/A;N/A;N/A;N/A;N/A;Singapore Institute of Managment
Journal of Information, Information Technology, and Organizations;N/A;N/A;N/A;N/A;N/A;N/A;N/A;Informing Science Institute
Market Management: Marketing and Communication.;N/A;N/A;N/A;N/A;N/A;N/A;N/A;Editions Alexandre Lacassagne
International Journal of Museum Management and Curatorship;N/A;N/A;N/A;N/A;N/A;N/A;N/A;Butterworths
Paper and Packaging Analyst;N/A;N/A;N/A;N/A;N/A;N/A;N/A;Pira International Ltd
Fuel Cells Bulletin;N/A;N/A;N/A;N/A;N/A;0,169;0,151;MA Healthcare Ltd
Corporate Environmental Strategy;N/A;N/A;N/A;N/A;N/A;N/A;N/A;NetLogex
Revista de Quimica e Industria Textil;0;"2.0%
161/167
Polymers and Plastics";0;47;0;0;0,101;Asociacion Espanola de Quimicos y Coloristas Textiles
Industrial Fabrics Bulletin;N/A;N/A;N/A;N/A;N/A;N/A;N/A;International Textile Service
Geothermal Science and Technology;N/A;N/A;N/A;N/A;N/A;N/A;N/A;Medical Society of the District of Columbia
Paint and Coatings Industry;N/A;N/A;N/A;N/A;N/A;0;0,111;Business News Publishing Co.
Business Communications Review;N/A;N/A;N/A;N/A;N/A;N/A;N/A;Key3Media Group, Inc.
Textile View2 Magazine;N/A;N/A;N/A;N/A;N/A;N/A;0,103;Metropolitan Publishing bv
Euratex Bulletin;N/A;N/A;N/A;N/A;N/A;N/A;N/A;EURATEX
Journal of Information Systems and Small Business;N/A;N/A;N/A;N/A;N/A;N/A;N/A;Deakin University
Free China review;N/A;N/A;N/A;N/A;N/A;N/A;N/A;W.Y. Tsao
New Review of Applied Expert Systems and Emerging Technologies;N/A;N/A;N/A;N/A;N/A;N/A;N/A;Taylor Graham Publishing
European Papermaker;N/A;N/A;N/A;N/A;N/A;N/A;N/A;Arbor Publishing AB
New Review of Applied Expert Systems;N/A;N/A;N/A;N/A;N/A;N/A;N/A;Taylor Graham Publishing
BTRA Scan;N/A;N/A;N/A;N/A;N/A;N/A;N/A;Bombay Textile Research Association
Tekstilna Industrija;N/A;N/A;N/A;N/A;N/A;N/A;N/A;Savez inzenjera i tehnicara tekstilaca SR Srbije
Pipeline Report;N/A;N/A;N/A;N/A;N/A;N/A;N/A;Pipes and Pipelines International
European Journal of Economics, Finance and Administrative Sciences;N/A;N/A;N/A;N/A;N/A;N/A;N/A;EuroJournals, Inc.
Journal of Digital Information Management;N/A;N/A;N/A;N/A;N/A;N/A;N/A;Digital Information Research Foundation
McKinsey Quarterly;N/A;N/A;N/A;N/A;N/A;N/A;N/A;McKinsey and Co. Inc.
Journal of Marketing Channels;N/A;N/A;N/A;N/A;N/A;N/A;N/A;Taylor & Francis
Asia-Pacific Journal of Accounting;N/A;N/A;N/A;N/A;N/A;N/A;N/A;Taylor & Francis
Prakseologia;N/A;N/A;N/A;N/A;N/A;0;0,103;Polska Akademia Nauk
Journal of Hospital Marketing and Public Relations;N/A;N/A;N/A;N/A;N/A;N/A;N/A;Taylor & Francis
Tourism and Hospitality, Planning and Development;N/A;N/A;N/A;N/A;N/A;N/A;N/A;Taylor & Francis
Journal of Tianjin Institute of Textile Science and Technology;N/A;N/A;N/A;N/A;N/A;N/A;N/A;Tianjin College of Textile Technology
Research Journal of Business Management;N/A;N/A;N/A;N/A;N/A;N/A;N/A;Academic Journals
Drapers;N/A;N/A;N/A;N/A;N/A;N/A;N/A;Emap Fashion Ltd.
Printed Circuit Design and Fab/Circuits Assembly;0;"4.0%
386/402
Industrial and Manufacturing Engineering";1;342;0;0;0,1;U P Media Group Inc.
Journal of Occupational Psychology;N/A;N/A;N/A;N/A;N/A;N/A;N/A;John Wiley & Sons
Infosecurity;N/A;N/A;N/A;N/A;N/A;N/A;N/A;Elsevier
Journal on Chain and Network Science;N/A;N/A;N/A;N/A;N/A;N/A;N/A;Wageningen Academic Publishers
International Journal of Purchasing and Materials Management;N/A;N/A;N/A;N/A;N/A;N/A;N/A;John Wiley & Sons
Middle East Business and Economic Review;N/A;N/A;N/A;N/A;N/A;N/A;N/A;Association for Middle East Economic Research
Journal of Economic Cooperation Among Islamic Countries;N/A;N/A;N/A;N/A;N/A;N/A;N/A;Statistical Economic and Social Research and Training Centre for Islamic Countries
Accounting, Business and Financial History;N/A;N/A;N/A;N/A;N/A;N/A;N/A;Taylor & Francis
Revue de Gestion des Ressources Humaines;N/A;N/A;N/A;N/A;N/A;N/A;N/A;Editions ESKA
Journal of Organizational Culture, Communications and Conflict;N/A;N/A;N/A;N/A;N/A;N/A;N/A;Allied Academies
Academy of Accounting and Financial Studies Journal;N/A;N/A;N/A;N/A;N/A;0,26;N/A;Allied Academies
Journal of the International Academy for Case Studies;N/A;N/A;N/A;N/A;N/A;N/A;N/A;Allied Academies
Journal of Operations and Supply Chain Management;N/A;N/A;N/A;N/A;N/A;N/A;N/A;Fundacao Getulio Vargas
Graziadio Business Report;N/A;N/A;N/A;N/A;N/A;N/A;N/A;Pepperdine University
Total Quality Management;N/A;N/A;N/A;N/A;N/A;N/A;N/A;Taylor & Francis
Sport Marketing Quarterly;N/A;N/A;N/A;N/A;N/A;1,519;1,334;Fitness Information Technology
Revue de l'Organisation Responsable;N/A;N/A;N/A;N/A;N/A;N/A;N/A;Editions ESKA
Entrepreneurial Executive;N/A;N/A;N/A;N/A;N/A;N/A;N/A;Allied Academies
Academy of Entrepreneurship Journal;N/A;N/A;N/A;N/A;N/A;0,306;N/A;Allied Academies
Academy of Marketing Studies Journal;N/A;N/A;N/A;N/A;N/A;N/A;N/A;Allied Academies
International Journal of Entrepreneurship;N/A;N/A;N/A;N/A;N/A;0,477;N/A;Allied Academies
Journal of Internet Banking and Commerce;N/A;N/A;N/A;N/A;N/A;N/A;N/A;JIBC Publisher
Zeitschrift fur Personalforschung;N/A;N/A;N/A;N/A;N/A;N/A;N/A;Rainer Hampp Verlag
Tourismos;N/A;N/A;N/A;N/A;N/A;N/A;N/A;University of the Aegean
International Business Management;N/A;N/A;N/A;N/A;N/A;N/A;N/A;Medwell
American Journal of Pharmacy Benefits;N/A;N/A;N/A;N/A;N/A;N/A;N/A;Managed Care and Healthcare Communications
Fabriksoftware;0;"8.0%
174/190
Information Systems and Management";4;87;5;0;0,1;Gito Verlag
Analele Stiintifice ale Universitatii Al I Cuza din Iasi - Sectiunea Stiinte Economice;N/A;N/A;N/A;N/A;N/A;N/A;N/A;Alexandru Ioan Cuza - University of Iasi
International Journal of Applied Business and Economic Research;N/A;N/A;N/A;N/A;N/A;N/A;N/A;Serials Publications
International Journal of Economic Research;N/A;N/A;N/A;N/A;N/A;N/A;N/A;Serials Publications
Management Education;N/A;N/A;N/A;N/A;N/A;N/A;N/A;Common Ground Research Networks
Irrigation and Drainage Systems;N/A;N/A;N/A;N/A;N/A;N/A;N/A;Springer Nature
Business Research;N/A;N/A;N/A;N/A;N/A;N/A;N/A;Springer Nature
Zeitschrift fur Arbeitsmarktforschung;N/A;N/A;N/A;N/A;N/A;N/A;N/A;Springer Nature
Knowledge Management;N/A;N/A;N/A;N/A;N/A;N/A;N/A;Common Ground Research Networks
International Journal of Knowledge, Culture and Change Management;N/A;N/A;N/A;N/A;N/A;N/A;N/A;Common Ground Research Networks
Performance Improvement Quarterly;N/A;N/A;N/A;N/A;N/A;1,077;0,301;International Society for Performance Improvement
Journal of Research and Practice in Information Technology;N/A;N/A;N/A;N/A;N/A;N/A;N/A;Australian Computer Society
Keramische Zeitschrift;N/A;N/A;N/A;N/A;N/A;0,05;0,106;DVS Verlag
Harvard International Review;N/A;N/A;N/A;N/A;N/A;N/A;N/A;Harvard International Review
Restaurant Business;N/A;N/A;N/A;N/A;N/A;N/A;N/A;Ideal Media LLC
Fortune;N/A;N/A;N/A;N/A;N/A;N/A;N/A;Time Warner Publishing
Transnational Corporations;N/A;N/A;N/A;N/A;N/A;1,364;0,393;UNCTAD United Nations Conference on Trade and Development
Universia Business Review;N/A;N/A;N/A;N/A;N/A;N/A;N/A;Universia Holding
Business Week;N/A;N/A;N/A;N/A;N/A;N/A;N/A;Bloomberg
Clinical Leadership and Management Review;N/A;N/A;N/A;N/A;N/A;N/A;N/A;CLMA
Journal of the China Textile Institute;N/A;N/A;N/A;N/A;N/A;N/A;N/A;Taiwan Textile Research Institute
Sales and Marketing Management;0;"1.0%
441/451
Business and International Management";0;54;0;N/A;0,101;VNU eMedia Inc.
Privredna Kretanja i Ekonomska Politika;N/A;N/A;N/A;N/A;N/A;N/A;N/A;Institute of Economics (Zagreb)
Academic Leadership;N/A;N/A;N/A;N/A;N/A;N/A;N/A;Journal of Academic Leadership
Australasian Journal of Construction Economics and Building;N/A;N/A;N/A;N/A;N/A;N/A;N/A;University of Technology Sydney ePress
European Research Studies Journal;N/A;N/A;N/A;N/A;N/A;N/A;N/A;University of Piraeus, International Strategic Management Association
Accounting;N/A;N/A;N/A;N/A;N/A;0,842;N/A;Growing Science
Frontiers in Sustainable Tourism;N/A;N/A;N/A;N/A;N/A;N/A;N/A;Frontiers Media S.A.
Management Science Letters;N/A;N/A;N/A;N/A;N/A;N/A;N/A;Growing Science
Economics, Management, and Financial Markets;N/A;N/A;N/A;N/A;N/A;1,689;N/A;Addleton Academic Publishers
Corporate Ownership and Control;N/A;N/A;N/A;N/A;N/A;N/A;N/A;Virtus Interpress
Journal of Business and Retail Management Research;N/A;N/A;N/A;N/A;N/A;N/A;N/A;The Academy of Business and Retail Management (ABRM)
Journal of International Business and Economics;N/A;N/A;N/A;N/A;N/A;N/A;N/A;International Academy of Business and Economics
Frontiers in Behavioral Economics;N/A;N/A;N/A;N/A;N/A;N/A;N/A;Frontiers Media S.A.
Uncertain Supply Chain Management;N/A;N/A;N/A;N/A;N/A;0,907;N/A;Growing Science
Research and Practice in Human Resource Management;N/A;N/A;N/A;N/A;N/A;N/A;N/A;The School of Management, Curtin University
International Journal of Business and Management Science;N/A;N/A;N/A;N/A;N/A;0,058;0,133;Society for Alliance, Fidelity and Advancement
Journal of Self-Governance and Management Economics;N/A;N/A;N/A;N/A;N/A;2,066;N/A;Addleton Academic Publishers
Foresight Russia;N/A;N/A;N/A;N/A;N/A;N/A;N/A;Higher School of Economics, National Research University
Corporate Governance and Organizational Behavior Review;N/A;N/A;N/A;N/A;N/A;0,429;N/A;Virtus Interpress
Business Performance Review;N/A;N/A;N/A;N/A;N/A;N/A;N/A;Virtus Interpress
International Journal of Management and Business Research;N/A;N/A;N/A;N/A;N/A;N/A;N/A;Islamic Azad University
Journal of Petroleum Technology;N/A;N/A;N/A;N/A;N/A;N/A;N/A;Society of Petroleum Engineers
SPE Economics and Management;N/A;N/A;N/A;N/A;N/A;N/A;N/A;Society of Petroleum Engineers
International Journal of Business Research;N/A;N/A;N/A;N/A;N/A;N/A;N/A;International Academy of Business and Economics
Business and Economic Horizons;N/A;N/A;N/A;N/A;N/A;N/A;N/A;Prague Development Center
Transnational Marketing Journal;N/A;N/A;N/A;N/A;N/A;0,418;0,239;Transnational Press London Ltd
IZA Journal of Labor and Development;N/A;N/A;N/A;N/A;N/A;N/A;N/A;Springer Nature
IZA Journal of European Labor Studies;N/A;N/A;N/A;N/A;N/A;N/A;N/A;Springer Nature
Journal of Accounting, Ethics and Public Policy;N/A;N/A;N/A;N/A;N/A;N/A;N/A;Journal of Accounting, Ethics and Public Policy
Austrian Journal of South-East Asian Studies;N/A;N/A;N/A;N/A;N/A;N/A;N/A;Society for South-East Asian Studies
OECD Journal: Journal of Business Cycle Measurement and Analysis;N/A;N/A;N/A;N/A;N/A;N/A;N/A;Organisation for Economic Co-operation and Development
Journal of Management and Business Administration. Central Europe;N/A;N/A;N/A;N/A;N/A;N/A;N/A;Walter de Gruyter
Journal of Business and Entrepreneurship;N/A;N/A;N/A;N/A;N/A;N/A;N/A;University of South Florida, St. Petersburg
Journal of Eastern European and Central Asian Research;N/A;N/A;N/A;N/A;N/A;0,555;N/A;Institute of Eastern Europe and Central Asia
Clinical Management Issues;N/A;N/A;N/A;N/A;N/A;N/A;N/A;SEEd srl
International Journal of Advanced Research in Engineering and Technology;N/A;N/A;N/A;N/A;N/A;N/A;N/A;IAEME Publication
International Journal of Management;N/A;N/A;N/A;N/A;N/A;N/A;N/A;IAEME Publication
Revista Europea de Direccion y Economia de la Empresa;N/A;N/A;N/A;N/A;N/A;N/A;N/A;European Academy of Management and Business Economics
Journal of Asian Finance, Economics and Business;N/A;N/A;N/A;N/A;N/A;1,616;N/A;KODISA Foundation
International Journal of Agricultural Management;N/A;N/A;N/A;N/A;N/A;N/A;N/A;Institute of Agricultural Management
Entrepreneurship and Sustainability Issues;N/A;N/A;N/A;N/A;N/A;N/A;N/A;Entrepreneurship and Sustainability Center
Universal Journal of Accounting and Finance;N/A;N/A;N/A;N/A;N/A;0,651;N/A;Horizon Research Publishing
Advances in Science, Technology and Engineering Systems;N/A;N/A;N/A;N/A;N/A;0,427;N/A;ASTES Publishers
Journal of Index Investing;N/A;N/A;N/A;N/A;N/A;N/A;N/A;Portfolio Management Research
Informacijos Mokslai;N/A;N/A;N/A;N/A;N/A;N/A;N/A;Vilnius University - Faculty of Communication
World Journal on Educational Technology: Current Issues;N/A;N/A;N/A;N/A;N/A;0,809;N/A;Birlesik Dunya Yenilik Arastirma ve Yayincilik Merkezi
Indian Journal of Economics and Business;N/A;N/A;N/A;N/A;N/A;0,537;N/A;Ashwin Anokha Publications and Distributors
Finance Controle Strategie;N/A;N/A;N/A;N/A;N/A;N/A;N/A;OpenEditions Journals
Graziadio Business Review;N/A;N/A;N/A;N/A;N/A;0,081;0,13;Graziadio School of Business and Management-Pepperdine University
Academy of Strategic Management Journal;N/A;N/A;N/A;N/A;N/A;0,425;N/A;Allied Business Academies
Journal of Entrepreneurship Education;N/A;N/A;N/A;N/A;N/A;N/A;N/A;Allied Business Academies
Journal of Management Information and Decision Science;N/A;N/A;N/A;N/A;N/A;0,533;N/A;Allied Business Academies
Academic Journal of Interdisciplinary Studies;N/A;N/A;N/A;N/A;N/A;0,417;N/A;Richtmann Publishing Ltd
London Business School Review;N/A;N/A;N/A;N/A;N/A;N/A;N/A;John Wiley & Sons
International Journal of Professional Business Review;N/A;N/A;N/A;N/A;N/A;0,792;N/A;AOS-Estratagia and Inovacao
Iranian Journal of Management Studies;N/A;N/A;N/A;N/A;N/A;N/A;N/A;University of Tehran, College of Farabi
Universidad y Sociedad;N/A;N/A;N/A;N/A;N/A;0,421;N/A;University of Cienfuegos, Carlos Rafael Rodriguez
Business Management and Education;N/A;N/A;N/A;N/A;N/A;N/A;N/A;VGTU: Vilniaus Gedimino technikos universitetas
International Journal of Applied Economics, Finance and Accounting;N/A;N/A;N/A;N/A;N/A;0,453;N/A;Online Academic Press
@GRH;0;"1.0%
232/234
Organizational Behavior and Human Resource Management";1;27;4;0;0,102;Association Francophone de Gestion des Relations Humaines
Area Abierta;N/A;N/A;N/A;N/A;N/A;N/A;N/A;Universidad Complutense Madrid
Gestion 2000;N/A;N/A;N/A;N/A;N/A;N/A;N/A;Recherches et Publications en Management A.S.B.L
Educational Administration: Theory and Practice;N/A;N/A;N/A;N/A;N/A;0,388;N/A;Auricle Global Society of Education and Research
Technology Audit and Production Reserves;N/A;N/A;N/A;N/A;N/A;N/A;N/A;Technology Center
International Journal of Sustainable Manufacturing;N/A;N/A;N/A;N/A;N/A;0,099;0,194;Inderscience Publishers
International Journal of Financial Research;N/A;N/A;N/A;N/A;N/A;N/A;N/A;Sciedu Press
Journal of Advanced Research in Law and Economics;N/A;N/A;N/A;N/A;N/A;N/A;N/A;ASERS Publishing
Research in World Economy;N/A;N/A;N/A;N/A;N/A;N/A;N/A;Sciedu Press
Journal of Enterprise Transformation;N/A;N/A;N/A;N/A;N/A;N/A;N/A;Taylor & Francis
Emergency Health Services Review;N/A;N/A;N/A;N/A;N/A;N/A;N/A;Taylor & Francis
Journal of Environmental Management and Tourism;N/A;N/A;N/A;N/A;N/A;0,68;N/A;ASERS Publishing
International Journal of Economics and Business Administration;N/A;N/A;N/A;N/A;N/A;N/A;N/A;International Strategic Management Association
International Journal of Recent Technology and Engineering;N/A;N/A;N/A;N/A;N/A;N/A;N/A;Blue Eyes Intelligence Engineering and Sciences Publication
International Journal of Scientific and Technology Research;N/A;N/A;N/A;N/A;N/A;N/A;N/A;Amazedia Solutions
Journal of Global Business and Trade;N/A;N/A;N/A;N/A;N/A;0,111;N/A;International Academy of Global Business and Trade
Health Libraries Review;N/A;N/A;N/A;N/A;N/A;N/A;N/A;John Wiley & Sons
Espacios;N/A;N/A;N/A;N/A;N/A;N/A;N/A;Revista Espacios
Journal of System and Management Sciences;N/A;N/A;N/A;N/A;N/A;0,427;N/A;Success Culture Press
International Journal of Supply Chain Management;N/A;N/A;N/A;N/A;N/A;N/A;N/A;ExcelingTech
International Journal on Emerging Technologies;N/A;N/A;N/A;N/A;N/A;N/A;N/A;Research Trends (P) LTD.
Zhengzhou Daxue Xuebao/Journal of Zhengzhou University;N/A;N/A;N/A;N/A;N/A;N/A;N/A;Zhengzhou University
Journal of Sustainable Competitive Intelligence;N/A;N/A;N/A;N/A;N/A;N/A;N/A;Editora Alumni In
Big Data and Computing Visions;N/A;N/A;N/A;N/A;N/A;N/A;N/A;Research Expansion Alliance (REA)
Interfaces;N/A;N/A;N/A;N/A;N/A;N/A;N/A;INFORMS Inst.for Operations Res.and the Management Sciences
INFORMS Journal on Applied Analytics;N/A;N/A;N/A;N/A;N/A;0,602;0,498;INFORMS Inst.for Operations Res.and the Management Sciences
Economia Chilena;N/A;N/A;N/A;N/A;N/A;N/A;N/A;International Collaboration for Research and Publications
Distributed Ledger Technologies;N/A;N/A;N/A;N/A;N/A;N/A;N/A;Association for Computing Machinery
Journal of Commercial Biotechnology;N/A;N/A;N/A;N/A;N/A;0,328;0,178;Journal of Commercial Biotechnology
Journal of Management World;N/A;N/A;N/A;N/A;N/A;0,293;N/A;Editorial Team of JoMW
Journal of Applied Business Research;N/A;N/A;N/A;N/A;N/A;0,337;0,131;Clute Institute
Systems Practice;N/A;N/A;N/A;N/A;N/A;N/A;N/A;Springer Nature
Review of Marketing and Agricultural Economics;N/A;N/A;N/A;N/A;N/A;N/A;N/A;New South Wales
Economie Internationale;N/A;N/A;N/A;N/A;N/A;N/A;N/A;Dares
Touchpoint;N/A;N/A;N/A;N/A;N/A;N/A;N/A;Service Design Network
Journal of Applied Economic Sciences;N/A;N/A;N/A;N/A;N/A;N/A;N/A;RITHA Publishing House
Journal of Korea Trade;N/A;N/A;N/A;N/A;N/A;0,201;0,172;Korea Trade Research Association
Human Resources Management and Services;N/A;N/A;N/A;N/A;N/A;N/A;N/A;PiscoMed Publishing
Pan-African Journal of Education and Social Sciences;N/A;N/A;N/A;N/A;N/A;N/A;N/A;Adventist University of Africa
Economie et Prevision;N/A;N/A;N/A;N/A;N/A;0,046;0,112;Dares
Emergence: Complexity and Organization;N/A;N/A;N/A;N/A;N/A;N/A;N/A;Emergent Publications
Information Technologies and International Development;N/A;N/A;N/A;N/A;N/A;N/A;N/A;USC Annenberg School for Communication
NIM Marketing Intelligence Review;N/A;N/A;N/A;N/A;N/A;N/A;N/A;Walter de Gruyter
Economic and Regional Studies / Studia Ekonomiczne i Regionalne;N/A;N/A;N/A;N/A;N/A;N/A;N/A;Walter de Gruyter
Management (Montevideo);N/A;N/A;N/A;N/A;N/A;N/A;N/A;AG Editor (Uruguay)
Business Ethics and Leadership;N/A;N/A;N/A;N/A;N/A;N/A;N/A;Academic Research and Publishing UG
Advances in Consumer Research;N/A;N/A;N/A;N/A;N/A;0;0,133;Association for Consumer Research
CTU Journal of Innovation and Sustainable Development;N/A;N/A;N/A;N/A;N/A;N/A;N/A;Can Tho University
Textiles Magazine;N/A;N/A;N/A;N/A;N/A;1,862;1,137;Textile Institute International
Built Environment Journal;N/A;N/A;N/A;N/A;N/A;N/A;N/A;MARA University of Technology
ZEV-Zeitschrift fuer Eisenbahnwesen und Verkehrstechnik - Journal for Railway and Transport;N/A;N/A;N/A;N/A;N/A;N/A;N/A;Georg Siemens Verlag GmbH and Co. KG
Strategic Direction;0,1;"1.0%
487/496
Strategy and Management";62;606;8;0,014;0,105;Emerald Publishing
Human Resource Management International Digest;0,1;"1.0%
231/234
Organizational Behavior and Human Resource Management";18;305;4;0,002;0,101;Emerald Publishing
Genetic Engineering and Biotechnology News;0,1;"2.0%
306/314
Biotechnology";110;813;9;0,01;0,14;Mary Ann Liebert
Asian Journal of Interdisciplinary Research;0,1;"18.0%
511/630
Arts and Humanities (miscellaneous)";6;47;13;0,015;0,118;Asian Research Association
World of Mining - Surface and Underground;0,1;"3.0%
231/239
Geotechnical Engineering and Engineering Geology";3;36;8;0,003;0,108;GDMB Gesellschaft fur Bergbau, Metallurgie, Rohstoff- und Umwelttechnik e.V.
Management Review (Taiwan);0,1;"3.0%
435/451
Business and International Management";5;51;8;0,074;0,102;Kung-Hwa Management Foundation
Forbes;0,1;"1.0%
491/496
Strategy and Management";11;199;3;0;0,1;Forbes Magazine
Banking Law Journal;0,1;"4.0%
215/225
General Business, Management and Accounting";9;92;8;0,088;0,105;Sheshunoff Information Services
Futuribles: Analyse et Prospective;0,2;"11.0%
594/674
Social Sciences (miscellaneous)";41;171;18;0,332;0,16;Futuribles
CASE Journal;0,2;"6.0%
211/225
General Business, Management and Accounting";41;194;16;0,03;0,105;Emerald Publishing
Travail et Emploi;0,2;"2.0%
276/284
General Economics, Econometrics and Finance";6;30;20;0,474;0,104;Documentation Francaise
Journal of the Textile Association;0,2;"10.0%
361/402
Industrial and Manufacturing Engineering";16;101;11;0,197;0,133;Textile Association (India)
Atelie Geografico;0,2;"13.0%
250/288
Urban Studies";41;167;18;0,197;0,15;Universidade Federal De Goias (UFG)
Labour/Le Travail;0,2;"24.0%
1398/1850
History";28;174;10;0,503;0,133;Athabasca University
International Journal of Business Process Integration and Management;0,2;"5.0%
425/451
Business and International Management";9;39;18;0,029;0,122;Inderscience Publishers
Journal of the Japan Research Association for Textile End-Uses;0,2;"6.0%
212/225
General Business, Management and Accounting";7;35;17;0,316;0,104;Japan Research Association for Textile End-Uses
Communication and Management;0,2;"4.0%
432/451
Business and International Management";9;60;13;0,058;0,123;Editions ESKA
African Multidisciplinary Tax Journal (AMTJ);0,2;"9.0%
612/674
Social Sciences (miscellaneous)";12;64;14;N/A;N/A;Juta and Company Ltd
International Journal of Marketing Semiotics and Discourse Studies;0,2;"22.0%
869/1126
Language and Linguistics";2;10;20;0,143;0,115;University of Kassel
NTUT Journal of Intellectual Property Law and Management;0,2;"12.0%
962/1105
Law";11;48;21;0,221;0,103;National Taipei University of Technology
Capitale Culturale;0,2;"36.0%
58/91
Museology";70;305;12;0,323;0,15;eum - Edizioni Universita di Macerata
Management and Prospective;0,2;"7.0%
209/225
General Business, Management and Accounting";24;97;18;0,053;0,142;Recherches et Publications en Management A.S.B.L
Journal of International Business Education;0,2;"5.0%
427/451
Business and International Management";16;72;14;0,109;0,107;NeilsonJournals Publishing
Journal of Organizational Behavior Education;0,2;"5.0%
58/61
Industrial Relations";13;61;16;0,189;0,116;Istanbul University Press
Cooperativismo e Economia Social;0,2;"10.0%
991/1105
Law";10;52;13;0;0,111;Faculty of Legal Sciences and Labor, University of Vigo
Journal of Management and Business Research;0,2;"6.0%
423/451
Business and International Management";18;76;18;0,072;0,113;Chinese Management Association
Rivista Italiana di Ragioneria e di Economia Aziendale;0,2;"3.0%
201/208
Business, Management and Accounting (miscellaneous)";13;57;19;0,047;0,111;Casa Editrice Rirea
Asian Case Research Journal;0,2;"5.0%
213/225
General Business, Management and Accounting";12;78;9;0,045;0,116;World Scientific
Revue Internationale de Droit Economique;0,2;"13.0%
954/1105
Law";23;98;15;0,107;0,107;De Boeck
Sociologie du Travail;0,2;"8.0%
1377/1497
Sociology and Political Science";40;191;13;0,29;0,128;Centre de sociologie des organisations
Journal of Empirical Generalisations in Marketing Science;0,3;"5.0%
204/215
Marketing";2;7;29;0,159;0,107;University of South Australia
Quality Progress;0,3;"12.0%
353/402
Industrial and Manufacturing Engineering";42;135;16;N/A;N/A;American Society for Quality
Tamkang Journal of International Affairs;0,3;"15.0%
624/738
Political Science and International Relations";17;51;20;0,29;0,104;Tamkang University
Childhood Education;0,3;"7.0%
1491/1620
Education";76;240;22;0,588;0,136;Taylor & Francis
Retraite et Societe;0,3;"15.0%
1271/1497
Sociology and Political Science";21;61;20;0,286;0,11;Documentation Francaise
Formation Emploi;0,3;"13.0%
1293/1497
Sociology and Political Science";45;141;24;0,468;0,184;Documentation Francaise
International Journal of COMADEM;0,3;"13.0%
350/402
Industrial and Manufacturing Engineering";25;74;19;0,369;0,12;COMADEM International
Mundo Agrario;0,3;"40.0%
1097/1850
History";28;103;17;0,394;0,108;Universidad Nacional de La Plata
Risk Governance and Control: Financial Markets and Institutions;0,3;"8.0%
238/260
Economics, Econometrics and Finance (miscellaneous)";15;49;22;N/A;N/A;Virtus Interpress
International Review of Management and Marketing;0,3;"8.0%
207/225
General Business, Management and Accounting";31;114;18;N/A;N/A;Econjournals
Journal of Investment Strategies;0,3;"7.0%
263/284
General Economics, Econometrics and Finance";14;45;22;0,275;0,16;Infopro digital
Suranaree Journal of Social Science;0,3;"33.0%
568/854
Philosophy";17;64;17;0,031;0,114;Suranaree University of Technology
E-Journal of International and Comparative Labour Studies;0,3;"14.0%
941/1105
Law";17;68;16;0,053;0,117;ADAPT University Press
Journal of Australian Taxation;0,3;"2.0%
326/333
Finance";7;25;20;0;0,104;Journal of Australian Taxation Pty Ltd
Review of Economic Research on Copyright Issues;0,3;"21.0%
868/1105
Law";4;12;17;0,518;0,123;Society for Economic Research on Copyright Issues
Journal of Business Ethics Education;0,3;"40.0%
509/854
Philosophy";18;56;18;0,184;0,108;NeilsonJournals Publishing
Discourses on Culture;0,3;"30.0%
956/1371
Cultural Studies";9;33;18;0,152;0,109;Walter de Gruyter
Record and Library Journal;0,3;"16.0%
240/287
Library and Information Sciences";40;120;25;0,136;0,143;Airlangga University Faculty of Vocational Studies
Recherches en Sciences de Gestion;0,3;"6.0%
195/208
Business, Management and Accounting (miscellaneous)";74;212;21;0,219;0,149;ISEOR
Labor: Studies in Working-Class History;0,4;"50.0%
918/1850
History";42;120;18;0,363;0,136;Duke University Press
Emerald Emerging Markets Case Studies;0,4;"9.0%
1468/1620
Education";211;580;23;0,089;0,16;Emerald Publishing
Asian International Studies Review;0,4;"51.0%
901/1850
History";14;39;26;0,056;0,126;Brill
Travail, Genre et Societes;0,4;"21.0%
178/227
Gender Studies";36;100;25;0,47;0,153;Editions La Decouverte
International Journal of Risk Assessment and Management;0,4;"8.0%
160/175
Statistics, Probability and Uncertainty";17;38;37;0,155;0,117;Inderscience Publishers
Logistics Journal;0,4;"6.0%
351/375
Control and Systems Engineering";25;67;25;0,249;0,126;Wissenschaftliche Gesellschaft fur Technische Logistik
Zeitschrift fur Evaluation;0,4;"18.0%
553/674
Social Sciences (miscellaneous)";22;58;24;0,387;0,163;Waxmann Verlag GmbH
Cronica Tributaria;0,4;"27.0%
804/1105
Law";36;83;25;0,853;0,148;Instituto de Estudios Fiscales
British Tax Review;0,4;"25.0%
827/1105
Law";41;105;24;0,522;0,204;Thomson Reuters
Zhongbei Daxue Xuebao (Ziran Kexue Ban)/Journal of North University of China (Natural Science Edition);0,4;"7.0%
284/305
Management of Technology and Innovation";149;339;30;0,204;0,138;North China Institute of Technology
Revista Brasileira de Orientacao Profissional;0,4;"9.0%
1471/1620
Education";16;45;27;0,588;0,155;Universidade de Sao Paulo, Faculdade de Filosofia
Dynamic Relationships Management Journal;0,4;"12.0%
227/260
Economics, Econometrics and Finance (miscellaneous)";20;48;27;0,083;0,126;Slovenian Academy of Management
Zeitschrift fur Unternehmensgeschichte;0,4;"57.0%
792/1850
History";19;45;24;0,712;0,126;Walter de Gruyter
AtoZ;0,4;"17.0%
238/287
Library and Information Sciences";45;128;21;0,175;0,127;Programa de Pos-Graduacao em Gestao da Informacao, Universidade Federal do Parana
Canadian Tax Journal;0,4;"25.0%
826/1105
Law";57;145;23;0,094;0,126;Canadian Tax Foundation
International Journal of Innovation;0,4;"19.0%
544/674
Social Sciences (miscellaneous)";21;54;24;0,613;0,122;Universidade Nove de Julho-UNINOVE
NTU Management Review;0,4;"8.0%
206/225
General Business, Management and Accounting";24;62;29;0,193;0,13;College of Management Press
Revista de Gestion Publica;0,4;"17.0%
51/61
Industrial Relations";13;34;24;0,38;0,23;Universidad de Valparaiso
International Journal of Information and Management Sciences;0,5;"18.0%
156/190
Information Systems and Management";37;80;23;0,113;0,131;Tamkang University
Labour History Review;0,5;"61.0%
719/1850
History";22;46;33;0,832;0,121;Liverpool University Press
International Journal of Environment, Workplace and Employment;0,5;"7.0%
218/234
Organizational Behavior and Human Resource Management";23;50;16;0,113;0,137;Inderscience Publishers
Costume;0,5;"61.0%
711/1850
History";17;35;26;0,434;0,101;Edinburgh University Press
Journal of Insect Biotechnology and Sericology;0,5;"17.0%
332/402
Industrial and Manufacturing Engineering";11;21;29;0,068;0,117;Japanese Society of Sericultural Sciences
Journal of Private Enterprise;0,5;"13.0%
247/284
General Economics, Econometrics and Finance";36;73;26;0,205;0,137;Association of Private Enterprise Education
International Journal of Organizational Diversity;0,5;"52.0%
645/1371
Cultural Studies";23;43;30;0,211;0,119;Common Ground Research Networks
Micro and Macro Marketing;0,5;"6.0%
201/215
Marketing";53;105;31;0,06;0,118;Il Mulino publishing house
International Journal of Interdisciplinary Organizational Studies;0,5;"14.0%
243/284
General Economics, Econometrics and Finance";31;57;21;0,252;0,146;Common Ground Research Networks
Revue de l'Entrepreneuriat;0,5;"9.0%
189/208
Business, Management and Accounting (miscellaneous)";20;41;32;0,219;0,197;CAIRN Publishers
Corporate Board: Role, Duties and Composition;0,5;"11.0%
27/30
Decision Sciences (miscellaneous)";15;32;22;N/A;N/A;Virtus Interpress
World Customs Journal;0,5;"14.0%
244/284
General Economics, Econometrics and Finance";34;63;41;0,215;0,132;International Network of Customs Universities
Northwestern Journal of International Law and Business;0,5;"31.0%
761/1105
Law";20;39;31;0,406;0,14;Northwestern University School of Law
Journal of Accounting Review;0,5;"11.0%
200/225
General Business, Management and Accounting";18;33;42;0,178;0,125;Journal Of Accounting Review
Journal of Information Systems Security;0,5;"18.0%
155/190
Information Systems and Management";18;36;28;0,216;0,129;Information Institute
Sport i Turystyka;0,5;"65.0%
635/1850
History";70;129;27;0,33;0,15;Jan Dlugosz University Publishing House
Review of Business and Economics Studies;0,5;"13.0%
246/284
General Economics, Econometrics and Finance";52;98;29;0,121;0,128;Financial University under The Government of Russian Federation
Indian Journal of Economics and Development;0,5;"11.0%
745/841
Geography, Planning and Development";216;422;30;0,257;0,148;The Society of Economics and Development
Bulletin for International Taxation;0,5;"32.0%
748/1105
Law";119;222;26;0,317;0,197;International Bureau of Fiscal Documentation (IBFD)
Wirtschaftsdienst;0,5;"10.0%
187/208
Business, Management and Accounting (miscellaneous)";300;552;32;0,459;0,244;Walter de Gruyter
Icon;0,5;"39.0%
146/239
History and Philosophy of Science";22;48;25;0,407;0,145;International Committee for the History of Technology
Travail Humain;0,5;"18.0%
50/61
Industrial Relations";18;36;22;0,349;0,129;Presses Universitaires de France
Florida Tax Review;0,6;"36.0%
704/1105
Law";34;55;22;0;0,198;University of Florida Press
Sociologia del Lavoro;0,6;"28.0%
1067/1497
Sociology and Political Science";91;142;35;0,238;0,186;Franco Angeli Edizioni
eJournal of Tax Research;0,6;"11.0%
295/333
Finance";29;47;26;0,961;0,153;University of New South Wales
Journal of Tourism History;0,6;"70.0%
537/1850
History";34;54;37;N/A;0,201;Taylor & Francis
Labour History;0,6;"71.0%
521/1850
History";49;76;32;1,175;0,296;Liverpool University Press
Asian Journal of Management Cases;0,6;"12.0%
197/225
General Business, Management and Accounting";34;53;30;0,131;0,131;SAGE
International Journal of Product Development;0,6;"9.0%
409/451
Business and International Management";49;87;29;0,166;0,125;Inderscience Publishers
International Journal of Mobile Network Design and Innovation;0,6;"15.0%
382/450
Artificial Intelligence";20;32;28;0,076;0,113;Inderscience Publishers
Zeitschrift fur die gesamte Versicherungswissenschaft;0,6;"10.0%
299/333
Finance";36;61;31;0,225;0,162;Duncker und Humblot GmbH
Global Trade and Customs Journal;0,6;"33.0%
734/1105
Law";152;269;33;0,385;0,243;Kluwer Law International
Entreprises et Histoire;0,6;"68.0%
585/1850
History";79;137;36;0,529;0,201;Editions ESKA
Change Management;0,6;"7.0%
460/496
Strategy and Management";21;34;35;0,087;0,137;Common Ground Research Networks
Frontiers of Health Services Management;0,6;"12.0%
198/225
General Business, Management and Accounting";42;72;35;N/A;0,194;Wolters Kluwer Health
Custos e Agronegocio;0,6;"9.0%
375/414
Agronomy and Crop Science";163;268;29;0,131;0,143;Universidade Federal Rural de Pernambuco
Journal of the Korean Society for Railway;0,6;"14.0%
257/299
Energy Engineering and Power Technology";218;377;34;0,611;0,219;Korean Society for Railway
Journal of the Australasian Tax Teachers Association;0,6;"35.0%
715/1105
Law";15;25;28;0,212;0,113;Australasian Tax Teachers' Association
Revue Europeenne d' Economie et Management des Services;0,6;"8.0%
280/305
Management of Technology and Innovation";26;46;26;0,101;0,154;Editions Classiques Garnier
Finance India;0,6;"10.0%
300/333
Finance";148;255;28;0,294;0,142;Indian Institute of Finance
Thailand and the World Economy;0,6;"19.0%
211/260
Economics, Econometrics and Finance (miscellaneous)";58;91;38;0,252;0,144;Thammasat University
Korean Accounting Review;0,6;"6.0%
171/182
Accounting";83;149;33;0,362;0,201;Korean Accounting Association
Studia Sportiva;0,6;"18.0%
1314/1620
Education";77;120;34;0,186;0,176;Masaryk University Faculty of Sports Studies
Economia;0,6;"27.0%
535/738
Political Science and International Relations";17;29;28;0,47;0,225;LSE Press
International Journal of Banking, Accounting and Finance;0,6;"9.0%
663/731
Economics and Econometrics";32;56;34;0,185;0,133;Inderscience Publishers
Relations Industrielles;0,6;"11.0%
208/234
Organizational Behavior and Human Resource Management";55;85;29;0,193;0,197;Laval University, Department of Industrial Relations
Industrielle Beziehungen;0,6;"20.0%
49/61
Industrial Relations";23;37;35;0,323;0,116;Nomos Verlagsgesellschaft mbH und Co KG
International Journal of Accounting and Economics Studies;0,6;"11.0%
184/208
Business, Management and Accounting (miscellaneous)";6;10;30;0;N/A;Science Publishing Corporation Inc.
Journal of Research, Innovation and Technologies;0,6;"15.0%
380/450
Artificial Intelligence";24;38;39;N/A;N/A;RITHA Publishing House
Organization Development Journal;0,6;"11.0%
208/234
Organizational Behavior and Human Resource Management";55;85;41;0,195;0,201;Organization Development Institute
China Biotechnology;0,6;"18.0%
213/260
Economics, Econometrics and Finance (miscellaneous)";358;584;36;0,136;0,122;China Biotechnology Press
Journal of Cultural Marketing Strategy;0,7;"13.0%
203/234
Organizational Behavior and Human Resource Management";39;57;39;0,136;0,142;Henry Stewart Publications
Journal of Business Continuity and Emergency Planning;0,7;"13.0%
391/451
Business and International Management";83;119;32;0,192;0,165;Henry Stewart Publications
International Labor and Working-Class History;0,7;"74.0%
479/1850
History";73;103;32;1,01;0,185;Cambridge University Press
International Journal for Housing Science and Its Applications;0,7;"49.0%
104/203
Architecture";25;36;25;0;0,106;International Association for Housing Science
Arbitration International;0,7;"38.0%
681/1105
Law";86;126;40;0,97;0,349;Oxford University Press
Cuadernos de Relaciones Laborales;0,7;"29.0%
1059/1497
Sociology and Political Science";56;86;34;0,227;0,152;Universidad Complutense de Madrid
International Journal of Manufacturing Technology and Management;0,7;"22.0%
148/190
Information Systems and Management";79;120;38;0,135;0,137;Inderscience Publishers
Library Leadership and Management;0,7;"32.0%
194/287
Library and Information Sciences";38;52;37;0,458;0,234;American Library Association
International Journal of Services and Standards;0,7;"10.0%
274/305
Management of Technology and Innovation";8;12;42;0,025;0,119;Inderscience Publishers
Credit and Capital Markets;0,7;"38.0%
676/1105
Law";36;52;35;0,192;0,13;Duncker und Humblot GmbH
Journal of Japan Industrial Management Association;0,7;"21.0%
316/402
Industrial and Manufacturing Engineering";55;84;31;0,33;0,167;Nihon Keikei Kogakkai
Middle East Quarterly;0,7;"31.0%
504/738
Political Science and International Relations";9;13;31;0;0,104;Middle East Forum
Industria;0,7;"22.0%
220/284
General Economics, Econometrics and Finance";67;95;37;0,164;0,147;Societa Editrice Il Mulino
Hitotsubashi Journal of Economics;0,7;"13.0%
195/225
General Business, Management and Accounting";22;32;34;0,277;0,158;Hitotsubashi University
Cuadernos de Administracion;0,7;"22.0%
222/284
General Economics, Econometrics and Finance";23;33;33;0,256;0,115;Pontificia Universidad Javeriana
Turismo y Sociedad;0,7;"18.0%
684/841
Geography, Planning and Development";80;113;35;0,42;0,179;Universidad Externado de Colombia
International Journal of Educational Organization and Leadership;0,7;"20.0%
1296/1620
Education";36;53;40;0,114;0,162;Common Ground Research Networks
SCMS Journal of Indian Management;0,7;"14.0%
194/225
General Business, Management and Accounting";96;137;37;0,103;0,148;SCMS Group of Educational Institutions
Marketing, Zeitschrift fur Forschung und Praxis;0,7;"11.0%
276/313
Social Psychology";29;41;44;0,225;0,175;C.H.BECK
Advances in Business Related Scientific Research Journal;0,7;"37.0%
692/1105
Law";30;46;28;0,084;0,115;GEA College – Faculty of Entrepreneurship
Central European Journal of Sport Sciences and Medicine;0,7;"18.0%
207/254
Physical Therapy, Sports Therapy and Rehabilitation";94;128;34;0,234;0,19;Wydawnictwo Naukowe Uniwersytetu Szczecinskiego
African Journal of Business and Economic Research;0,7;"12.0%
394/451
Business and International Management";203;298;33;0,238;0,156;Adonis & Abbey Publishers Ltd.
Journal of Food Distribution Research;0,7;"12.0%
361/414
Agronomy and Crop Science";53;76;34;0,324;0,19;Food Distribution Research Society
International Real Estate Review;0,7;"29.0%
204/288
Urban Studies";53;81;37;0,174;0,146;Global Social Science Institute
Journal of Entrepreneurial and Organizational Diversity;0,7;"31.0%
465/674
Social Sciences (miscellaneous)";21;32;31;0,433;0,157;EURICSE
Vestnik MGIMO-Universiteta;0,7;"72.0%
510/1850
History";136;206;37;0,64;0,225;MGIMO University
Organizatsionnaya Psikhologiya;0,7;"14.0%
201/234
Organizational Behavior and Human Resource Management";136;188;35;0,409;0,183;National Research University Higher School of Economics (HSE University)
Business Management;0,7;"21.0%
205/260
Economics, Econometrics and Finance (miscellaneous)";44;66;30;0,179;0,123;Dimitar A Tsenov Academy of Economics
Logistique et Management;0,7;"10.0%
273/305
Management of Technology and Innovation";48;70;44;0,296;0,132;Taylor & Francis
Revue Francaise de Gestion;0,7;"11.0%
399/451
Business and International Management";99;149;46;0,172;0,135;John Libbey
REGEPE Entrepreneurship and Small Business Journal;0,7;"14.0%
178/208
Business, Management and Accounting (miscellaneous)";55;81;42;0,178;0,128;Associacao Nacional de Estudos em Empreendedorismo e Gestao de Pequenas Empresas - ANEGEPE
Multinational Finance Journal;0,7;"15.0%
176/208
Business, Management and Accounting (miscellaneous)";11;16;38;0,124;0,12;Multinational Finance Society
Journal of Digital and Social Media Marketing;0,8;"33.0%
357/535
Communication";91;115;34;0,115;0,152;Henry Stewart Publications
Journal of Airport Management;0,8;"24.0%
196/260
Economics, Econometrics and Finance (miscellaneous)";86;113;35;0,231;0,132;Henry Stewart Publications
Revista de Contabilidade e Organizacoes;0,8;"24.0%
1219/1620
Education";55;66;36;0,262;0,14;Universidade De Sao Paulo
Journal of Textile and Apparel, Technology and Management;0,8;"12.0%
266/305
Management of Technology and Innovation";36;44;34;0,269;0,152;North Carolina State University
History of Retailing and Consumption;0,8;"78.0%
407/1850
History";46;57;39;0,739;0,214;Taylor & Francis
Afro-Asian Journal of Finance and Accounting;0,8;"15.0%
283/333
Finance";132;161;35;0,274;0,193;Inderscience Publishers
International Journal of Accounting, Auditing and Performance Evaluation;0,8;"16.0%
196/234
Organizational Behavior and Human Resource Management";56;69;41;0,234;0,182;Inderscience Publishers
International Journal of Environment and Health;0,8;"17.0%
570/687
Public Health, Environmental and Occupational Health";11;14;29;0,966;0,3;Inderscience Publishers
DLSU Business and Economics Review;0,8;"27.0%
205/284
General Economics, Econometrics and Finance";71;88;33;0,287;0,151;De la Salle University
Fashion, Style and Popular Culture;0,8;"65.0%
478/1371
Cultural Studies";81;106;37;0,277;0,27;Intellect Publishers
Revista de Metodos Cuantitativos para la Economia y la Empresa;0,8;"25.0%
211/284
General Economics, Econometrics and Finance";123;158;39;0,253;0,156;Universidad Pablo de Olavide
Revista Academia and Negocios;0,8;"14.0%
193/225
General Business, Management and Accounting";58;77;38;0,539;0,124;Universidad de Concepcion
AIS Transactions on Replication Research;0,8;"17.0%
393/474
Information Systems";25;31;39;0,145;0,152;Association for Information Systems
UCJC Business and Society Review;0,8;"16.0%
189/225
General Business, Management and Accounting";58;73;34;0,101;0,132;Universia Holding
Purushartha;0,8;"67.0%
275/854
Philosophy";62;75;40;0,195;0,196;School of Management Sciences
Journal of Advanced Manufacturing Technology;0,8;"27.0%
116/160
Control and Optimization";84;103;40;0,393;0,175;Penerbit Universiti Teknikal Malaysia Melaka
Journal of Retirement;0,8;"19.0%
49/60
Life-span and Life-course Studies";64;79;42;0,357;0,192;Portfolio Management Research
Journal of Nonprofit Education and Leadership;0,8;"56.0%
275/630
Arts and Humanities (miscellaneous)";64;76;41;0,295;0,175;Sagamore Publishing LLC
Review of Applied Socio-Economic Research;0,8;"34.0%
439/674
Social Sciences (miscellaneous)";68;87;36;0,198;0,142;Pro Global Science Association
European Project Management Journal;0,8;"19.0%
168/208
Business, Management and Accounting (miscellaneous)";38;46;48;0,308;0,167;IPMA Serbia
International Journal of Business and Globalisation;0,8;"17.0%
187/225
General Business, Management and Accounting";286;352;41;0,231;0,189;Inderscience Publishers
Finance a Uver - Czech Journal of Economics and Finance;0,8;"16.0%
153/182
Accounting";53;63;41;0,348;0,19;Faculty of Social Sciences, Charles University
Jurnal Kajian Bali;0,8;"89.0%
127/1160
Literature and Literary Theory";92;117;38;0,403;0,158;Udayana University
Suma de Negocios;0,8;"18.0%
171/208
Business, Management and Accounting (miscellaneous)";50;65;35;0,165;0,125;Fundacion Universitaria Konrad Lorenz
PuntOorg International Journal;0,8;"65.0%
480/1371
Cultural Studies";38;50;26;0,196;0,176;Editoriale Scientifica srl
Psihologia Resurselor Umane;0,8;"17.0%
258/313
Clinical Psychology";25;33;33;0,166;0,188;Association of Industrial and Organizational Psychology (APIO)
International Journal of Systematic Innovation;0,8;"31.0%
138/200
";83;103;37;0,285;0,141;Society of Sytematic Innovation
Revista de Historia Industrial;0,9;"82.0%
331/1850
History";56;59;56;0,853;0,175;Universitat de Barcelona
Issues in Information Systems;0,9;"19.0%
182/225
General Business, Management and Accounting";332;366;39;0,167;0,158;International Association for Computer Information Systems
New Labor Forum;0,9;"40.0%
404/674
Social Sciences (miscellaneous)";112;120;38;2,501;0,215;SAGE
Cuadernos de Turismo;0,9;"25.0%
623/841
Geography, Planning and Development";94;104;46;0,795;0,156;Universidad de Murcia
ZWF Zeitschrift fuer Wirtschaftlichen Fabrikbetrieb;0,9;"20.0%
274/344
General Engineering";656;692;40;0,42;0,271;Walter de Gruyter
International Journal of Public Sector Performance Management;0,9;"25.0%
182/242
Public Administration";225;258;36;0,396;0,195;Inderscience Publishers
International Journal of Action Research;0,9;"38.0%
926/1497
Sociology and Political Science";55;62;35;0,374;0,252;Verlag Barbara Budrich
Organizational Cultures;0,9;"18.0%
191/234
Organizational Behavior and Human Resource Management";44;49;37;0,376;0,145;Common Ground Research Networks
Journal of Risk;0,9;"18.0%
272/333
Finance";83;93;37;0,419;0,2;Incisive Media Ltd.
International Journal of Business;0,9;"19.0%
269/333
Finance";81;88;41;0,19;0,189;Chaoyang University of Technology
Journal of Investing;0,9;"19.0%
270/333
Finance";166;181;36;0,361;0,215;Portfolio Management Research
Southeast Asian Journal of Economics;0,9;"31.0%
194/284
General Economics, Econometrics and Finance";67;73;48;0,402;0,18;Chulalognkorn University
Direccion y Organizacion;0,9;"26.0%
294/402
Industrial and Manufacturing Engineering";74;80;38;0,23;0,189;ADINGOR – Asociación para el Desarrollo de la Ingeniería de Organización
Economics and Culture;0,9;"44.0%
614/1105
Law";57;65;37;0,436;0,234;Walter de Gruyter
International Journal of Knowledge-Based Development;0,9;"26.0%
140/190
Information Systems and Management";64;72;33;0,173;0,146;Inderscience Publishers
International Journal of Information and Decision Sciences;0,9;"26.0%
141/190
Information Systems and Management";74;84;40;0,237;0,162;Inderscience Publishers
International Journal of Emergency Management;0,9;"27.0%
80/110
Emergency Medicine";34;40;48;0,301;0,196;Inderscience Publishers
International Journal of Foresight and Innovation Policy;0,9;"15.0%
259/305
Management of Technology and Innovation";28;31;42;0,177;0,131;Inderscience Publishers
International Journal of Project Organisation and Management;0,9;"14.0%
424/496
Strategy and Management";72;78;46;0,231;0,161;Inderscience Publishers
International Journal of Services Technology and Management;0,9;"19.0%
278/344
General Engineering";54;60;42;0,162;0,153;Inderscience Publishers
Zeszyty Teoretyczne Rachunkowosci;0,9;"20.0%
166/208
Business, Management and Accounting (miscellaneous)";105;119;36;0,281;0,166;Scientific Council of the Accountants Association in Poland
Tasmimgiri va Tahqiq dar Amaliyyat;0,9;"29.0%
114/160
Control and Optimization";184;215;45;0,228;0,164;Research Expansion Alliance (REA)
Revista Brasileira de Marketing;0,9;"15.0%
615/731
Economics and Econometrics";139;162;41;0,264;0,159;Universidade Nove de Julho-UNINOVE
International Journal of Information Science and Management;0,9;"37.0%
179/287
Library and Information Sciences";229;250;40;0,254;0,189;Regional Information Center for Science and Technology
Contaduria y Administracion;1;"20.0%
179/225
General Business, Management and Accounting";314;304;41;0,239;0,139;Universidad Nacional Autonoma de Mexico
Rivista di Studi sulla Sostenibilita;1;"48.0%
574/1105
Law";129;131;35;0,232;0,138;Franco Angeli Edizioni
Accounting and the Public Interest;1;"17.0%
151/182
Accounting";19;20;40;0,148;0,15;American Accounting Association
Journal of Brand Strategy;1;"39.0%
324/535
Communication";111;108;40;0,234;0,288;Henry Stewart Publications
Journal of Data Protection and Privacy;1;"47.0%
576/1105
Law";91;93;39;0,365;0,175;Henry Stewart Publications
Applied Marketing Analytics;1;"18.0%
144/175
Statistics, Probability and Uncertainty";135;137;45;0,253;0,181;Henry Stewart Publications
Journal of Health and Human Services Administration;1;"23.0%
525/687
Public Health, Environmental and Occupational Health";47;47;30;0,338;0,191;SAGE
NJAS: Impact in Agricultural and Life Sciences;1;"29.0%
162/228
General Agricultural and Biological Sciences";29;29;52;0,414;0,326;Taylor & Francis
Development and Learning in Organizations;1;"39.0%
173/287
Library and Information Sciences";299;307;28;0,27;0,212;Emerald Publishing
Global Business and Economics Review;1;"18.0%
598/731
Economics and Econometrics";175;181;46;0,29;0,167;Inderscience Publishers
International Journal of Sport Management and Marketing;1;"17.0%
409/496
Strategy and Management";92;88;42;0,266;0,217;Inderscience Publishers
International Journal of Technoentrepreneurship;1;"18.0%
594/731
Economics and Econometrics";20;20;45;0,181;0,172;Inderscience Publishers
Journal of Advertising Education;1;"39.0%
323/535
Communication";35;34;50;0,377;0,235;SAGE
Journal of Law, Finance, and Accounting;1;"48.0%
569/1105
Law";21;21;38;0,713;1,08;Now Publishers Inc
Gedrag en Organisatie;1;"21.0%
185/234
Organizational Behavior and Human Resource Management";64;62;48;0,196;0,163;Amsterdam University Press
Mercados y Negocios;1;"23.0%
159/208
Business, Management and Accounting (miscellaneous)";52;51;47;0,565;0,15;Universidad de Guadalajara
International Journal of Standardization Research;1;"18.0%
770/947
Computer Science Applications";6;6;67;0,617;0,11;IGI Global Publishing
Journal for Advancement of Marketing Education;1;"28.0%
1151/1620
Education";26;26;38;0,251;0,16;Marketing Management Association
Journal of Beta Investment Strategies;1;"20.0%
264/333
Finance";101;105;44;0,929;0,328;Portfolio Management Research
Journal of Integrated Disaster Risk Management;1;"42.0%
166/288
Urban Studies";66;64;47;0,455;0,228;IDRiM Society
Spatial Economics;1;"41.0%
394/674
Social Sciences (miscellaneous)";135;138;43;0,407;0,224;Economic Research Institute, Far Eastern Branch, Russian Academy of Sciences
Journal of Tourism Analysis;1;"54.0%
238/524
Anthropology";41;42;60;0,245;0,171;Asociacion Espanola de Expertos Cientificos en Turismo
International Game Theory Review;1;"20.0%
140/175
Statistics, Probability and Uncertainty";109;107;39;0,541;0,218;World Scientific
China: An International Journal;1;"41.0%
167/285
General Social Sciences";151;148;44;0,502;0,259;Centre for Medical Education (CenMed) Yong Loo Lin School of Medicine National University of Singapore
International Journal of Applied Management Science;1;"15.0%
419/496
Strategy and Management";76;79;37;0,275;0,145;Inderscience Publishers
Management Revue;1;"20.0%
180/225
General Business, Management and Accounting";69;69;45;0,329;0,201;Nomos Verlagsgesellschaft mbH und Co KG
Revista Brasileira de Pesquisa em Turismo;1;"42.0%
387/674
Social Sciences (miscellaneous)";130;130;43;0,334;0,153;Associacao Nacional de Pesquisa e Pos-Graduacao em Turismo - ANPTUR
Journal Of Organizational Behavior Research;1;"29.0%
135/190
Information Systems and Management";134;141;49;0,028;0,104;Deniz Publication
PASOS Revista de Turismo y Patrimonio Cultural;1;"72.0%
377/1371
Cultural Studies";252;248;43;0,418;0,182;University of La Laguna
Journal of Economics and Management (Poland);1;"32.0%
177/260
Economics, Econometrics and Finance (miscellaneous)";37;38;47;0,32;0,159;University of Economics in Katowice
International Journal of Business Data Communications and Networking;1,1;"23.0%
389/507
Computer Networks and Communications";27;24;50;0,396;0,197;IGI Global Publishing
International Journal of Arts Management;1,1;"88.0%
79/676
Visual Arts and Performing Arts";87;79;43;0,36;0,272;Ecole des Hautes Etudes Commerciales
Revista Contabilidade e Financas;1,1;"26.0%
246/333
Finance";184;164;45;0,448;0,202;Universidade De Sao Paulo
Journal of Real Estate Portfolio Management;1,1;"44.0%
161/288
Urban Studies";21;20;55;0,432;0,151;Taylor & Francis
Journal of East European Management Studies;1,1;"28.0%
44/61
Industrial Relations";120;112;50;0,224;0,187;Taylor & Francis
Journal of Historical Research in Marketing;1,1;"17.0%
178/215
Marketing";63;60;43;0,697;0,234;Emerald Publishing
Economists' Voice;1,1;"37.0%
178/284
General Economics, Econometrics and Finance";94;84;46;0,599;0,345;Walter de Gruyter
Journal of Business Valuation and Economic Loss Analysis;1,1;"24.0%
251/333
Finance";12;11;55;1,109;0,193;Walter de Gruyter
Journal of Housing Research;1,1;"46.0%
156/288
Urban Studies";44;39;49;0,692;0,271;Taylor & Francis
International Journal of Work Organisation and Emotion;1,1;"23.0%
180/234
Organizational Behavior and Human Resource Management";90;79;39;0,246;0,204;Inderscience Publishers
EC Tax Review;1,1;"49.0%
554/1105
Law";106;100;51;0,756;0,421;Kluwer Law International
Journal Globalization, Competitiveness and Governability;1,1;"44.0%
375/674
Social Sciences (miscellaneous)";76;72;53;0,367;0,161;Georgetown University
International Journal of Technology Management and Sustainable Development;1,1;"32.0%
570/841
Geography, Planning and Development";70;62;48;0,181;0,136;Intellect Publishers
Information and Media;1,1;"43.0%
851/1497
Sociology and Political Science";73;69;58;0,536;0,172;Vilnius University Press
Vlakna a Textil;1,1;"25.0%
174/232
Materials Science (miscellaneous)";167;157;42;0,251;0,183;Slovak University of Technology
Revue d'Economie Industrielle;1,1;"31.0%
42/61
Industrial Relations";65;57;39;0,259;0,163;De Boeck
Corporate Law and Governance Review;1,1;"52.0%
530/1105
Law";116;103;35;0,298;0,151;Virtus Interpress
Journal of Ethnology and Folkloristics;1,1;"74.0%
349/1371
Cultural Studies";97;89;53;0,907;0,288;Walter de Gruyter
PSL Quarterly Review;1,1;"49.0%
557/1105
Law";78;74;54;0,582;0,263;Economia Civile
International Journal of Public Policy and Administration Research;1,1;"30.0%
169/242
Public Administration";35;33;39;0,274;0,146;Conscientia Beam
International Journal of Management and Sustainability;1,1;"32.0%
569/841
Geography, Planning and Development";160;140;38;0,388;0,185;Conscientia Beam
Journal of Property Tax Assessment and Administration;1,1;"50.0%
551/1105
Law";30;28;50;0,507;0,163;International Association of Assessing Officers
Engineering Project Organization Journal;1,1;"31.0%
130/190
Information Systems and Management";31;29;41;0,135;0,142;Engineering Project Organization Society (EPOS)
Finance: Theory and Practice;1,1;"37.0%
164/260
Economics, Econometrics and Finance (miscellaneous)";429;382;41;0,426;0,185;Financial University under The Government of Russian Federation
Innovations;1,1;"20.0%
583/731
Economics and Econometrics";101;95;46;0,361;0,174;De Boeck
International Journal of Empirical Economics;1,1;"35.0%
169/260
Economics, Econometrics and Finance (miscellaneous)";43;40;38;0,076;N/A;World Scientific
Quarterly Journal of Finance;1,1;"25.0%
248/333
Finance";95;85;46;0,366;0,407;World Scientific
International Journal of Multicriteria Decision Making;1,1;"18.0%
407/496
Strategy and Management";32;30;47;0,222;0,166;Inderscience Publishers
e-Review of Tourism Research;1,1;"31.0%
573/841
Geography, Planning and Development";50;45;47;0,215;0,157;Texas A and M University
IZA Journal of Labor Policy;1,1;"30.0%
43/61
Industrial Relations";38;34;47;1,054;0,451;Laborwide
Journal of Sustainable Marketing;1,1;"17.0%
177/215
Marketing";32;29;48;0,241;0,236;Luminous Insights LLC
Management and Accounting Review;1,1;"25.0%
250/333
Finance";179;163;44;0,283;0,162;Universiti Teknologi Mara
Lecturas de Economia;1,2;"47.0%
356/674
Social Sciences (miscellaneous)";98;84;35;0,328;0,156;Universidad de Antioquia
Tourism in Marine Environments;1,2;"34.0%
548/841
Geography, Planning and Development";67;54;61;0,174;0,198;Cognizant Communication Corporation
ATA Journal of Legal Tax Research;1,2;"54.0%
505/1105
Law";17;14;57;1,468;0,149;American Accounting Association
Journal of Interpretation Research;1,2;"33.0%
1071/1620
Education";28;23;48;0,456;0,17;SAGE
International Journal of Innovation and Sustainable Development;1,2;"19.0%
245/305
Management of Technology and Innovation";138;115;48;0,265;0,189;Inderscience Publishers
International Journal of Intelligent Enterprise;1,2;"20.0%
393/496
Strategy and Management";133;109;56;0,238;0,166;Inderscience Publishers
International Journal of Business Intelligence and Data Mining;1,2;"33.0%
126/190
Information Systems and Management";228;187;44;0,235;0,15;Inderscience Publishers
International Journal of Entrepreneurship and Innovation Management;1,2;"23.0%
557/731
Economics and Econometrics";91;78;45;0,317;0,237;Inderscience Publishers
International Journal of RF Technologies: Research and Applications;1,2;"32.0%
272/402
Industrial and Manufacturing Engineering";23;20;55;0,218;0,136;SAGE
Intertax;1,2;"54.0%
506/1105
Law";334;276;43;0,714;0,493;Kluwer Law International
Encontros Bibli;1,2;"44.0%
160/287
Library and Information Sciences";194;168;29;0,456;0,187;Universidade Federal de Santa Catarina
Sociologia y Tecnociencia;1,2;"46.0%
798/1497
Sociology and Political Science";130;107;57;0,676;0,266;Universidad de Valladolid
Revista Finanzas y Politica Economica;1,2;"30.0%
233/333
Finance";91;74;47;0,487;0,186;Universidad Catolica de Colombia
Journal of Economic Cooperation and Development;1,2;"49.0%
375/738
Political Science and International Relations";151;123;33;1,203;0,14;Statistical Economic and Social Research and Training Centre for Islamic Countries
Systemes d'Information et Management;1,2;"19.0%
247/305
Management of Technology and Innovation";30;26;50;0,107;0,251;Editions ESKA
Nursing Management;1,2;"24.0%
178/234
Organizational Behavior and Human Resource Management";437;361;40;0,474;0,317;Wolters Kluwer Health
Journal of International Studies (Malaysia);1,2;"49.0%
373/738
Political Science and International Relations";74;60;45;1,234;0,265;Universiti Utara Malaysia Press
Comptabilite Controle Audit;1,2;"30.0%
232/333
Finance";32;26;38;0,319;0,137;Francophone Association of Accounting
Journal of Applied Communications;1,2;"46.0%
287/535
Communication";142;116;52;0,375;0,279;New Prairie Press
IBIMA Business Review;1,2;"32.0%
1098/1620
Education";341;296;36;0,176;0,149;IBIMA Publishing
Journal of Energy Markets;1,2;"26.0%
58/78
General Energy";53;45;47;0,278;0,229;Infopro digital
ACRN Journal of Finance and Risk Perspectives;1,2;"28.0%
239/333
Finance";28;24;63;0,208;0,132;ACRN Oxford Ltd.
American Business Review;1,2;"29.0%
148/208
Business, Management and Accounting (miscellaneous)";112;97;48;0,456;0,221;Pompea College of Business, University of New Haven
Journal of Industrial Engineering and Engineering Management;1,2;"34.0%
125/190
Information Systems and Management";622;500;53;0,52;0,247;Zhejiang University
International Journal of Trade and Global Markets;1,2;"39.0%
173/284
General Economics, Econometrics and Finance";205;177;41;0,224;0,183;Inderscience Publishers
International Journal of Data Mining, Modelling and Management;1,2;"24.0%
272/361
Modeling and Simulation";96;80;49;0,282;0,161;Inderscience Publishers
International Journal of Business Continuity and Risk Management;1,2;"27.0%
127/175
Statistics, Probability and Uncertainty";106;85;49;0,386;0,185;Inderscience Publishers
Journal of Higher Education Policy and Leadership Studies;1,2;"46.0%
360/674
Social Sciences (miscellaneous)";167;145;42;0,391;0,263;Ali Khorsandi Taskoh
Argumenta Oeconomica;1,2;"24.0%
552/731
Economics and Econometrics";121;101;36;0,184;0,167;Wroclaw University of Economics
Behavioral Research in Accounting;1,3;"26.0%
134/182
Accounting";53;40;55;0,584;0,714;American Accounting Association
Business and Professional Ethics Journal;1,3;"77.0%
196/854
Philosophy";75;60;35;0,518;0,226;Philosophy Documentation Center
Journal of Payments Strategy and Systems;1,3;"35.0%
123/190
Information Systems and Management";162;129;47;0,508;0,312;Henry Stewart Publications
Business Lawyer;1,3;"56.0%
477/1105
Law";157;122;68;0,169;0,135;American Bar Association
Labor Studies Journal;1,3;"65.0%
219/630
Arts and Humanities (miscellaneous)";89;69;48;0,647;0,375;SAGE
Sequential Analysis;1,3;"27.0%
212/293
Statistics and Probability";127;96;45;0,691;0,468;Taylor & Francis
China Journal of Accounting Studies;1,3;"25.0%
136/182
Accounting";111;87;56;0,492;0,331;Taylor & Francis
Strategy and Leadership;1,3;"22.0%
385/496
Strategy and Management";142;109;44;N/A;0,162;Emerald Publishing
Polish Journal of Sport and Tourism;1,3;"31.0%
174/254
Physical Therapy, Sports Therapy and Rehabilitation";126;100;53;0,455;0,226;Walter de Gruyter
Textile History;1,3;"89.0%
204/1850
History";18;14;64;N/A;0,108;Taylor & Francis
IEEE Potentials;1,3;"36.0%
1032/1620
Education";244;182;43;0,388;0,164;IEEE
Labor History;1,3;"88.0%
209/1850
History";217;172;46;1,213;0,381;Taylor & Francis
International Journal of Services and Operations Management;1,3;"35.0%
260/402
Industrial and Manufacturing Engineering";405;317;50;0,356;0,227;Inderscience Publishers
International Journal of Revenue Management;1,3;"31.0%
229/333
Finance";53;42;43;0,364;0,173;Inderscience Publishers
International Journal of Human Resources Development and Management;1,3;"26.0%
172/234
Organizational Behavior and Human Resource Management";65;49;53;0,209;0,199;Inderscience Publishers
International Journal of Electronic Customer Relationship Management;1,3;"24.0%
171/225
General Business, Management and Accounting";40;32;50;0,314;0,172;Inderscience Publishers
International Journal of Enterprise Network Management;1,3;"21.0%
240/305
Management of Technology and Innovation";110;88;43;0,295;0,187;Inderscience Publishers
Statistical Journal of the IAOS;1,3;"29.0%
124/175
Statistics, Probability and Uncertainty";417;324;48;0,418;0,251;SAGE
Zeitschrift fur Technikfolgenabschatzung in Theorie und Praxis / Journal for Technology Assessment in Theory and Practice;1,3;"23.0%
234/305
Management of Technology and Innovation";140;105;51;0,466;0,287;Oekom - Gesellschaft fuer Oekologische Kommunikation mbH
Accounting History Review;1,3;"89.0%
193/1850
History";42;32;56;0,668;0,345;Taylor & Francis
International Journal of the Legal Profession;1,3;"56.0%
476/1105
Law";89;69;49;0,639;0,25;Taylor & Francis
Jurnal Pengurusan;1,3;"31.0%
143/208
Business, Management and Accounting (miscellaneous)";177;132;49;0,281;0,168;Penerbit Universiti Kebangsaan Malaysia
Asia-Pacific Journal of Innovation in Hospitality and Tourism;1,3;"35.0%
540/841
Geography, Planning and Development";148;116;45;0,282;0,198;Taylor's University
Journal of Operational Risk;1,3;"31.0%
229/333
Finance";82;65;51;0,622;0,255;Incisive Media Ltd.
Foundations of Management;1,3;"22.0%
383/496
Strategy and Management";90;68;46;0,196;0,162;Warsaw University of Technology
European Journal of Business Science and Technology;1,3;"32.0%
224/333
Finance";74;56;41;0,238;0,193;Mendel University in Brno
Journal of Evolutionary Studies in Business;1,3;"34.0%
204/309
Development";83;64;63;0,242;0,167;Universitat de Barcelona, Facultad de Economia y Empresa
International Journal of Analysis and Applications;1,3;"50.0%
56/111
Geometry and Topology";670;508;43;0,726;0,268;Semnan University, Center of Excellence in Nonlinear Analysis and Applications
Journal of Global Business and Technology;1,3;"22.0%
384/496
Strategy and Management";77;59;42;0,589;0,25;Global Business and Technology Association, Inc.
Journal of Logistics, Informatics and Service Science;1,3;"36.0%
121/190
Information Systems and Management";672;502;33;0,41;N/A;Success Culture Press
IZA Journal of Labor Economics;1,3;"35.0%
40/61
Industrial Relations";37;28;36;0,836;0,498;Laborwide
Revista Brasileira de Alternative Dispute Resolution;1,3;"56.0%
481/1105
Law";136;106;37;0,624;0,202;EDITORA FORUM LTDA
Humanities and Social Sciences Letters;1,3;"50.0%
141/285
General Social Sciences";278;208;45;0,373;0,181;Conscientia Beam
Tourism, Culture and Communication;1,4;"80.0%
269/1371
Cultural Studies";142;99;54;0,382;0,236;Cognizant Communication Corporation
Accounting Historians Journal;1,4;"91.0%
163/1850
History";87;61;70;0,743;0,256;American Accounting Association
Journal of International Accounting Research;1,4;"28.0%
130/182
Accounting";107;77;49;0,495;0,365;American Accounting Association
Management and Organizational History;1,4;"90.0%
175/1850
History";68;49;61;1,425;0,495;Taylor & Francis
Review of Marketing Science;1,4;"22.0%
167/215
Marketing";58;42;50;0,383;0,188;Walter de Gruyter
BioProducts Business;1,4;"40.0%
104/175
Forestry";10;7;29;0,682;0,428;Society of Wood Science and Technology
Asian Academy of Management Journal of Accounting and Finance;1,4;"33.0%
222/333
Finance";107;75;44;0,293;0,182;Universiti Sains Malaysia
Collection Management;1,4;"51.0%
141/287
Library and Information Sciences";108;75;59;0,864;0,403;Taylor & Francis
Gruppe. Interaktion. Organisation. Zeitschrift fur Angewandte Organisationspsychologie;1,4;"37.0%
1012/1620
Education";270;194;46;0,538;0,237;Springer Nature
Quality - Access to Success;1,4;"25.0%
104/139
Management Information Systems";1307;908;51;0,377;0,203;SRAC - Societatea Romana Pentru Asigurarea Calitatii
RAE Revista de Administracao de Empresas;1,4;"38.0%
38/61
Industrial Relations";253;178;55;0,4;0,265;Fundacao Getulio Vargas
Turyzm/Tourism;1,4;"52.0%
320/674
Social Sciences (miscellaneous)";146;102;49;0,434;0,216;Lodz University Press
Academica Turistica;1,4;"51.0%
138/285
General Social Sciences";112;80;61;0,375;0,213;University of Primorska
International Journal of Industrial Engineering and Production Research;1,4;"37.0%
250/402
Industrial and Manufacturing Engineering";263;188;54;0,306;0,189;Iran University of Science and Technology
Cultural Management: Science and Education;1,4;"66.0%
213/630
Arts and Humanities (miscellaneous)";78;56;43;0,394;0,178;Logos Verlag Berlin GmbH
Frontiers of Business Research in China;1,4;"37.0%
151/242
Public Administration";99;70;24;0,396;0,233;Higher Education Press
Brazilian Business Review;1,4;"30.0%
127/182
Accounting";237;164;46;0,46;0,242;FUCAPE Business School
Acta Turistica;1,4;"41.0%
152/260
Economics, Econometrics and Finance (miscellaneous)";41;30;50;0,248;0,181;University of Zagreb Faculty of Economics and Business
Folia Oeconomica Stetinensia;1,4;"44.0%
158/284
General Economics, Econometrics and Finance";170;119;49;0,259;0,167;Walter de Gruyter
Revista Galega de Economia;1,4;"90.0%
169/1850
History";128;91;51;0,446;0,201;Universidade de Santiago de Compostela
Ukrainian Geographical Journal;1,4;"73.0%
63/239
History and Philosophy of Science";164;115;52;0,743;0,244;Publishing House Akademperiodyka
Economics of Peace and Security Journal;1,4;"54.0%
334/738
Political Science and International Relations";43;30;50;0,627;0,248;EPS Publishing
Rutgers Business Review;1,4;"23.0%
380/496
Strategy and Management";123;90;44;0,503;0,338;Rutgers Business School
Canadian Journal of Educational Administration and Policy;1,4;"37.0%
1019/1620
Education";120;87;53;0,358;0,203;University of Saskatchewan, Department of Educational Administration, College of Education
Innovar;1,4;"51.0%
732/1497
Sociology and Political Science";228;167;62;0,297;0,168;Universidad Nacional de Colombia
Economic Horizons;1,4;"45.0%
156/284
General Economics, Econometrics and Finance";105;73;51;0,375;0,271;University of Kragujevac - Faculty of Economics
Jordan Journal of Business Administration;1,4;"31.0%
142/208
Business, Management and Accounting (miscellaneous)";146;107;53;0,496;0,224;University of Jordan,Deanship of Scientific Research
Proceedings on Engineering Sciences;1,4;"37.0%
253/402
Industrial and Manufacturing Engineering";570;420;32;0,623;0,217;Faculty of Engineering, University of Kragujevac
International Journal of Economics and Business Research;1,4;"43.0%
160/284
General Economics, Econometrics and Finance";325;233;42;0,316;0,204;Inderscience Publishers
International Journal of Business Performance and Supply Chain Modelling;1,4;"24.0%
377/496
Strategy and Management";96;69;51;0,201;0,161;Inderscience Publishers
Journal of Quantitative Economics;1,4;"41.0%
153/260
Economics, Econometrics and Finance (miscellaneous)";248;183;52;0,616;0,239;Springer Nature
International Journal of Comparative Labour Law and Industrial Relations;1,4;"59.0%
445/1105
Law";120;86;51;0,399;0,277;Kluwer Law International
Journal of Research Administration;1,4;"38.0%
993/1620
Education";68;47;49;0,479;0,217;Society of Research Administrators International
Market-Trziste;1,4;"43.0%
161/284
General Economics, Econometrics and Finance";72;53;53;0,206;N/A;University of Zagreb, Faculty of Economics and Business Zagreb
Institutions and Economies;1,4;"44.0%
157/284
General Economics, Econometrics and Finance";112;78;47;0,518;0,205;Faculty of Economics and Administration
Journal of Governmental and Nonprofit Accounting;1,5;"31.0%
126/182
Accounting";31;21;67;0;N/A;American Accounting Association
Journal of Real Estate Literature;1,5;"53.0%
134/288
Urban Studies";38;26;42;0,401;0,326;Taylor & Francis
Journal of Arts Management Law and Society;1,5;"92.0%
52/676
Visual Arts and Performing Arts";126;86;57;0,826;0,365;Taylor & Francis
SCHOLE: A Journal of Leisure Studies and Recreation Education;1,5;"53.0%
702/1497
Sociology and Political Science";131;88;42;0,416;0,292;Taylor & Francis
International Journal of Management Practice;1,5;"26.0%
367/496
Strategy and Management";213;146;51;0,302;0,225;Inderscience Publishers
International Journal of Networking and Virtual Organisations;1,5;"40.0%
113/190
Information Systems and Management";246;160;61;0,336;0,184;Inderscience Publishers
International Journal of Business Governance and Ethics;1,5;"29.0%
165/234
Organizational Behavior and Human Resource Management";170;110;56;0,321;0,191;Inderscience Publishers
International Journal of Logistics Systems and Management;1,5;"40.0%
114/190
Information Systems and Management";431;283;52;0,367;0,241;Inderscience Publishers
International Journal of Tourism Policy;1,5;"23.0%
115/151
Tourism, Leisure and Hospitality Management";179;116;59;0,424;0,224;Inderscience Publishers
Journal of Asian Pacific Communication;1,5;"52.0%
255/535
Communication";69;47;62;0,432;0,174;John Benjamins Publishing Company
Corporate Governance and Sustainability Review;1,5;"32.0%
124/182
Accounting";102;67;46;0,273;0,195;Virtus Interpress
Communication Today;1,5;"52.0%
252/535
Communication";152;103;51;0,884;0,239;University of SS. Cyril and Methodius, Faculty of Mass Media Communication
DETUROPE;1,5;"81.0%
251/1371
Cultural Studies";145;94;59;0,548;0,254;Regional Science Association of Subotica (Drustvo za Regionalne Nauke)
Prometheus: Critical Studies in Innovation;1,5;"26.0%
364/496
Strategy and Management";66;45;56;0,358;0,209;Pluto Journals
Science and Innovation;1,5;"61.0%
424/1105
Law";324;219;46;0,418;0,184;Publishing House Akademperiodyka
Operations Research and Decisions;1,5;"35.0%
114/175
Statistics, Probability and Uncertainty";217;144;42;0,557;0,286;Wroclaw University of Science and Technology
Financial and Credit Activity: Problems of Theory and Practice;1,5;"34.0%
218/333
Finance";1102;736;51;0,632;0,201;Fintech Aliance LLC
Electronic Journal of Business Research Methods;1,5;"26.0%
363/496
Strategy and Management";52;35;57;0,435;0,16;Academic Conferences and Publishing International Limited
Asia Marketing Journal;1,5;"25.0%
161/215
Marketing";103;69;55;0,202;0,231;Korean Marketing Association
Journal of Health Management;1,5;"34.0%
136/208
Business, Management and Accounting (miscellaneous)";435;287;45;0,383;0,273;SAGE
International Journal of Computer Information Systems and Industrial Management Applications;1,5;"31.0%
126/183
Signal Processing";248;169;57;0,352;0,197;Cerebration Science Publishing
Management (France);1,5;"30.0%
158/225
General Business, Management and Accounting";155;102;46;0,562;0,461;DMSP Research Center
Sport Mont;1,5;"35.0%
165/254
Physical Therapy, Sports Therapy and Rehabilitation";440;292;58;0,338;0,251;Montenegrin Sports Academy
Journal of Financial Research;1,6;"36.0%
213/333
Finance";240;148;48;0,8;0,686;John Wiley & Sons
Business History Review;1,6;"91.0%
149/1850
History";161;103;51;1,426;0,352;Cambridge University Press
Journal of Economic Issues;1,6;"32.0%
492/731
Economics and Econometrics";549;335;52;0,671;0,371;Taylor & Francis
International Journal of Business Performance Management;1,6;"29.0%
351/496
Strategy and Management";190;117;50;0,368;0,219;Inderscience Publishers
International Journal of Technology, Policy and Management;1,6;"35.0%
223/344
General Engineering";130;79;54;0,446;0,23;Inderscience Publishers
International Journal of Process Management and Benchmarking;1,6;"28.0%
356/496
Strategy and Management";372;238;45;0,507;0,206;Inderscience Publishers
International Journal of Grid and Utility Computing;1,6;"35.0%
427/665
Applied Mathematics";333;213;51;0,318;0,214;Inderscience Publishers
International Journal of Entrepreneurship and Small Business;1,6;"31.0%
502/731
Economics and Econometrics";474;299;49;0,343;0,271;Inderscience Publishers
World Review of Entrepreneurship, Management and Sustainable Development;1,6;"32.0%
495/731
Economics and Econometrics";280;172;43;0,339;0,184;Inderscience Publishers
International Journal of Electronic Marketing and Retailing;1,6;"29.0%
99/139
Management Information Systems";170;105;55;0,358;0,191;Inderscience Publishers
Journal of Teaching in International Business;1,6;"42.0%
938/1620
Education";62;38;58;0,458;0,269;Taylor & Francis
Transylvanian Review of Administrative Sciences;1,6;"40.0%
144/242
Public Administration";233;148;45;0,53;0,271;Universitatea Babes-Bolyai
International Journal of E-Entrepreneurship and Innovation;1,6;"64.0%
391/1105
Law";37;23;65;0,281;0,195;IGI Global Publishing
Management (Croatia);1,6;"31.0%
155/225
General Business, Management and Accounting";195;124;52;0,31;0,189;University of Split - Faculty of Economics
Journal of Labor Research;1,6;"30.0%
164/234
Organizational Behavior and Human Resource Management";89;55;42;0,869;0,316;Springer Nature
Journal of Economics/ Zeitschrift fur Nationalokonomie;1,6;"31.0%
498/731
Economics and Econometrics";201;126;56;1,134;0,528;Springer Nature
Food Science and Technology Research;1,6;"39.0%
242/402
Industrial and Manufacturing Engineering";431;271;56;0,407;0,271;Japanese Society for Food Science and Technology
Acta Commercii;1,6;"37.0%
130/208
Business, Management and Accounting (miscellaneous)";157;97;58;0,356;0,217;AOSIS (Pty) Ltd
Advances in Technology Innovation;1,6;"34.0%
226/344
General Engineering";153;96;55;0,426;0,202;Taiwan Association of Engineering and Technology Innovation
Studies in Business and Economics;1,6;"48.0%
134/260
Economics, Econometrics and Finance (miscellaneous)";377;242;51;0,477;0,24;Walter de Gruyter
Tuning Journal for Higher Education;1,6;"41.0%
947/1620
Education";109;68;53;0,469;0,25;University of Deusto
Journal of Accounting Literature;1,6;"33.0%
122/182
Accounting";43;27;56;1,73;0,285;Emerald Publishing
Journal of Participation and Employee Ownership;1,6;"50.0%
128/260
Economics, Econometrics and Finance (miscellaneous)";70;43;53;1,367;0,393;Emerald Publishing
Scandinavian Journal of Public Administration;1,6;"63.0%
408/1105
Law";123;79;57;0,696;0,29;University of Gothenburg School of Public Administration
International Journal of Services, Economics and Management;1,6;"30.0%
507/731
Economics and Econometrics";149;96;54;0,548;0,214;Inderscience Publishers
International Journal of Intellectual Property Management;1,6;"64.0%
397/1105
Law";176;110;40;0,669;0,286;Inderscience Publishers
International Journal of Management in Education;1,6;"40.0%
957/1620
Education";186;119;58;0,313;0,22;Inderscience Publishers
Journal of Environmental Accounting and Management;1,6;"55.0%
130/288
Urban Studies";179;115;54;0,26;0,205;L and H Scientific Publishing, LLC
Annals of Applied Sport Science;1,6;"55.0%
302/674
Social Sciences (miscellaneous)";325;209;50;0,414;0,225;Society of Aging and Physical Activity (SAPA)
Review of Integrative Business and Economics Research;1,6;"49.0%
131/260
Economics, Econometrics and Finance (miscellaneous)";392;249;47;1,759;0,285;GMP Press & Printing Co.,
Enterprise and Society;1,7;"92.0%
134/1850
History";276;162;59;1,66;0,695;Cambridge University Press
Compensation and Benefits Review;1,7;"39.0%
126/208
Business, Management and Accounting (miscellaneous)";90;53;53;0,349;0,205;SAGE
Journal of Creating Value;1,7;"41.0%
123/208
Business, Management and Accounting (miscellaneous)";115;67;57;0,754;0,405;SAGE
Journal of International Trade Law and Policy;1,7;"66.0%
366/1105
Law";77;45;60;0,562;0,259;Emerald Publishing
International Journal of Value Chain Management;1,7;"31.0%
323/474
Information Systems";114;69;58;0,293;0,201;Inderscience Publishers
European Journal of International Management;1,7;"42.0%
931/1620
Education";466;279;48;0,461;0,318;Inderscience Publishers
International Journal of Business Innovation and Research;1,7;"30.0%
214/305
Management of Technology and Innovation";553;320;52;0,364;0,237;Inderscience Publishers
International Journal of Business Excellence;1,7;"30.0%
346/496
Strategy and Management";544;325;49;0,474;0,267;Inderscience Publishers
International Journal of Information Systems and Change Management;1,7;"34.0%
149/225
General Business, Management and Accounting";82;47;60;0,381;0,187;Inderscience Publishers
International Journal of Business and Emerging Markets;1,7;"33.0%
483/731
Economics and Econometrics";153;90;66;0,352;0,203;Inderscience Publishers
WSEAS Transactions on Business and Economics;1,7;"33.0%
488/731
Economics and Econometrics";1241;746;48;0,384;0,192;WSEAS Press
International Journal of Evidence Based Coaching and Mentoring;1,7;"42.0%
933/1620
Education";278;167;47;0,623;0,329;Oxford Brookes University
Journal of Corporate Accounting and Finance;1,7;"51.0%
137/284
General Economics, Econometrics and Finance";413;238;51;0,523;0,335;John Wiley & Sons
International Journal of Sport Finance;1,7;"37.0%
210/333
Finance";92;53;55;0,772;0,391;Fitness Information Technology
Review of Industrial Organization;1,7;"33.0%
487/731
Economics and Econometrics";332;199;62;0,889;1,075;Springer Nature
Southern African Journal of Entrepreneurship and Small Business Management;1,7;"42.0%
178/309
Development";130;75;57;0,342;0,226;AOSIS (Pty) Ltd
South African Journal of Business Management;1,7;"31.0%
339/496
Strategy and Management";259;149;61;0,372;0,284;AOSIS (Pty) Ltd
Economy of Regions;1,7;"50.0%
141/284
General Economics, Econometrics and Finance";604;360;53;0,834;0,265;Institute of Economics, The Ural Branch of Russian Academy of Sciences
Real Estate Management and Valuation;1,7;"36.0%
211/333
Finance";229;135;63;0,638;0,257;Walter de Gruyter
Journal of Distribution Science;1,7;"34.0%
481/731
Economics and Econometrics";873;505;43;0,298;0,183;KODISA Foundation
Journal of Telecommunications and the Digital Economy;1,7;"55.0%
31/69
Media Technology";310;187;60;0,316;0,179;Telecommunications Association Inc.
Journal of Park and Recreation Administration;1,7;"57.0%
287/674
Social Sciences (miscellaneous)";242;142;54;0,413;0,356;Sagamore Publishing LLC
Negotiation and Conflict Management Research;1,7;"54.0%
242/535
Communication";98;59;61;0,753;0,244;International Association for Conflict Management
International Journal of Learning and Change;1,7;"43.0%
921/1620
Education";244;144;51;0,447;0,205;Inderscience Publishers
International Journal of Diplomacy and Economy;1,7;"59.0%
297/738
Political Science and International Relations";71;42;50;0,574;0,228;Inderscience Publishers
Markets, Globalization and Development Review;1,7;"68.0%
197/630
Arts and Humanities (miscellaneous)";63;38;92;0,07;0,148;University of Rhode Island
International Journal of Instructional Cases;1,7;"40.0%
125/208
Business, Management and Accounting (miscellaneous)";114;67;43;0,418;0,257;Herald Academic Ltd and Organizational Ergonomics
International Journal on Food System Dynamics;1,7;"52.0%
124/260
Economics, Econometrics and Finance (miscellaneous)";229;131;53;0,517;0,241;CentMa GmbH
Management Teaching Review;1,8;"44.0%
905/1620
Education";186;106;59;1,148;0,382;SAGE
JMM International Journal on Media Management;1,8;"57.0%
227/535
Communication";54;30;63;0,456;0,268;Taylor & Francis
Harvard Business Review;1,8;"35.0%
145/225
General Business, Management and Accounting";447;252;41;N/A;0,553;Harvard Business School Publishing
Journal for Global Business Advancement;1,8;"30.0%
312/451
Business and International Management";183;103;64;0,332;0,165;Inderscience Publishers
Recreational Sports Journal;1,8;"58.0%
281/674
Social Sciences (miscellaneous)";114;64;56;0,713;0,38;SAGE
Rural Society;1,8;"58.0%
621/1497
Sociology and Political Science";79;44;55;0,475;0,262;Taylor & Francis
Journal of Business and Finance Librarianship;1,8;"58.0%
120/287
Library and Information Sciences";134;74;53;1,026;0,396;Taylor & Francis
Journal of Construction in Developing Countries;1,8;"73.0%
55/203
Architecture";209;114;57;0,57;0,335;Penerbit Universiti Sains Malaysia
Asian Academy of Management Journal;1,8;"36.0%
143/225
General Business, Management and Accounting";154;85;60;0,314;0,253;Penerbit Universiti Sains Malaysia
Journal of Tax Reform;1,8;"68.0%
351/1105
Law";181;102;65;0,387;0,187;Ural Federal University
International Journal of Religious Tourism and Pilgrimage;1,8;"92.0%
53/705
Religious Studies";371;206;57;0,682;0,291;Technological University Dublin
Voprosy Ekonomiki;1,8;"93.0%
119/1850
History";651;357;56;0,897;0,326;Russian Presidential Academy of National Economy and Public Administration
Nordic Journal of Working Life Studies;1,8;"41.0%
36/61
Industrial Relations";194;105;62;0,562;0,358;Roskilde University
International Journal of Hospitality and Tourism Systems;1,8;"29.0%
107/151
Tourism, Leisure and Hospitality Management";292;160;47;0,37;0,205;Publishing India Group
Fibres and Textiles in Eastern Europe;1,8;"42.0%
233/402
Industrial and Manufacturing Engineering";464;251;56;0,575;0,252;Walter de Gruyter
Revista de Administracao Mackenzie;1,8;"58.0%
627/1497
Sociology and Political Science";281;159;48;0,57;0,267;Mackenzie Presbyterian University
Sinergie;1,8;"37.0%
142/225
General Business, Management and Accounting";226;124;48;0,34;0,251;Fondazione Cueim
World Tax Journal;1,8;"69.0%
339/1105
Law";139;76;54;0,817;0,762;International Bureau of Fiscal Documentation (IBFD)
Journal of Hospital Management and Health Policy;1,8;"32.0%
28/41
Leadership and Management";203;114;55;0,371;0,3;AME Publishing Company
International Journal of Technology Marketing;1,8;"31.0%
648/947
Computer Science Applications";155;84;64;0,286;0,247;Inderscience Publishers
Economia Agro-Alimentare;1,8;"58.0%
277/674
Social Sciences (miscellaneous)";168;93;69;0,275;0,217;Franco Angeli Edizioni
Zbornik radova Ekonomskog fakulteta u Rijeci / Proceedings of Rijeka Faculty of Economics;1,8;"37.0%
207/333
Finance";127;72;49;0,477;0,197;University of Rijeka, Faculty of Economics and Business
International Journal of Procurement Management;1,8;"35.0%
146/225
General Business, Management and Accounting";405;229;52;0,441;0,222;Inderscience Publishers
Artivate;1,8;"93.0%
45/676
Visual Arts and Performing Arts";35;20;55;1,169;0,242;University of Arkansas Press
Journal of Real Estate Research;1,9;"60.0%
115/288
Urban Studies";157;82;68;0,805;0,447;Taylor & Francis
Journal of European Real Estate Research;1,9;"40.0%
197/333
Finance";153;80;56;0,846;0,263;Emerald Publishing
International Journal of Economics and Management;1,9;"57.0%
122/284
General Economics, Econometrics and Finance";225;116;55;0,363;0,23;Universiti Putra Malaysia
Pertanika Journal of Social Sciences and Humanities;1,9;"90.0%
17/176
General Arts and Humanities";964;508;58;0,639;0,273;Universiti Putra Malaysia
Records Management Journal;1,9;"59.0%
116/287
Library and Information Sciences";102;54;69;0,994;0,274;Emerald Publishing
Revista de Artes Marciales Asiaticas;1,9;"76.0%
123/524
Anthropology";107;55;60;0,689;0,34;Universidad de Leon
Journal of Human Values;1,9;"85.0%
204/1371
Cultural Studies";139;74;58;0,495;0,241;SAGE
International Journal of Management and Enterprise Development;1,9;"31.0%
309/451
Business and International Management";137;74;53;0,523;0,172;Inderscience Publishers
International Journal of Applied Decision Sciences;1,9;"43.0%
108/190
Information Systems and Management";249;131;52;0,418;0,248;Inderscience Publishers
International Journal of Globalisation and Small Business;1,9;"42.0%
109/190
Information Systems and Management";98;52;46;0,318;0,231;Inderscience Publishers
International Journal of Technology Intelligence and Planning;1,9;"44.0%
106/190
Information Systems and Management";37;19;21;0,602;0,296;Inderscience Publishers
International Journal of Business and Systems Research;1,9;"33.0%
332/496
Strategy and Management";253;136;53;0,305;0,173;Inderscience Publishers
Indian Journal of Corporate Governance;1,9;"42.0%
120/208
Business, Management and Accounting (miscellaneous)";99;53;51;0,436;0,273;SAGE
Foundations and Trends in Information Systems;1,9;"33.0%
314/474
Information Systems";26;14;57;0,448;0,297;Now Publishers Inc
Scientific Annals of Economics and Business;1,9;"55.0%
127/284
General Economics, Econometrics and Finance";246;132;55;0,428;0,218;Alexandru Ioan Cuza - University of Iasi
Journal of Governance and Regulation;1,9;"44.0%
136/242
Public Administration";907;475;60;0,389;0,195;Virtus Interpress
Corporate and Business Strategy Review;1,9;"48.0%
16/30
Decision Sciences (miscellaneous)";481;259;58;0,511;0,209;Virtus Interpress
Studia Universitatis Vasile Goldis Arad, Economics Series;1,9;"40.0%
199/333
Finance";154;81;53;0,421;0,194;Walter de Gruyter
Canadian Journal of Learning and Technology;1,9;"45.0%
877/1620
Education";184;98;46;0,454;0,294;Canadian Network for Innovation in Education
Global Business and Finance Review;1,9;"41.0%
194/333
Finance";533;276;55;1,035;0,25;People and Global Business Association
Interdisciplinary Journal of Management Studies;1,9;"43.0%
119/208
Business, Management and Accounting (miscellaneous)";413;220;50;0,451;0,225;University of Tehran, College of Farabi
Business Informatics;1,9;"37.0%
461/731
Economics and Econometrics";179;96;49;0,667;0,205;National Research University Higher School of Economics (HSE University)
Water Economics and Policy;1,9;"37.0%
459/731
Economics and Econometrics";189;100;59;0,557;0,355;World Scientific
Journal of Intercultural Communication;1,9;"85.0%
196/1371
Cultural Studies";302;158;63;1,083;0,288;Immigrant Institutet
Health Leadership and Quality of Life;1,9;"36.0%
440/687
Public Health, Environmental and Occupational Health";1032;550;11;0;N/A;AG Editor (Argentina)
Informacios Tarsadalom;1,9;"60.0%
269/674
Social Sciences (miscellaneous)";186;97;42;0,517;0,283;Infonia
Quantitative Finance and Economics;2;"55.0%
117/260
Economics, Econometrics and Finance (miscellaneous)";131;64;55;1,15;0,498;American Institute of Mathematical Sciences
INFORMS Transactions on Education;2;"47.0%
847/1620
Education";146;73;58;0,65;0,345;INFORMS Institute for Operations Research and the Management Sciences
Serbian Journal of Management;2;"39.0%
137/225
General Business, Management and Accounting";223;112;57;0,352;0,238;University of Belgrade
Journal of Industrial Economics;2;"38.0%
138/225
General Business, Management and Accounting";274;140;53;1,149;1,486;John Wiley & Sons
American Business Law Journal;2;"71.0%
311/1105
Law";116;59;64;N/A;0,363;John Wiley & Sons
Periodica Polytechnica Social and Management Sciences;2;"57.0%
121/285
General Social Sciences";141;72;57;0,393;0,209;Budapest University of Technology and Economics
GENEVA Risk and Insurance Review;2;"44.0%
115/208
Business, Management and Accounting (miscellaneous)";72;36;72;0,887;0,287;Springer Nature
Journal of Homeland Security and Emergency Management;2;"47.0%
58/109
Safety Research";113;57;65;0,666;0,254;Walter de Gruyter
Accounting, Economics and Law: A Convivium;2;"72.0%
303/1105
Law";162;80;64;0,647;0,52;Walter de Gruyter
International Journal of Product Lifecycle Management;2;"47.0%
124/235
Safety, Risk, Reliability and Quality";102;50;68;0,371;0,219;Inderscience Publishers
International Journal of Productivity and Quality Management;2;"38.0%
139/225
General Business, Management and Accounting";608;311;54;0,436;0,223;Inderscience Publishers
International Journal of Technological Learning, Innovation and Development;2;"48.0%
837/1620
Education";110;54;61;0,364;0,227;Inderscience Publishers
Journal of Design, Business and Society;2;"94.0%
37/676
Visual Arts and Performing Arts";75;37;76;0,108;0,167;Intellect Publishers
Revista Brasileira de Gestao de Negocios;2;"43.0%
35/61
Industrial Relations";279;137;55;0,519;0,307;Fundacao Escola de Comercio Alvares Penteado
International Journal of Business and Society;2;"42.0%
191/333
Finance";695;346;59;0,456;0,236;Universiti Malaysia Sarawak
Journal of Tourism and Development;2;"51.0%
410/841
Geography, Planning and Development";640;319;63;0,431;0,24;Universidade de Aveiro
Economics and Business Letters;2;"57.0%
120/284
General Economics, Econometrics and Finance";240;120;53;0,419;0,268;Universidad de Oviedo
Revista de Administracao Contemporanea;2;"46.0%
130/242
Public Administration";345;171;58;0,65;0,281;Associacao Nacional de Pos-Graduacao e Pesquisa em Administracao
Journal of Business Cycle Research;2;"45.0%
96/175
Statistics, Probability and Uncertainty";112;56;55;0,836;0,455;Springer Nature
LOGI - Scientific Journal on Transport and Logistics;2;"47.0%
70/133
Automotive Engineering";192;95;64;0,606;0,502;Walter de Gruyter
Management and Production Engineering Review;2;"43.0%
229/402
Industrial and Manufacturing Engineering";386;195;54;0,427;0,264;Polish Academy of Sciences, Production Engineering Committee
Investigaciones Turisticas;2;"60.0%
265/674
Social Sciences (miscellaneous)";239;122;57;0,515;0,265;Instituto Universitario de Investigaciones Turisticas
Acta Logistica;2;"43.0%
227/402
Industrial and Manufacturing Engineering";432;217;59;0,46;0,279;4S go, s.r.o
CERN IdeaSquare Journal of Experimental Innovation;2;"45.0%
105/190
Information Systems and Management";135;67;94;0,328;0,216;CERN Publishing
Tehnicki Glasnik;2;"43.0%
195/344
General Engineering";716;362;50;0,387;0,219;University North
Journal of Information Systems Engineering and Business Intelligence;2;"45.0%
104/190
Information Systems and Management";108;53;60;0,597;0,31;Airlangga University
Asian Journal of Business and Accounting;2;"37.0%
113/182
Accounting";160;79;57;0,442;0,264;Faculty of Business and Economics,University of Malaya
International Journal of Entrepreneurial Venturing;2;"36.0%
288/451
Business and International Management";191;94;52;0,258;0,272;Inderscience Publishers
Journal of Developmental Entrepreneurship;2;"40.0%
435/731
Economics and Econometrics";231;113;55;0,347;0,29;World Scientific
Journal of Economic Interaction and Coordination;2,1;"42.0%
424/731
Economics and Econometrics";265;124;64;0,559;0,295;Springer Nature
Public Works Management and Policy;2,1;"63.0%
549/1497
Sociology and Political Science";165;77;58;0,638;0,285;SAGE
Action Learning: Research and Practice;2,1;"49.0%
826/1620
Education";159;77;70;0,987;0,251;Taylor & Francis
Journal of Organizational Ethnography;2,1;"87.0%
175/1371
Cultural Studies";186;87;68;0,885;0,556;Emerald Publishing
Economics and Business Review;2,1;"44.0%
184/333
Finance";237;112;53;0,438;0,299;Walter de Gruyter
Leisure/ Loisir;2,1;"52.0%
403/841
Geography, Planning and Development";237;114;63;0,726;0,357;Taylor & Francis
Journal of South Asian Development;2,1;"95.0%
88/1850
History";142;67;67;0,738;0,336;SAGE
International Journal of Innovation and Learning;2,1;"49.0%
813/1620
Education";408;195;50;0,31;0,227;Inderscience Publishers
International Journal of Knowledge Management Studies;2,1;"47.0%
100/190
Information Systems and Management";171;80;66;0,478;0,24;Inderscience Publishers
International Journal of Business Information Systems;2,1;"46.0%
103/190
Information Systems and Management";647;310;53;0,519;0,273;Inderscience Publishers
International Journal of Business Environment;2,1;"37.0%
282/451
Business and International Management";170;81;59;0,326;0,278;Inderscience Publishers
International Review of Environmental and Resource Economics;2,1;"43.0%
188/333
Finance";75;36;58;0,313;0,445;Now Publishers Inc
Gestao e Producao;2,1;"45.0%
219/402
Industrial and Manufacturing Engineering";346;163;58;0,611;0,24;Brazilian Institute for Information in Science and Technology
Global Economic Review;2,1;"66.0%
248/738
Political Science and International Relations";152;72;44;0,518;0,382;Taylor & Francis
Journal of East-West Business;2,1;"52.0%
398/841
Geography, Planning and Development";145;68;66;0,389;0,246;Taylor & Francis
Hospitality and Society;2,1;"61.0%
258/674
Social Sciences (miscellaneous)";111;54;67;0,496;0,271;Intellect Publishers
Intangible Capital;2,1;"49.0%
825/1620
Education";186;90;64;0,512;0,249;OmniaScience
EAI Endorsed Transactions on Internet of Things;2,1;"44.0%
146/264
Engineering (miscellaneous)";353;167;52;0,525;0,198;European Alliance for Innovation
Valori e Valutazioni;2,1;"73.0%
294/1105
Law";158;75;56;0,611;0,28;Societa Italiana di Estimo e Valutazione (SIEV)
Journal of the Geographical Institute Jovan Cvijic SASA;2,1;"63.0%
52/140
Demography";216;101;65;0,552;0,286;"Geographical Institute ""Jovan Cviji"" of the Serbian Academy of Sciences and Arts"
Journal of Sport for Development;2,1;"62.0%
563/1497
Sociology and Political Science";73;35;54;0,567;0,313;Journal of Sport for Development
Arts and the Market;2,1;"92.0%
13/176
General Arts and Humanities";108;51;65;0,453;0,271;Emerald Publishing
SN Business and Economics;2,1;"46.0%
112/208
Business, Management and Accounting (miscellaneous)";1520;712;52;N/A;N/A;Springer Nature
Entrepreneurship Education;2,1;"62.0%
255/674
Social Sciences (miscellaneous)";81;39;54;0,745;0,372;Springer Nature
BAR - Brazilian Administration Review;2,1;"36.0%
316/496
Strategy and Management";204;98;62;0,449;0,322;ANPAD - Associacao Nacional de Pos-Graduacao e Pesquisa em Administracao
Industria Textila;2,1;"41.0%
137/232
Materials Science (miscellaneous)";766;373;56;0,504;0,267;Institute National Cercetare-Dezvoltare Textiles Pielarie
Journal of Technology Management and Innovation;2,1;"36.0%
195/305
Management of Technology and Innovation";297;140;59;0,418;0,231;Universidad Alberto Hurtado
Journal of Neuroscience, Psychology, and Economics;2,2;"57.0%
112/260
Economics, Econometrics and Finance (miscellaneous)";121;55;62;0,397;0,308;American Psychological Association
Economics of Governance;2,2;"60.0%
114/284
General Economics, Econometrics and Finance";147;68;56;0,79;0,34;Springer Nature
International Trade Journal;2,2;"61.0%
111/284
General Economics, Econometrics and Finance";248;113;65;0,517;0,268;Taylor & Francis
Society and Economy;2,2;"64.0%
535/1497
Sociology and Political Science";193;88;68;0,434;0,26;Akademiai Kiado
BMJ Leader;2,2;"42.0%
24/41
Leadership and Management";468;217;53;0,584;0,409;BMJ Publishing Group
Vikalpa;2,2;"42.0%
131/225
General Business, Management and Accounting";149;67;42;0,664;0,212;SAGE
International Journal of Business Analytics;2,2;"41.0%
266/451
Business and International Management";92;41;68;0,398;0,189;IGI Global Publishing
Physical Culture and Sport, Studies and Research;2,2;"88.0%
163/1371
Cultural Studies";247;110;65;0,63;0,357;Walter de Gruyter
TEM Journal;2,2;"51.0%
789/1620
Education";2410;1112;56;0,507;0,242;UIKTEN - Association for Information Communication Technology Education and Science
Asian Journal of Business Research;2,2;"67.0%
238/738
Political Science and International Relations";192;86;56;0,45;0,311;Asia Business Research Corporation
International Journal of eBusiness and eGovernment Studies;2,2;"39.0%
273/451
Business and International Management";431;197;58;0,36;0,215;Social Sciences Research Society
Journal of Portfolio Management;2,2;"45.0%
183/333
Finance";1040;481;58;0,787;0,595;Portfolio Management Research
Estudios Gerenciales;2,2;"63.0%
246/674
Social Sciences (miscellaneous)";363;165;58;0,558;0,241;Universidad Icesi
International Journal of Electronic Finance;2,2;"45.0%
181/333
Finance";176;81;53;0,357;0,216;Inderscience Publishers
Organizations and Markets in Emerging Economies;2,2;"50.0%
152/309
Development";226;102;65;0,519;0,294;Vilnius University
Economics of Development;2,2;"57.0%
110/260
Economics, Econometrics and Finance (miscellaneous)";203;91;75;0,49;0,178;Simon Kuznets Kharkiv National University of Economics
Business Information Review;2,3;"59.0%
107/260
Economics, Econometrics and Finance (miscellaneous)";171;75;53;0,512;0,358;SAGE
South Asian Journal of Business and Management Cases;2,3;"41.0%
264/451
Business and International Management";168;74;58;0,337;0,255;SAGE
Annals of Corporate Governance;2,3;"75.0%
270/1105
Law";23;10;60;0,562;0,239;Now Publishers Inc
Production;2,3;"50.0%
104/208
Business, Management and Accounting (miscellaneous)";314;134;58;0,413;0,241;Associacao Brasileira de Engenharia de Producao
Transformations in Business and Economics;2,3;"68.0%
231/738
Political Science and International Relations";885;381;53;0,309;0,262;Vilnius University Press
South African Journal of Economic and Management Sciences;2,3;"63.0%
105/284
General Economics, Econometrics and Finance";306;132;55;0,653;0,353;AOSIS (Pty) Ltd
Eurasian Mining;2,3;"58.0%
20/47
Economic Geology";361;160;55;0,691;0,463;Ore & Metals Publishing House
International Journal of Computing and Digital Systems;2,3;"47.0%
67/127
Computer Graphics and Computer-Aided Design";1924;845;63;0,433;0,231;University of Bahrain
Scandinavian Journal of Work and Organizational Psychology;2,3;"52.0%
51/107
Psychology (miscellaneous)";102;45;73;0,553;0,45;Stockholm University Press
Heritage and Sustainable Development;2,3;"76.0%
48/203
Architecture";282;121;53;0,755;0,289;Research and Development Academy
International Journal of Work Innovation;2,3;"63.0%
197/535
Communication";141;61;56;0,604;0,235;Inderscience Publishers
Labour and Industry;2,3;"59.0%
106/260
Economics, Econometrics and Finance (miscellaneous)";174;75;69;0,472;0,257;Taylor & Francis
Asian Economic and Financial Review;2,3;"62.0%
106/284
General Economics, Econometrics and Finance";622;269;55;0,469;0,208;Asian Economic and Social Society
Negotiation Journal;2,3;"62.0%
106/285
General Social Sciences";138;60;65;0,906;0,336;MIT Press
