Journal Title;"Online
ISSN";Subject Area;License types offered;Full Article Publication Charge;;
;;;;USD $;GBP £;EUR €
Abacus;14676281;General & Introductory Accounting;CC BY, CC BY-NC or CC BY-NC-ND;$3.400;£2.270;€ 2.850
Academic Emergency Medicine;15532712;Emergency Medicine & Trauma;CC BY, CC BY-NC or CC BY-NC-ND;$3.900;£2.590;€ 3.240
Accounting & Finance;1467629X;General & Introductory Accounting;CC BY, CC BY-NC or CC BY-NC-ND;$3.470;£2.330;€ 2.900
Accounting Perspectives;19113838;Financial Accounting;CC BY, CC BY-NC or CC BY-NC-ND;$2.900;£1.930;€ 2.450
Acta Anaesthesiologica Scandinavica;13996576;Anesthesia & Pain Management;CC BY, CC BY-NC or CC BY-NC-ND;$4.430;£2.950;€ 3.700
Acta Crystallographica Section A: Foundations and Advances;20532733;Crystallography;CC BY, CC BY-NC or CC BY-NC-ND;$4.430;£3.450;€ 4.000
Acta Crystallographica Section B: Structural Science, Crystal Engineering and Materials;20525206;Crystallography;CC BY, CC BY-NC or CC BY-NC-ND;$4.220;£3.290;€ 3.810
Acta Crystallographica Section C: Structural Chemistry;20532296;Crystallography;CC BY, CC BY-NC or CC BY-NC-ND;$3.950;£2.920;€ 3.350
Acta Crystallographica Section D: Structural Biology;20597983;Crystallography;CC BY, CC BY-NC or CC BY-NC-ND;$5.230;£4.030;€ 4.650
Acta Crystallographica Section F: Structural Biology Communications;2053230X;Crystallography;CC BY, CC BY-NC or CC BY-NC-ND;$3.520;£2.780;€ 3.170
Acta Geologica Sinica (English Edition);17556724;General & Introductory Earth Sciences;CC BY, CC BY-NC or CC BY-NC-ND;$3.140;£2.110;€ 2.630
Acta Ophthalmologica;17553768;Ophthalmology;CC BY, CC BY-NC or CC BY-NC-ND;$4.990;£3.340;€ 4.190
Acta Paediatrica;16512227;Pediatrics;CC BY*, CC BY-NC or CC BY-NC-ND;$4.480;£3.010;€ 3.750
Acta Physiologica;17481716;Physiology;CC BY, CC BY-NC or CC BY-NC-ND;$5.150;£3.420;€ 4.280
Acta Psychiatrica Scandinavica;16000447;Psychiatry;CC BY, CC BY-NC or CC BY-NC-ND;$4.880;£3.240;€ 4.030
Acta Zoologica;14636395;Animal Science & Zoology;CC BY, CC BY-NC or CC BY-NC-ND;$3.400;£2.270;€ 2.850
Addiction;13600443;Addiction;CC BY*, CC BY-NC or CC BY-NC-ND;$4.600;£3.170;€ 3.920
Advanced Biology;27010198;General & Introductory Life Sciences;CC BY, CC BY-NC or CC BY-NC-ND;$4.430;£3.010;€ 3.700
Advanced Control for Applications: Engineering and Industrial Systems ;25780727;Control Systems Technology;CC BY, CC BY-NC or CC BY-NC-ND;$2.760;£1.840;€ 2.330
Advanced Energy Materials;16146840;General & Introductory Materials Science;CC BY, CC BY-NC or CC BY-NC-ND;$5.790;£3.860;€ 4.830
Advanced Engineering Materials;15272648;General & Introductory Materials Science;CC BY, CC BY-NC or CC BY-NC-ND;$4.520;£3.010;€ 3.720
Advanced Functional Materials;16163028;General & Introductory Materials Science;CC BY, CC BY-NC or CC BY-NC-ND;$5.790;£4.370;€ 5.050
Advanced Healthcare Materials;21922659;General & Introductory Materials Science;CC BY, CC BY-NC or CC BY-NC-ND;$4.880;£3.240;€ 4.030
Advanced Materials;15214095;General & Introductory Materials Science;CC BY, CC BY-NC or CC BY-NC-ND;$6.070;£4.580;€ 5.290
Advanced Materials Technologies;2365709X;General & Introductory Materials Science;CC BY, CC BY-NC or CC BY-NC-ND;$4.680;£3.110;€ 3.860
Advanced Optical Materials;21951071;General & Introductory Materials Science;CC BY, CC BY-NC or CC BY-NC-ND;$4.880;£3.240;€ 4.030
Advanced Quantum Technologies;25119044;Quantum Physics & Field Theory;CC BY, CC BY-NC or CC BY-NC-ND;$4.430;£3.010;€ 3.700
Advanced Sustainable Systems;23667486;General & Introductory Environmental Studies;CC BY, CC BY-NC or CC BY-NC-ND;$4.430;£3.010;€ 3.700
Advanced Synthesis & Catalysis;16154169;Organic Chemistry;CC BY, CC BY-NC or CC BY-NC-ND;$4.650;£3.120;€ 3.920
Advanced Theory and Simulations;25130390;Theory, Modeling & Simulation;CC BY, CC BY-NC or CC BY-NC-ND;$4.430;£3.010;€ 3.700
Advanced Therapeutics;23663987;Pharmacology & Pharmaceutical Medicine;CC BY, CC BY-NC or CC BY-NC-ND;$4.430;£3.010;€ 3.700
Advances in Digestive Medicine;23519800;Gastrointestinal Surgery;CC BY, CC BY-NC or CC BY-NC-ND;$2.100;£1.680;€ 1.890
AEM Education and Training;24725390;Emergency Medicine & Trauma;CC BY, CC BY-NC or CC BY-NC-ND;$3.300;£2.220;€ 2.760
African Development Review;14678268;General & Introductory Development Studies;CC BY, CC BY-NC or CC BY-NC-ND;$3.700;£2.490;€ 3.090
African Journal of Ecology;13652028;Ecology & Organismal Biology;CC BY, CC BY-NC or CC BY-NC-ND;$3.550;£2.350;€ 2.940
Aggressive Behavior;10982337;Brain & Behavior: Physiological Psychology;CC BY, CC BY-NC or CC BY-NC-ND;$3.600;£2.410;€ 3.010
Agribusiness;15206297;Agricultural Economics & Resource Management;CC BY, CC BY-NC or CC BY-NC-ND;$3.800;£2.500;€ 3.230
Agricultural and Forest Entomology;14619563;Entomology;CC BY, CC BY-NC or CC BY-NC-ND;$4.410;£2.940;€ 3.680
Agricultural Economics;15740862;Agricultural Economics & Resource Management;CC BY, CC BY-NC or CC BY-NC-ND;$4.030;£2.730;€ 3.350
Agronomy Journal;14350645;Crops;CC BY, CC BY-NC or CC BY-NC-ND;$1.800;£1.410;€ 1.630
AIChE Journal;15475905;General & Introductory Chemical Engineering;CC BY, CC BY-NC or CC BY-NC-ND;$4.940;£3.290;€ 4.120
Alcohol, Clinical and Experimental Research;29937175;Alcoholism and alcohol-related disorders;CC BY, CC BY-NC or CC BY-NC-ND;$4.110;£2.750;€ 3.450
Alimentary Pharmacology & Therapeutics;13652036;Gastroenterology & Hepatology;CC BY*, CC BY-NC or CC BY-NC-ND;$5.250;£3.480;€ 4.400
Allergy;13989995;Allergy & Clinical Immunology;CC BY*, CC BY-NC or CC BY-NC-ND;$5.300;£3.940;€ 4.660
American Anthropologist;15481433;General & Introductory Anthropology;CC BY, CC BY-NC or CC BY-NC-ND;$3.400;£2.270;€ 2.850
American Business Law Journal;17441714;Commercial Law;CC BY, CC BY-NC or CC BY-NC-ND;$2.900;£1.930;€ 2.450
American Ethnologist;15481425;Anthropological Theory & Methods / Ethnography;CC BY, CC BY-NC or CC BY-NC-ND;$3.400;£2.270;€ 2.850
American Journal of Agricultural Economics;14678276;Agricultural Economics & Resource Management;CC BY, CC BY-NC or CC BY-NC-ND;$3.750;£2.500;€ 3.120
American Journal of Biological Anthropology;26927691;Biological Anthropology;CC BY, CC BY-NC or CC BY-NC-ND;$4.840;£3.240;€ 4.020
American Journal of Botany;15372197;Plant Science;CC BY, CC BY-NC or CC BY-NC-ND;$2.660;£1.990;€ 2.390
American Journal of Community Psychology;15732770;Psychology General;CC BY, CC BY-NC or CC BY-NC-ND;$3.620;£2.380;€ 3.020
American Journal of Hematology;10968652;Hematology;CC BY, CC BY-NC or CC BY-NC-ND;$5.450;£3.630;€ 4.550
American Journal of Human Biology;15206300;Human Biology;CC BY, CC BY-NC or CC BY-NC-ND;$4.550;£3.020;€ 3.810
American Journal of Industrial Medicine;10970274;Environmental & Occupational Health;CC BY, CC BY-NC or CC BY-NC-ND;$4.430;£2.950;€ 3.700
American Journal of Medical Genetics Part A;15524833;Medical Genetics;CC BY, CC BY-NC or CC BY-NC-ND;$4.710;£3.150;€ 3.920
American Journal of Medical Genetics Part B: Neuropsychiatric Genetics;1552485X;Medical Genetics;CC BY, CC BY-NC or CC BY-NC-ND;$3.920;£2.620;€ 3.290
American Journal of Medical Genetics Part C: Seminars in Medical Genetics;15524876;Medical Genetics;CC BY, CC BY-NC or CC BY-NC-ND;$3.460;£2.330;€ 2.890
American Journal of Political Science;15405907;General & Introductory Political Science;CC BY, CC BY-NC or CC BY-NC-ND;$4.100;£2.730;€ 3.430
American Journal of Primatology;10982345;Comparative Biology (Botany & Zoology);CC BY, CC BY-NC or CC BY-NC-ND;$4.330;£2.890;€ 3.610
American Journal of Reproductive Immunology;16000897;Allergy & Clinical Immunology;CC BY, CC BY-NC or CC BY-NC-ND;$4.460;£2.990;€ 3.690
Anaesthesia;13652044;Anesthesia & Pain Management;CC BY*, CC BY-NC or CC BY-NC-ND;$4.970;£3.350;€ 4.130
Anaesthesia Reports;26373726;Anesthesia & Pain Management;CC BY, CC BY-NC or CC BY-NC-ND;$1.300;£960;€ 1.130
Analyses of Social Issues and Public Policy;15302415;Social Psychology;CC BY, CC BY-NC or CC BY-NC-ND;$3.470;£2.330;€ 2.900
Analysis & Sensing;26292742;General Chemistry;CC BY*, CC BY-NC or CC BY-NC-ND;$3.840;£2.870;€ 3.190
Analytic Philosophy;2153960X;Analytic Philosophy;CC BY, CC BY-NC or CC BY-NC-ND;$2.900;£1.930;€ 2.400
Anatomia, Histologia, Embryologia;14390264;Anatomy & Physiology;CC BY, CC BY-NC or CC BY-NC-ND;$3.850;£2.580;€ 3.190
Anatomical Sciences Education;19359780;Anatomy & Physiology;CC BY, CC BY-NC or CC BY-NC-ND;$4.100;£2.720;€ 3.400
Andrology;20472927;Andrology;CC BY, CC BY-NC or CC BY-NC-ND;$3.090;£2.060;€ 2.580
Angewandte Chemie;15213757;General Chemistry;CC BY, CC BY-NC or CC BY-NC-ND;$5.790;£3.860;€ 4.650
Angewandte Chemie International Edition;15213773;General Chemistry;CC BY, CC BY-NC or CC BY-NC-ND;$5.510;£3.680;€ 4.430
Animal Conservation;14691795;Conservation Science;CC BY, CC BY-NC or CC BY-NC-ND;$4.430;£2.950;€ 3.700
Animal Genetics;13652052;Animal Genetics;CC BY, CC BY-NC or CC BY-NC-ND;$3.570;£2.380;€ 2.970
Animal Science Journal;17400929;Animal Breeding & Genetics;CC BY, CC BY-NC or CC BY-NC-ND;$4.000;£2.650;€ 3.350
Annalen der Physik;15213889;General Physics;CC BY, CC BY-NC or CC BY-NC-ND;$3.840;£2.600;€ 3.200
Annals of Anthropological Practice;21539588;North American Anthropology;CC BY, CC BY-NC or CC BY-NC-ND;$3.240;£2.160;€ 2.710
Annals of Applied Biology;17447348;Plant Science;CC BY, CC BY-NC or CC BY-NC-ND;$3.570;£2.380;€ 3.010
Annals of Human Genetics;14691809;Human Genetics;CC BY, CC BY-NC or CC BY-NC-ND;$3.190;£2.110;€ 2.650
Annals of Neurology;15318249;Neurology;CC BY*, CC BY-NC or CC BY-NC-ND;$4.700;£3.150;€ 3.890
Annals of Public and Cooperative Economics;14678292;Public Economics;CC BY, CC BY-NC or CC BY-NC-ND;$3.240;£2.160;€ 2.730
Annals of the New York Academy of Sciences;17496632;General & Introductory Life Sciences;CC BY, CC BY-NC or CC BY-NC-ND;$5.080;£3.680;€ 4.380
Anthropology & Education Quarterly;15481492;Social & Cultural Anthropology;CC BY, CC BY-NC or CC BY-NC-ND;$3.400;£2.270;€ 2.850
Anthropology and Humanism;15481409;Anthropology Special Topics;CC BY, CC BY-NC or CC BY-NC-ND;$3.090;£2.060;€ 2.580
Anthropology of Consciousness;15563537;Anthropology of Religion;CC BY, CC BY-NC or CC BY-NC-ND;$3.400;£2.270;€ 2.850
Anthropology of Work Review;15481417;Economic & Political Anthropology;CC BY, CC BY-NC or CC BY-NC-ND;$3.240;£2.160;€ 2.710
Anthropology Today;14678322;General & Introductory Anthropology;CC BY, CC BY-NC or CC BY-NC-ND;$3.470;£2.330;€ 2.900
Antipode;14678330;General & Introductory Geography;CC BY, CC BY-NC or CC BY-NC-ND;$3.520;£2.380;€ 2.950
ANZ Journal of Surgery;14452197;Surgery & Surgical Specialties;CC BY, CC BY-NC or CC BY-NC-ND;$3.920;£2.610;€ 3.230
AORN Journal;18780369;Nursing General;CC BY, CC BY-NC or CC BY-NC-ND;$3.360;£2.260;€ 2.810
APMIS;16000463;Immunology;CC BY, CC BY-NC or CC BY-NC-ND;$4.460;£2.960;€ 3.730
Applied Cognitive Psychology;10990720;Cognitive Psychology;CC BY, CC BY-NC or CC BY-NC-ND;$2.900;£1.930;€ 2.400
Applied Economic Perspectives and Policy;20405804;Agricultural Economics & Resource Management;CC BY, CC BY-NC or CC BY-NC-ND;$3.750;£2.500;€ 3.120
Applied Organometallic Chemistry;10990739;Organic Chemistry;CC BY, CC BY-NC or CC BY-NC-ND;$4.430;£2.950;€ 3.700
Applied Psychology;14640597;Applied Psychology;CC BY, CC BY-NC or CC BY-NC-ND;$3.840;£2.540;€ 3.190
Applied Psychology: Health and Well-Being;17580854;Applied Psychology;CC BY, CC BY-NC or CC BY-NC-ND;$3.920;£2.610;€ 3.290
Applied Research;27024288;General Chemistry;CC BY, CC BY-NC or CC BY-NC-ND;$3.500;£2.750;€ 3.150
Applied Stochastic Models in Business and Industry;15264025;Business Statistics & Math;CC BY, CC BY-NC or CC BY-NC-ND;$3.800;£2.550;€ 3.170
Applied Vegetation Science;1654109X;Ecology & Organismal Biology;CC BY, CC BY-NC or CC BY-NC-ND;$3.600;£2.400;€ 3.000
Aquatic Conservation: Marine and Freshwater Ecosystems;10990755;Aquatic Ecology;CC BY, CC BY-NC or CC BY-NC-ND;$4.730;£3.170;€ 3.930
Arabian Archaeology and Epigraphy;16000471;Middle & Near Eastern Archaeology;CC BY, CC BY-NC or CC BY-NC-ND;$2.820;£1.880;€ 2.330
Archaeological Papers of the American Anthropological Association;15518248;Archaeological Methods & Theory;CC BY, CC BY-NC or CC BY-NC-ND;$3.090;£2.060;€ 2.580
Archaeological Prospection;10990763;General & Introductory Earth Sciences;CC BY, CC BY-NC or CC BY-NC-ND;$3.980;£2.670;€ 3.300
Archaeology in Oceania;18344453;General & Introductory Anthropology;CC BY, CC BY-NC or CC BY-NC-ND;$3.240;£2.160;€ 2.670
Archaeometry;14754754;Archaeological Methods & Theory;CC BY, CC BY-NC or CC BY-NC-ND;$3.350;£2.270;€ 2.750
Archiv der Pharmazie;15214184;Pharmaceutical & Medicinal Chemistry;CC BY, CC BY-NC or CC BY-NC-ND;$3.300;£2.220;€ 2.760
Archives of Insect Biochemistry and Physiology;15206327;Animal Science Methods;CC BY, CC BY-NC or CC BY-NC-ND;$3.920;£2.620;€ 3.290
Area;14754762;General & Introductory Geography;CC BY, CC BY-NC or CC BY-NC-ND;$3.760;£2.520;€ 3.140
Arthritis & Rheumatology;23265205;Rheumatology;CC BY*, CC BY-NC or CC BY-NC-ND;$5.190;£3.890;€ 4.540
Arthritis Care & Research;21514658;Rheumatology;CC BY*, CC BY-NC or CC BY-NC-ND;$4.640;£3.090;€ 3.870
Artificial Organs;15251594;Design of Artificial Organs;CC BY, CC BY-NC or CC BY-NC-ND;$3.990;£2.680;€ 3.310
Asia Pacific Journal of Human Resources;17447941;General & Introductory Business & Management;CC BY, CC BY-NC or CC BY-NC-ND;$2.900;£1.930;€ 2.400
Asia Pacific Viewpoint;14678373;General & Introductory Geography;CC BY, CC BY-NC or CC BY-NC-ND;$3.400;£2.320;€ 2.870
Asian Economic Journal;14678381;General & Introductory Economics;CC BY, CC BY-NC or CC BY-NC-ND;$2.810;£1.880;€ 2.370
Asian Economic Policy Review;17483131;General & Introductory Economics;CC BY, CC BY-NC or CC BY-NC-ND;$2.710;£1.790;€ 2.280
Asian Journal of Control;19346093;Control Systems Technology;CC BY, CC BY-NC or CC BY-NC-ND;$2.850;£1.900;€ 2.370
Asian Journal of Endoscopic Surgery;17585910;Surgery & Surgical Specialties;CC BY, CC BY-NC or CC BY-NC-ND;$3.240;£2.160;€ 2.670
Asian Journal of Organic Chemistry;21935815;Organic Chemistry;CC BY, CC BY-NC or CC BY-NC-ND;$4.030;£2.670;€ 3.350
Asian Journal of Social Psychology;1467839X;Social Psychology;CC BY, CC BY-NC or CC BY-NC-ND;$3.120;£2.100;€ 2.610
Asian Politics & Policy;19430787;Asian Politics;CC BY, CC BY-NC or CC BY-NC-ND;$2.900;£1.930;€ 2.450
Asian Social Work and Policy Review;17531411;Social Work;CC BY, CC BY-NC or CC BY-NC-ND;$2.900;£1.930;€ 2.400
Asian-Pacific Economic Literature;14678411;General & Introductory Economics;CC BY, CC BY-NC or CC BY-NC-ND;$2.900;£1.930;€ 2.390
Asia-Pacific Economic History Review;2832157X;Economic History;CC BY, CC BY-NC or CC BY-NC-ND;$2.900;£1.930;€ 2.390
Asia-Pacific Journal of Chemical Engineering;19322143;General & Introductory Chemical Engineering;CC BY, CC BY-NC or CC BY-NC-ND;$3.400;£2.270;€ 2.850
Asia-Pacific Journal of Clinical Oncology;17437563;Oncology & Radiotherapy;CC BY*, CC BY-NC or CC BY-NC-ND;$3.700;£2.510;€ 3.070
Asia-Pacific Journal of Financial Studies;20416156;General Finance & Investments;CC BY, CC BY-NC or CC BY-NC-ND;$2.810;£1.880;€ 2.320
Asia-Pacific Psychiatry;17585872;Psychiatry;CC BY, CC BY-NC or CC BY-NC-ND;$3.570;£2.380;€ 3.000
Astronomische Nachrichten;15213994;Astronomy & Astrophysics;CC BY, CC BY-NC or CC BY-NC-ND;$2.810;£1.890;€ 2.350
Austral Ecology;14429993;Ecology & Organismal Biology;CC BY, CC BY-NC or CC BY-NC-ND;$3.310;£2.210;€ 2.780
Austral Entomology;20521758;Entomology;CC BY, CC BY-NC or CC BY-NC-ND;$3.400;£2.270;€ 2.850
Australasian Journal of Dermatology;14400960;Dermatology;CC BY, CC BY-NC or CC BY-NC-ND;$4.160;£2.750;€ 3.490
Australasian Journal of Ultrasound in Medicine;22050140;Radiology & Imaging;CC BY;$3.550;£2.320;€ 2.980
Australasian Journal on Ageing;17416612;Geriatric Medicine;CC BY, CC BY-NC or CC BY-NC-ND;$3.840;£2.560;€ 3.220
Australian & New Zealand Journal of Statistics;1467842X;General & Introductory Statistics;CC BY, CC BY-NC or CC BY-NC-ND;$2.970;£2.000;€ 2.490
Australian Accounting Review;18352561;General & Introductory Accounting;CC BY, CC BY-NC or CC BY-NC-ND;$2.920;£1.930;€ 2.430
Australian and New Zealand Journal of Family Therapy;14678438;Family Therapy;CC BY, CC BY-NC or CC BY-NC-ND;$2.900;£1.930;€ 2.390
Australian and New Zealand Journal of Obstetrics and Gynaecology;1479828X;Obstetrics & Gynecology;CC BY, CC BY-NC or CC BY-NC-ND;$3.920;£2.610;€ 3.290
Australian Dental Journal;18347819;General Dentistry;CC BY, CC BY-NC or CC BY-NC-ND;$2.850;£1.900;€ 2.370
Australian Economic Papers;14678454;General & Introductory Economics;CC BY, CC BY-NC or CC BY-NC-ND;$2.900;£1.930;€ 2.400
Australian Endodontic Journal;17474477;Endodontics;CC BY, CC BY-NC or CC BY-NC-ND;$3.120;£2.100;€ 2.610
Australian Journal of Politics and History;14678497;General & Introductory Political Science;CC BY, CC BY-NC or CC BY-NC-ND;$2.900;£2.160;€ 2.450
Australian Journal of Public Administration;14678500;General & Introductory Political Science;CC BY, CC BY-NC or CC BY-NC-ND;$3.120;£2.100;€ 2.610
Australian Journal of Rural Health;14401584;Health & Health Care Special Topics;CC BY, CC BY-NC or CC BY-NC-ND;$3.570;£2.380;€ 3.010
Australian Journal of Social Issues;18394655;General & Introductory Social Policy & Welfare;CC BY, CC BY-NC or CC BY-NC-ND;$3.300;£2.220;€ 2.760
Australian Occupational Therapy Journal;14401630;Occupational Therapy;CC BY, CC BY-NC or CC BY-NC-ND;$3.470;£2.330;€ 2.900
Australian Veterinary Journal;17510813;General & Introductory Veterinary Medicine;CC BY, CC BY-NC or CC BY-NC-ND;$3.400;£2.270;€ 2.870
Autism Research;19393806;Biological Psychiatry;CC BY, CC BY-NC or CC BY-NC-ND;$4.740;£3.170;€ 3.960
AWWA Water Science;25778161;Water Resource Management;CC BY, CC BY-NC or CC BY-NC-ND;$3.000;£2.000;€ 2.500
Basic & Clinical Pharmacology & Toxicology;17427843;Pharmacology & Pharmaceutical Medicine;CC BY*, CC BY-NC or CC BY-NC-ND;$4.650;£3.120;€ 3.860
Basin Research;13652117;Geology & Geophysics;CC BY, CC BY-NC or CC BY-NC-ND;$4.310;£2.870;€ 3.580
Batteries & Supercaps;25666223;Batteries & Fuel Cells;CC BY, CC BY-NC or CC BY-NC-ND;$4.030;£3.010;€ 3.350
Behavioral Interventions;1099078X;Clinical Psychology;CC BY, CC BY-NC or CC BY-NC-ND;$2.900;£1.930;€ 2.400
Behavioral Sciences & the Law;10990798;Forensic Psychology;CC BY, CC BY-NC or CC BY-NC-ND;$3.400;£2.270;€ 2.840
Berichte zur Wissenschaftsgeschichte;15222365;Process Development;CC BY, CC BY-NC or CC BY-NC-ND;$3.460;£2.330;€ 2.890
Biochemistry and Molecular Biology Education;15393429;Biochemistry;CC BY, CC BY-NC or CC BY-NC-ND;$3.700;£2.450;€ 3.070
Bioelectromagnetics;1521186X;Biophysics;CC BY, CC BY-NC or CC BY-NC-ND;$3.290;£2.170;€ 2.760
BioEssays;15211878;Cell & Molecular Biology;CC BY, CC BY-NC or CC BY-NC-ND;$5.330;£3.570;€ 4.430
Bioethics;14678519;Bioethics & Medical Ethics;CC BY, CC BY-NC or CC BY-NC-ND;$4.550;£3.020;€ 3.810
BioFactors;18728081;Biochemistry;CC BY, CC BY-NC or CC BY-NC-ND;$4.150;£2.720;€ 3.470
Biofuels, Bioproducts and Biorefining;19321031;Bioenergy;CC BY, CC BY-NC or CC BY-NC-ND;$4.530;£3.020;€ 4.080
Biological Reviews;1469185X;General & Introductory Life Sciences;CC BY, CC BY-NC or CC BY-NC-ND;$5.390;£3.620;€ 4.480
Biology of the Cell;1768322X;Cell & Molecular Biology;CC BY, CC BY-NC or CC BY-NC-ND;$3.730;£2.510;€ 3.110
Biomedical Chromatography;10990801;Chromatography / Separation Techniques;CC BY, CC BY-NC or CC BY-NC-ND;$3.710;£2.480;€ 3.120
Biometrical Journal;15214036;Biometrics;CC BY, CC BY-NC or CC BY-NC-ND;$3.740;£2.520;€ 3.130
Biopharmaceutics & Drug Disposition;1099081X;Drug Formulation & Delivery;CC BY, CC BY-NC or CC BY-NC-ND;$3.800;£2.550;€ 3.170
Biopolymers;10970282;Biopolymers;CC BY, CC BY-NC or CC BY-NC-ND;$4.150;£2.720;€ 3.470
Biotechnology and Applied Biochemistry;14708744;Biotechnology (Life Sciences);CC BY, CC BY-NC or CC BY-NC-ND;$3.470;£2.330;€ 2.900
Biotechnology and Bioengineering;10970290;Biotechnology (Life Sciences);CC BY, CC BY-NC or CC BY-NC-ND;$5.060;£3.330;€ 4.250
Biotechnology Journal;18607314;Biotechnology (Life Sciences);CC BY, CC BY-NC or CC BY-NC-ND;$4.780;£3.190;€ 3.930
Biotechnology Progress;15206033;Biotechnology (Life Sciences);CC BY, CC BY-NC or CC BY-NC-ND;$4.160;£2.810;€ 3.480
Biotropica;17447429;Tropical Ecology;CC BY, CC BY-NC or CC BY-NC-ND;$2.630;£1.680;€ 2.100
Bipolar Disorders;13995618;Psychiatry;CC BY, CC BY-NC or CC BY-NC-ND;$4.730;£3.140;€ 3.910
Birth;1523536X;Women's Health Nursing;CC BY, CC BY-NC or CC BY-NC-ND;$4.850;£3.260;€ 4.030
Birth Defects Research;24721727;Medical Genetics;CC BY, CC BY-NC or CC BY-NC-ND;$3.700;£2.510;€ 3.070
BJOG: An International Journal of Obstetrics and Gynaecology;14710528;Obstetrics & Gynecology;CC BY, CC BY-NC or CC BY-NC-ND;$5.190;£3.460;€ 4.330
BJU International;1464410X;Urology;CC BY*, CC BY-NC or CC BY-NC-ND;$4.770;£3.200;€ 3.990
British Educational Research Journal;14693518;General & Introductory Education;CC BY, CC BY-NC or CC BY-NC-ND;$4.120;£2.730;€ 3.450
British Journal of Clinical Pharmacology;13652125;Pharmacology & Pharmaceutical Medicine;CC BY*, CC BY-NC or CC BY-NC-ND;$4.780;£3.400;€ 4.100
British Journal of Clinical Psychology;20448260;Clinical Psychology;CC BY, CC BY-NC or CC BY-NC-ND;$3.760;£2.520;€ 3.140
British Journal of Developmental Psychology;2044835X;Developmental Psychology;CC BY, CC BY-NC or CC BY-NC-ND;$3.400;£2.270;€ 2.850
British Journal of Educational Psychology;20448279;Educational & School Psychology;CC BY, CC BY-NC or CC BY-NC-ND;$3.760;£2.520;€ 3.140
British Journal of Educational Technology;14678535;Technology & Education (K-12);CC BY*, CC BY-NC or CC BY-NC-ND;$4.250;£2.840;€ 3.570
British Journal of Haematology;13652141;Hematology;CC BY*, CC BY-NC or CC BY-NC-ND;$5.190;£3.730;€ 4.430
British Journal of Health Psychology;20448287;Health & Behavioral Clinical Psychology;CC BY, CC BY-NC or CC BY-NC-ND;$4.240;£2.810;€ 3.550
British Journal of Industrial Relations;14678543;Industrial & Labor Relations;CC BY, CC BY-NC or CC BY-NC-ND;$3.860;£2.550;€ 3.260
British Journal of Learning Disabilities;14683156;Intellectual Disability;CC BY, CC BY-NC or CC BY-NC-ND;$3.120;£2.090;€ 2.620
British Journal of Management;14678551;Management;CC BY, CC BY-NC or CC BY-NC-ND;$3.900;£2.590;€ 3.240
British Journal of Mathematical and Statistical Psychology;20448317;Psychological Methods, Research & Statistics;CC BY, CC BY-NC or CC BY-NC-ND;$3.400;£2.270;€ 2.850
British Journal of Pharmacology;14765381;Pharmacology & Pharmaceutical Medicine;CC BY, CC BY-NC or CC BY-NC-ND;$4.780;£3.400;€ 4.100
British Journal of Psychology;20448295;Psychology General;CC BY, CC BY-NC or CC BY-NC-ND;$3.800;£2.490;€ 3.170
British Journal of Psychotherapy;17520118;Psychotherapy & Counseling;CC BY, CC BY-NC or CC BY-NC-ND;$3.300;£2.220;€ 2.760
British Journal of Social Psychology;20448309;Social Psychology;CC BY, CC BY-NC or CC BY-NC-ND;$3.970;£2.680;€ 3.300
British Journal of Special Education;14678578;Special Educational Needs;CC BY, CC BY-NC or CC BY-NC-ND;$2.900;£1.930;€ 2.450
Bulletin of Economic Research;14678586;General & Introductory Economics;CC BY, CC BY-NC or CC BY-NC-ND;$2.900;£1.930;€ 2.390
Bulletin of Latin American Research;14709856;General & Introductory Geography;CC BY, CC BY-NC or CC BY-NC-ND;$3.430;£2.300;€ 2.880
Bulletin of the Korean Chemical Society;12295949;General Chemistry;CC BY, CC BY-NC or CC BY-NC-ND;$3.470;£2.330;€ 2.900
Bulletin of the London Mathematical Society;14692120;General & Introductory Mathematics;CC BY, CC BY-NC or CC BY-NC-ND;$3.930;£2.620;€ 3.280
Business and Society Review;14678594;Business & Society;CC BY, CC BY-NC or CC BY-NC-ND;$2.900;£1.930;€ 2.450
Business Ethics, the Environment & Responsibility;26946424;Business Ethics;CC BY, CC BY-NC or CC BY-NC-ND;$3.800;£2.550;€ 3.170
Business Strategy and Development;25723170;General & Introductory Development Studies;CC BY, CC BY-NC or CC BY-NC-ND;$3.240;£2.500;€ 2.950
Business Strategy and the Environment;10990836;General & Introductory Development Studies;CC BY, CC BY-NC or CC BY-NC-ND;$4.480;£3.010;€ 3.750
Canadian Geographies / Les géographies canadiennes;15410064;General & Introductory Geography;CC BY, CC BY-NC or CC BY-NC-ND;$2.970;£2.000;€ 2.490
Canadian Journal of Administrative Sciences / Revue Canadienne des Sciences de l'Administration;19364490;Management;CC BY, CC BY-NC or CC BY-NC-ND;$2.900;£1.930;€ 2.450
Canadian Journal of Agricultural Economics/Revue canadienne d'agroeconomie;17447976;Agricultural Economics & Resource Management;CC BY, CC BY-NC or CC BY-NC-ND;$2.900;£1.930;€ 2.450
Canadian Journal of Economics/Revue canadienne d'économique;15405982;General & Introductory Economics;CC BY, CC BY-NC or CC BY-NC-ND;$3.120;£2.040;€ 2.610
Canadian Public Administration;17547121;Public Administration;CC BY, CC BY-NC or CC BY-NC-ND;$2.900;£1.930;€ 2.450
Canadian Review of Sociology/Revue canadienne de sociologie;1755618X;General Sociology;CC BY, CC BY-NC or CC BY-NC-ND;$3.010;£1.980;€ 2.560
Cancer;10970142;Oncology & Radiotherapy;CC BY*, CC BY-NC or CC BY-NC-ND;$4.790;£3.430;€ 4.110
Cancer Cytopathology;19346638;Oncology & Radiotherapy;CC BY*, CC BY-NC or CC BY-NC-ND;$3.000;£1.960;€ 2.510
Catheterization and Cardiovascular Interventions;1522726X;Cardiovascular Disease;CC BY*, CC BY-NC or CC BY-NC-ND;$4.490;£3.000;€ 3.740
ce/papers;25097075;General & Introductory Civil Engineering & Construction;CC BY, CC BY-NC or CC BY-NC-ND;$3.140;£2.110;€ 2.630
Cell Biochemistry and Function;10990844;Cell Biology;CC BY, CC BY-NC or CC BY-NC-ND;$4.220;£2.810;€ 3.520
Cell Biology International;10958355;Cell & Molecular Biology;CC BY, CC BY-NC or CC BY-NC-ND;$3.730;£2.490;€ 3.080
Cereal Chemistry;19433638;Bakery & Cereals;CC BY, CC BY-NC or CC BY-NC-ND;$3.750;£2.270;€ 3.010
ChemBioChem;14397633;Biochemistry (Chemical Biology);CC BY, CC BY-NC or CC BY-NC-ND;$4.430;£3.010;€ 3.700
ChemBioEng Reviews;21969744;General & Introductory Chemical Engineering;CC BY, CC BY-NC or CC BY-NC-ND;$4.030;£3.010;€ 3.350
ChemCatChem;18673899;Catalysis;CC BY, CC BY-NC or CC BY-NC-ND;$4.500;£3.930;€ 3.170
Chemical Biology & Drug Design;17470285;Biochemistry;CC BY, CC BY-NC or CC BY-NC-ND;$3.920;£2.620;€ 3.290
Chemical Engineering & Technology;15214125;General & Introductory Chemical Engineering;CC BY, CC BY-NC or CC BY-NC-ND;$3.930;£2.600;€ 3.260
Chemie Ingenieur Technik;15222640;General & Introductory Chemical Engineering;CC BY, CC BY-NC or CC BY-NC-ND;$4.030;£2.670;€ 3.350
Chemistry - A European Journal;15213765;General Chemistry;CC BY, CC BY-NC or CC BY-NC-ND;$4.640;£3.040;€ 4.070
Chemistry - An Asian Journal;1861471X;General Chemistry;CC BY, CC BY-NC or CC BY-NC-ND;$4.520;£3.030;€ 3.980
Chemistry & Biodiversity;16121880;Pharmaceutical & Medicinal Chemistry;CC BY, CC BY-NC or CC BY-NC-ND;$3.880;£2.570;€ 3.220
ChemistrySelect;23656549;General Chemistry;CC BY, CC BY-NC or CC BY-NC-ND;$3.880;£2.570;€ 3.220
ChemKon;15213730;General Chemistry;CC BY, CC BY-NC or CC BY-NC-ND;$3.140;£2.420;€ 2.630
ChemMedChem;18607187;Pharmaceutical & Medicinal Chemistry;CC BY, CC BY-NC or CC BY-NC-ND;$4.150;£2.720;€ 3.470
CHEMNANOMAT;2199692X;Nanochemistry;CC BY, CC BY-NC or CC BY-NC-ND;$4.020;£2.650;€ 3.360
ChemPhotoChem;23670932;Photochemistry;CC BY, CC BY-NC or CC BY-NC-ND;$4.030;£2.670;€ 3.350
ChemPhysChem;14397641;Physical Chemistry;CC BY, CC BY-NC or CC BY-NC-ND;$4.550;£3.070;€ 3.800
ChemPlusChem;21926506;General Chemistry;CC BY, CC BY-NC or CC BY-NC-ND;$4.030;£2.670;€ 3.350
ChemSusChem;1864564X;Sustainable Chemistry & Green Chemistry;CC BY, CC BY-NC or CC BY-NC-ND;$4.550;£3.070;€ 3.800
ChemSystemsChem;25704206;General Chemistry;CC BY, CC BY-NC or CC BY-NC-ND;$4.030;£2.670;€ 3.350
Child & Family Social Work;13652206;Social Work;CC BY, CC BY-NC or CC BY-NC-ND;$3.560;£2.340;€ 2.970
Child Abuse Review;10990852;Childhood;CC BY, CC BY-NC or CC BY-NC-ND;$3.350;£2.270;€ 2.780
Child and Adolescent Mental Health;14753588;Developmental Psychology;CC BY, CC BY-NC or CC BY-NC-ND;$3.520;£2.380;€ 2.890
Child Development;14678624;Developmental Psychology;CC BY, CC BY-NC or CC BY-NC-ND;$4.320;£2.840;€ 3.540
Child Development Perspectives;17508606;Developmental Psychology;CC BY, CC BY-NC or CC BY-NC-ND;$3.700;£2.450;€ 3.070
Child: Care, Health and Development;13652214;Family Studies General;CC BY, CC BY-NC or CC BY-NC-ND;$3.850;£2.570;€ 3.230
Children & Society;10990860;Childhood;CC BY, CC BY-NC or CC BY-NC-ND;$3.620;£2.380;€ 3.020
China & World Economy;1749124X;General & Introductory Economics;CC BY, CC BY-NC or CC BY-NC-ND;$2.840;£1.900;€ 2.350
Chinese Journal of Chemistry;16147065;General Chemistry;CC BY, CC BY-NC or CC BY-NC-ND;$3.300;£2.220;€ 2.760
Chirality;1520636X;Organic Chemistry;CC BY, CC BY-NC or CC BY-NC-ND;$4.030;£2.670;€ 3.350
City & Society;1548744X;General & Introductory Anthropology;CC BY, CC BY-NC or CC BY-NC-ND;$3.340;£2.220;€ 2.790
Civil Engineering Design;2625073X;General & Introductory Civil Engineering & Construction;CC BY, CC BY-NC or CC BY-NC-ND;$2.940;£2.480;€ 2.220
Cladistics;10960031;Evolutionary Biology;CC BY, CC BY-NC or CC BY-NC-ND;$3.960;£2.640;€ 3.300
CLEAN - Soil, Air, Water;18630669;Environmental Chemistry;CC BY, CC BY-NC or CC BY-NC-ND;$4.220;£2.870;€ 3.520
Clinical & Experimental Allergy;13652222;Allergy & Clinical Immunology;CC BY, CC BY-NC or CC BY-NC-ND;$4.760;£3.390;€ 4.070
Clinical & Experimental Ophthalmology;14429071;Ophthalmology & Optometry;CC BY, CC BY-NC or CC BY-NC-ND;$4.150;£2.780;€ 3.470
Clinical Advances in Periodontics;21630097;General Dentistry;CC BY, CC BY-NC or CC BY-NC-ND;$3.300;£2.220;€ 2.760
Clinical Anatomy;10982353;Anatomy & Physiology;CC BY, CC BY-NC or CC BY-NC-ND;$4.550;£3.010;€ 3.800
Clinical and Experimental Neuroimmunology;17591961;Neurology;CC BY*, CC BY-NC or CC BY-NC-ND;$2.710;£1.810;€ 2.260
Clinical and Experimental Pharmacology and Physiology;14401681;Pharmacology & Pharmaceutical Medicine;CC BY*, CC BY-NC or CC BY-NC-ND;$4.150;£2.780;€ 3.470
Clinical Endocrinology;13652265;Endocrinology;CC BY*, CC BY-NC or CC BY-NC-ND;$4.250;£2.830;€ 3.550
Clinical Genetics;13990004;Medical Genetics;CC BY, CC BY-NC or CC BY-NC-ND;$4.980;£3.300;€ 4.170
Clinical Implant Dentistry and Related Research;17088208;Implant Dentistry;CC BY, CC BY-NC or CC BY-NC-ND;$4.780;£3.190;€ 3.980
Clinical Obesity;17588111;Obesity;CC BY, CC BY-NC or CC BY-NC-ND;$3.240;£2.160;€ 2.730
Clinical Oral Implants Research;16000501;Implant Dentistry;CC BY*, CC BY-NC or CC BY-NC-ND;$5.170;£3.460;€ 4.320
Clinical Otolaryngology;17494486;Otolaryngology (Ear, Nose & Throat);CC BY, CC BY-NC or CC BY-NC-ND;$4.520;£3.000;€ 3.730
Clinical Pharmacology & Therapeutics;15326535;Clinical Pharmacology & Therapeutics;CC BY*, CC BY-NC or CC BY-NC-ND;$4.410;£3.360;€ 3.750
Clinical Pharmacology in Drug Development;21607648;Clinical Pharmacology & Therapeutics;CC BY, CC BY-NC or CC BY-NC-ND;$3.800;£2.560;€ 3.170
Clinical Physiology and Functional Imaging;1475097X;Physiology;CC BY, CC BY-NC or CC BY-NC-ND;$4.030;£2.670;€ 3.350
Clinical Psychology & Psychotherapy;10990879;Clinical Psychology;CC BY, CC BY-NC or CC BY-NC-ND;$3.810;£2.520;€ 3.140
Clinical Transplantation;13990012;Transplantation;CC BY*, CC BY-NC or CC BY-NC-ND;$4.550;£3.020;€ 3.810
Cochrane Library* (Not eligible for APC coverage through a Transitional Deal);14651858;;CC BY, CC BY-NC or CC BY-NC-ND;$5.100;£3.400;€ 4.250
Cognitive Science;15516709;Cognitive Science;CC BY, CC BY-NC or CC BY-NC-ND;$4.000;£2.650;€ 3.300
Color Research and Application;15206378;Industrial Chemistry;CC BY, CC BY-NC or CC BY-NC-ND;$3.180;£2.130;€ 2.660
Coloration Technology;14784408;Paints, Pigments, Coatings, Dyes;CC BY, CC BY-NC or CC BY-NC-ND;$3.950;£2.650;€ 3.300
Colorectal Disease;14631318;Surgery & Surgical Specialties;CC BY, CC BY-NC or CC BY-NC-ND;$4.480;£3.010;€ 3.750
Communications on Pure and Applied Mathematics;10970312;Applied Mathematics;CC BY, CC BY-NC or CC BY-NC-ND;$5.230;£3.470;€ 4.380
Community Dentistry and Oral Epidemiology;16000528;General Dentistry;CC BY, CC BY-NC or CC BY-NC-ND;$4.230;£2.830;€ 3.510
Comprehensive Physiology;20404603;Physiology;CC BY, CC BY-NC or CC BY-NC-ND;$3.750;£3.120;€ 3.600
Comprehensive Reviews in Food Science and Food Safety;15414337;General & Introductory Food Science & Technology;CC BY, CC BY-NC or CC BY-NC-ND;$5.000;£3.860;€ 4.320
Computational Intelligence;14678640;General & Introductory Computer Science;CC BY, CC BY-NC or CC BY-NC-ND;$2.860;£1.930;€ 2.390
Computer Animation and Virtual Worlds;1546427X;Visualization & Computer Graphics;CC BY, CC BY-NC or CC BY-NC-ND;$3.350;£2.220;€ 2.770
Computer Applications In Engineering Education;10990542;General & Introductory Computer Science;CC BY, CC BY-NC or CC BY-NC-ND;$4.150;£2.780;€ 3.410
Computer Graphics Forum;14678659;Visualization & Computer Graphics;CC BY, CC BY-NC or CC BY-NC-ND;$3.710;£2.470;€ 3.090
Computer-Aided Civil and Infrastructure Engineering;14678667;General & Introductory Civil Engineering & Construction;CC BY, CC BY-NC or CC BY-NC-ND;$5.230;£3.470;€ 4.380
Concurrency and Computation: Practice and Experience;15320634;Programming & Software Development;CC BY, CC BY-NC or CC BY-NC-ND;$5.140;£3.410;€ 4.300
Conflict Resolution Quarterly;15411508;Negotiation & Conflict Resolution;CC BY, CC BY-NC or CC BY-NC-ND;$3.460;£2.330;€ 2.890
Congenital Anomalies;17414520;Genetics;CC BY, CC BY-NC or CC BY-NC-ND;$2.830;£1.900;€ 2.370
Conservation Biology;15231739;Conservation Science;CC BY, CC BY-NC or CC BY-NC-ND;$3.400;£2.270;€ 2.850
Constellations;14678675;General & Introductory Political Science;CC BY, CC BY-NC or CC BY-NC-ND;$2.900;£1.930;€ 2.400
Consumer Psychology Review;24761281;Business & Management Special Topics;CC BY, CC BY-NC or CC BY-NC-ND;$3.470;£2.330;€ 2.900
Contact Dermatitis;16000536;Dermatology;CC BY, CC BY-NC or CC BY-NC-ND;$5.060;£3.380;€ 4.230
Contemporary Accounting Research;19113846;Financial Accounting;CC BY, CC BY-NC or CC BY-NC-ND;$3.400;£2.270;€ 2.850
Contemporary Economic Policy;14657287;Public Economics;CC BY, CC BY-NC or CC BY-NC-ND;$2.970;£1.940;€ 2.540
Contributions to Plasma Physics;15213986;General Physics;CC BY, CC BY-NC or CC BY-NC-ND;$2.930;£1.970;€ 2.450
Corporate Governance: An International Review;14678683;Corporate Governance;CC BY, CC BY-NC or CC BY-NC-ND;$4.030;£2.720;€ 3.350
Corporate Social Responsibility and Environmental Management;15353966;General & Introductory Development Studies;CC BY, CC BY-NC or CC BY-NC-ND;$4.100;£2.720;€ 3.400
Counselling and Psychotherapy Research;17461405;Psychology General;CC BY, CC BY-NC or CC BY-NC-ND;$2.900;£1.930;€ 2.450
Counselor Education and Supervision;15566978;Psychotherapy & Counseling;CC BY, CC BY-NC or CC BY-NC-ND;$2.900;£1.930;€ 2.450
Creativity and Innovation Management;14678691;Creativity & Innovation Management;CC BY, CC BY-NC or CC BY-NC-ND;$3.350;£2.270;€ 2.770
Criminal Behaviour and Mental Health;14712857;Clinical Psychology;CC BY, CC BY-NC or CC BY-NC-ND;$3.570;£2.380;€ 3.000
Criminology;17459125;Criminology;CC BY, CC BY-NC or CC BY-NC-ND;$3.570;£2.380;€ 2.970
Criminology & Public Policy;17459133;Criminology;CC BY, CC BY-NC or CC BY-NC-ND;$3.350;£2.220;€ 2.810
Critical Quarterly;14678705;General Literature;CC BY, CC BY-NC or CC BY-NC-ND;$2.900;£1.930;€ 2.400
Crop Science;14350653;Plant Genetics;CC BY, CC BY-NC or CC BY-NC-ND;$1.980;£1.550;€ 1.780
Crop, Forage & Turfgrass Management;23743832;Crops;CC BY, CC BY-NC or CC BY-NC-ND;$1.800;£1.410;€ 1.630
Crystal Research and Technology;15214079;General Physics;CC BY, CC BY-NC or CC BY-NC-ND;$3.500;£2.380;€ 2.910
Culture, Agriculture, Food and Environment;21539561;Anthropology Special Topics;CC BY, CC BY-NC or CC BY-NC-ND;$3.400;£2.270;€ 2.850
Curator: The Museum Journal;21516952;Museum & Heritage Studies;CC BY, CC BY-NC or CC BY-NC-ND;$2.900;£1.930;€ 2.400
Current Protocols;26911299;General & Introductory Life Sciences;CC BY, CC BY-NC or CC BY-NC-ND;$4.890;£3.910;€ 4.430
Curtis's Botanical Magazine;14678748;Plant Science;CC BY, CC BY-NC or CC BY-NC-ND;$3.140;£2.110;€ 2.630
Cytometry Part A;15524930;Cell & Molecular Biology;CC BY*, CC BY-NC or CC BY-NC-ND;$3.970;£2.650;€ 3.310
Cytometry Part B: Clinical Cytometry;15524957;Cell & Molecular Biology;CC BY*, CC BY-NC or CC BY-NC-ND;$3.800;£2.560;€ 3.170
Cytopathology;13652303;Pathology;CC BY, CC BY-NC or CC BY-NC-ND;$3.900;£2.540;€ 3.270
Cytoskeleton;19493592;Cell & Molecular Biology;CC BY, CC BY-NC or CC BY-NC-ND;$3.920;£2.560;€ 3.290
Decision Sciences;15405915;Decision Sciences;CC BY, CC BY-NC or CC BY-NC-ND;$3.090;£2.060;€ 2.600
Decision Sciences Journal of Innovative Education;15404609;Decision Sciences;CC BY, CC BY-NC or CC BY-NC-ND;$2.760;£1.840;€ 2.330
Dental Traumatology;16009657;Dental Traumatology;CC BY, CC BY-NC or CC BY-NC-ND;$4.330;£2.900;€ 3.620
Dermatological Reviews;26377489;Dermatology;CC BY, CC BY-NC or CC BY-NC-ND;$3.460;£2.330;€ 2.890
Developing World Bioethics;14718847;Bioethics & Medical Ethics;CC BY, CC BY-NC or CC BY-NC-ND;$3.800;£2.550;€ 3.170
Development and Change;14677660;General & Introductory Development Studies;CC BY, CC BY-NC or CC BY-NC-ND;$3.870;£2.540;€ 3.230
Development Policy Review;14677679;General & Introductory Development Studies;CC BY, CC BY-NC or CC BY-NC-ND;$3.470;£2.330;€ 2.900
Development, Growth & Differentiation;1440169X;Developmental Biology;CC BY, CC BY-NC or CC BY-NC-ND;$3.990;£2.660;€ 3.330
Developmental Dynamics;10970177;Developmental Biology;CC BY, CC BY-NC or CC BY-NC-ND;$4.430;£3.530;€ 3.980
Developmental Medicine & Child Neurology;14698749;Neurology;CC BY, CC BY-NC or CC BY-NC-ND;$5.300;£3.570;€ 4.440
Developmental Neurobiology;1932846X;Neuroscience;CC BY, CC BY-NC or CC BY-NC-ND;$4.550;£3.070;€ 3.810
Developmental Psychobiology;10982302;Developmental Psychology;CC BY, CC BY-NC or CC BY-NC-ND;$3.760;£2.460;€ 3.160
Developmental Science;14677687;Developmental Psychology;CC BY, CC BY-NC or CC BY-NC-ND;$4.140;£2.810;€ 3.450
Diabetes, Obesity and Metabolism;14631326;Diabetes;CC BY*, CC BY-NC or CC BY-NC-ND;$5.380;£3.810;€ 4.650
Diabetes/Metabolism Research and Reviews;15207560;Diabetes;CC BY, CC BY-NC or CC BY-NC-ND;$4.780;£3.130;€ 3.980
Diabetic Medicine;14645491;Diabetes;CC BY*, CC BY-NC or CC BY-NC-ND;$4.870;£3.240;€ 4.060
Diagnostic Cytopathology;10970339;Pathology;CC BY, CC BY-NC or CC BY-NC-ND;$3.920;£2.620;€ 3.240
Dialog;15406385;Contemporary Theology;CC BY, CC BY-NC or CC BY-NC-ND;$2.900;£1.930;€ 2.400
Die Unterrichtspraxis/Teaching German;17561221;Applied Linguistics;CC BY, CC BY-NC or CC BY-NC-ND;$2.900;£1.930;€ 2.450
Digest of Middle East Studies;19493606;Middle Eastern Politics;CC BY, CC BY-NC or CC BY-NC-ND;$2.900;£1.930;€ 2.450
Digestive Endoscopy;14431661;Endoscopy;CC BY, CC BY-NC or CC BY-NC-ND;$3.780;£2.520;€ 3.150
Disasters;14677717;General & Introductory Development Studies;CC BY, CC BY-NC or CC BY-NC-ND;$3.730;£2.510;€ 3.120
Drug and Alcohol Review;14653362;Addiction;CC BY, CC BY-NC or CC BY-NC-ND;$4.430;£2.970;€ 3.730
Drug Development Research;10982299;Pharmacology & Pharmaceutical Medicine;CC BY, CC BY-NC or CC BY-NC-ND;$3.980;£2.670;€ 3.300
Drug Testing and Analysis;19427611;Analytical Chemistry;CC BY, CC BY-NC or CC BY-NC-ND;$4.440;£2.970;€ 3.690
Dyslexia;10990909;Reading & Dyslexia;CC BY, CC BY-NC or CC BY-NC-ND;$3.460;£2.330;€ 2.890
Early Intervention in Psychiatry;17517893;Psychiatry;CC BY, CC BY-NC or CC BY-NC-ND;$4.060;£2.710;€ 3.340
Early Medieval Europe;14680254;Medieval History (500-1500);CC BY, CC BY-NC or CC BY-NC-ND;$2.900;£1.930;€ 2.400
Earth Surface Processes and Landforms;10969837;Geomorphology;CC BY, CC BY-NC or CC BY-NC-ND;$5.330;£3.570;€ 4.430
Earthquake Engineering & Structural Dynamics;10969845;Structural & Building Engineering;CC BY, CC BY-NC or CC BY-NC-ND;$3.760;£2.520;€ 3.120
Earthquake Engineering and Resilience;27705706;Earthquake;CC BY;$2.650;£2.015;€ 2.238
Echocardiography;15408175;Cardiovascular Disease;CC BY, CC BY-NC or CC BY-NC-ND;$3.700;£2.450;€ 3.070
Ecohydrology;19360592;Hydrological Sciences;CC BY, CC BY-NC or CC BY-NC-ND;$4.650;£3.120;€ 3.920
Ecological Applications;19395582;Ecology & Organismal Biology;CC BY, CC BY-NC or CC BY-NC-ND;$3.970;£2.650;€ 3.310
Ecological Entomology;13652311;Entomology;CC BY, CC BY-NC or CC BY-NC-ND;$4.410;£2.940;€ 3.680
Ecological Management & Restoration;14428903;Ecology & Organismal Biology;CC BY, CC BY-NC or CC BY-NC-ND;$2.630;£1.750;€ 2.190
Ecological Monographs;15577015;Ecology & Organismal Biology;CC BY, CC BY-NC or CC BY-NC-ND;$3.970;£2.650;€ 3.310
Ecological Research;14401703;Ecology & Organismal Biology;CC BY, CC BY-NC or CC BY-NC-ND;$3.000;£2.000;€ 2.500
Ecology;19399170;Ecology & Organismal Biology;CC BY, CC BY-NC or CC BY-NC-ND;$3.970;£2.650;€ 3.310
Ecology Letters;14610248;Ecology & Organismal Biology;CC BY, CC BY-NC or CC BY-NC-ND;$5.300;£3.510;€ 4.440
Ecology of Freshwater Fish;16000633;Ecology & Organismal Biology;CC BY, CC BY-NC or CC BY-NC-ND;$4.150;£2.720;€ 3.470
Econometrica;14680262;Econometrics;CC BY, CC BY-NC or CC BY-NC-ND;$5.290;£3.970;€ 4.600
Economic Affairs;14680270;General & Introductory Economics;CC BY, CC BY-NC or CC BY-NC-ND;$2.900;£1.930;€ 2.450
Economic Anthropology;23304847;General & Introductory Anthropology;CC BY, CC BY-NC or CC BY-NC-ND;$3.400;£2.270;€ 2.850
Economic Inquiry;14657295;General & Introductory Economics;CC BY, CC BY-NC or CC BY-NC-ND;$3.400;£2.320;€ 2.800
Economic Notes;14680300;Financial Economics;CC BY, CC BY-NC or CC BY-NC-ND;$2.900;£1.930;€ 2.450
"Economic Papers; A journal of applied economics and policy";17593441;General & Introductory Economics;CC BY, CC BY-NC or CC BY-NC-ND;$2.900;£1.930;€ 2.390
Economic Record;14754932;General & Introductory Economics;CC BY, CC BY-NC or CC BY-NC-ND;$2.900;£1.930;€ 2.390
Economica;14680335;General & Introductory Economics;CC BY, CC BY-NC or CC BY-NC-ND;$3.400;£2.610;€ 2.950
Economics & Politics;14680343;Political Economics;CC BY, CC BY-NC or CC BY-NC-ND;$3.240;£2.160;€ 2.740
Economics of Transition and Institutional Change;25776983;General & Introductory Economics;CC BY, CC BY-NC or CC BY-NC-ND;$3.010;£2.040;€ 2.500
Educational Measurement: Issues and Practice;17453992;Educational Research & Statistics;CC BY, CC BY-NC or CC BY-NC-ND;$3.240;£2.540;€ 2.920
Educational Theory;17415446;Theory of Education;CC BY, CC BY-NC or CC BY-NC-ND;$2.760;£1.840;€ 2.330
Electrical Engineering in Japan;15206416;Power Technology & Power Engineering;CC BY, CC BY-NC or CC BY-NC-ND;$2.630;£1.750;€ 2.170
Electroanalysis;15214109;Analytical Chemistry;CC BY, CC BY-NC or CC BY-NC-ND;$3.800;£2.550;€ 3.170
Electronics and Communications in Japan;19429541;Circuit Theory & Design;CC BY, CC BY-NC or CC BY-NC-ND;$3.570;£2.380;€ 2.970
ELECTROPHORESIS;15222683;Biochemistry (Chemical Biology);CC BY, CC BY-NC or CC BY-NC-ND;$3.940;£2.610;€ 3.300
Emergency Medicine Australasia;17426723;Emergency Medicine & Trauma;CC BY, CC BY-NC or CC BY-NC-ND;$3.750;£2.500;€ 3.120
Energy Storage;25784862;Energy Storage;CC BY, CC BY-NC or CC BY-NC-ND;$3.460;£2.330;€ 2.890
Energy Technology;21944296;General & Introductory Chemical Engineering;CC BY, CC BY-NC or CC BY-NC-ND;$4.050;£2.760;€ 3.360
Entomologia Experimentalis et Applicata;15707458;Entomology;CC BY, CC BY-NC or CC BY-NC-ND;$4.430;£2.970;€ 3.680
Entomological Research;17485967;Entomology;CC BY, CC BY-NC or CC BY-NC-ND;$3.310;£2.210;€ 2.760
Entomological Science;14798298;Entomology;CC BY, CC BY-NC or CC BY-NC-ND;$3.400;£2.270;€ 2.830
Environmental and Molecular Mutagenesis;10982280;Genetics;CC BY, CC BY-NC or CC BY-NC-ND;$3.750;£2.500;€ 3.120
Environmental Microbiology;14622920;Microbial Ecology;CC BY, CC BY-NC or CC BY-NC-ND;$4.640;£3.300;€ 3.980
Environmental Policy and Governance;17569338;General & Introductory Development Studies;CC BY, CC BY-NC or CC BY-NC-ND;$3.800;£2.560;€ 3.170
Environmental Progress & Sustainable Energy;19447450;Environmental Engineering;CC BY, CC BY-NC or CC BY-NC-ND;$3.810;£2.520;€ 3.160
Environmental Quality Management;15206483;Environmental Management, Policy & Planning;CC BY, CC BY-NC or CC BY-NC-ND;$3.300;£2.220;€ 2.760
Environmental Toxicology;15227278;Toxicology;CC BY, CC BY-NC or CC BY-NC-ND;$4.120;£2.780;€ 3.450
Environmetrics;1099095X;Environmental Statistics & Environmetrics;CC BY, CC BY-NC or CC BY-NC-ND;$4.780;£3.190;€ 4.040
Epilepsia;15281167;Neurology;CC BY*, CC BY-NC or CC BY-NC-ND;$4.360;£2.920;€ 3.640
Epileptic Disorders;19506945;Neurology;CC BY* or CC BY, CC-BY-NC, CC-BY-ND and CC-BY-NC-ND;$2.430;£1.760;€ 2.100
EPPO Bulletin;13652338;Plant Science;CC BY, CC BY-NC or CC BY-NC-ND;$3.140;£2.110;€ 2.630
Equine Veterinary Education;20423292;Veterinary Medicine - Equine;CC BY, CC BY-NC or CC BY-NC-ND;$3.760;£2.470;€ 3.140
Equine Veterinary Journal;20423306;Veterinary Medicine - Equine;CC BY, CC BY-NC or CC BY-NC-ND;$4.480;£3.010;€ 3.750
Ethics & Human Research;25782363;Bioethics & Medical Ethics;CC BY;$3.240;£2.160;€ 2.730
Ethology;14390310;Animal Behavior;CC BY, CC BY-NC or CC BY-NC-ND;$4.650;£3.120;€ 3.850
Ethos;15481352;Social & Cultural Anthropology;CC BY, CC BY-NC or CC BY-NC-ND;$3.400;£2.270;€ 2.850
EuroChoices;1746692X;Agricultural Economics & Resource Management;CC BY, CC BY-NC or CC BY-NC-ND;$3.470;£2.330;€ 2.900
European Eating Disorders Review;10990968;Clinical Psychology;CC BY, CC BY-NC or CC BY-NC-ND;$4.330;£2.890;€ 3.610
European Financial Management;1468036X;Institutional & Corporate Finance;CC BY, CC BY-NC or CC BY-NC-ND;$3.350;£2.220;€ 2.770
European Journal of Clinical Investigation;13652362;General & Internal Medicine;CC BY, CC BY-NC or CC BY-NC-ND;$4.100;£2.720;€ 3.400
European Journal of Dental Education;16000579;Community Dentistry & Public Health;CC BY, CC BY-NC or CC BY-NC-ND;$4.330;£2.890;€ 3.600
European Journal of Education;14653435;General & Introductory Education;CC BY, CC BY-NC or CC BY-NC-ND;$3.350;£2.270;€ 2.770
European Journal of Haematology;16000609;Hematology;CC BY*, CC BY-NC or CC BY-NC-ND;$4.650;£3.070;€ 3.920
European Journal of Heart Failure;18790844;Heart Failure;CC BY*, CC BY-NC or CC BY-NC-ND;$5.300;£3.460;€ 4.440
European Journal of Immunology;15214141;Immunology;CC BY, CC BY-NC or CC BY-NC-ND;$4.550;£3.250;€ 3.920
European Journal of Inorganic Chemistry;10990682;Inorganic Chemistry;CC BY, CC BY-NC or CC BY-NC-ND;$4.050;£2.750;€ 3.350
European Journal of Lipid Science and Technology;14389312;Oils & Fats;CC BY, CC BY-NC or CC BY-NC-ND;$4.020;£2.730;€ 3.350
European Journal of Neuroscience;14609568;Neuroscience;CC BY, CC BY-NC or CC BY-NC-ND;$3.560;£2.380;€ 2.980
European Journal of Oral Sciences;16000722;Oral Sciences & Technology;CC BY, CC BY-NC or CC BY-NC-ND;$4.220;£2.810;€ 3.520
European Journal of Organic Chemistry;10990690;Organic Chemistry;CC BY, CC BY-NC or CC BY-NC-ND;$4.330;£2.920;€ 3.620
European Journal of Pain;15322149;Pain Medicine;CC BY, CC BY-NC or CC BY-NC-ND;$4.310;£2.870;€ 3.590
European Journal of Philosophy;14680378;Continental Philosophy;CC BY, CC BY-NC or CC BY-NC-ND;$3.240;£2.160;€ 2.660
European Journal of Political Research;14756765;General & Introductory Political Science;CC BY, CC BY-NC or CC BY-NC-ND;$3.900;£2.590;€ 3.240
European Journal of Political Research Political Data Yearbook;20478852;General & Introductory Political Science;CC BY, CC BY-NC or CC BY-NC-ND;$3.090;£2.060;€ 2.580
European Journal of Social Psychology;10990992;Social Psychology;CC BY, CC BY-NC or CC BY-NC-ND;$3.980;£2.640;€ 3.310
European Journal of Soil Science;13652389;Soil Science & Geoarchaeology;CC BY, CC BY-NC or CC BY-NC-ND;$4.490;£2.960;€ 3.770
European Law Journal;14680386;General & Introductory Law;CC BY, CC BY-NC or CC BY-NC-ND;$3.570;£2.380;€ 3.000
European Management Review;17404762;Management;CC BY, CC BY-NC or CC BY-NC-ND;$3.350;£2.220;€ 2.850
European Policy Analysis;23806567;Political Science Special Topics;CC BY, CC BY-NC or CC BY-NC-ND;$3.470;£2.330;€ 3.120
Evolution & Development;1525142X;Evolution;CC BY, CC BY-NC or CC BY-NC-ND;$3.800;£2.550;€ 3.170
Evolutionary Anthropology;15206505;Evolutionary Biology;CC BY, CC BY-NC or CC BY-NC-ND;$5.000;£3.350;€ 4.150
Experimental Dermatology;16000625;Dermatology;CC BY, CC BY-NC or CC BY-NC-ND;$4.880;£3.230;€ 4.090
Expert Systems;14680394;General & Introductory Electrical & Electronics Engineering;CC BY, CC BY-NC or CC BY-NC-ND;$3.600;£2.390;€ 3.020
Family & Consumer Sciences Research Journal;15523934;Family Studies General;CC BY, CC BY-NC or CC BY-NC-ND;$2.900;£1.930;€ 2.450
Family Court Review;17441617;Civil Law;CC BY, CC BY-NC or CC BY-NC-ND;$2.900;£1.930;€ 2.450
Family Process;15455300;Family Studies General;CC BY, CC BY-NC or CC BY-NC-ND;$3.400;£2.270;€ 2.850
Family Relations;17413729;Family Studies General;CC BY, CC BY-NC or CC BY-NC-ND;$3.590;£2.320;€ 2.980
Fatigue & Fracture of Engineering Materials & Structures;14602695;Failure Fracture;CC BY, CC BY-NC or CC BY-NC-ND;$3.860;£2.580;€ 3.230
FEBS Letters;18733468;Biochemistry;CC BY, CC BY-NC or CC BY-NC-ND;$3.980;£2.440;€ 3.170
Feddes Repertorium;1522239X;Plant Science;CC BY, CC BY-NC or CC BY-NC-ND;$2.900;£1.930;€ 2.400
Feminist Anthropology;26437961;General & Introductory Anthropology;CC BY, CC BY-NC or CC BY-NC-ND;$3.090;£2.060;€ 2.580
Financial Accountability & Management;14680408;General Finance & Investments;CC BY, CC BY-NC or CC BY-NC-ND;$2.900;£1.930;€ 2.400
Financial Management;1755053X;General Finance & Investments;CC BY, CC BY-NC or CC BY-NC-ND;$2.850;£1.880;€ 2.390
Financial Markets, Institutions & Instruments;14680416;General Finance & Investments;CC BY, CC BY-NC or CC BY-NC-ND;$2.900;£1.930;€ 2.390
Fire and Materials;10991018;General & Introductory Civil Engineering & Construction;CC BY, CC BY-NC or CC BY-NC-ND;$3.760;£2.520;€ 3.090
Fiscal Studies;14755890;Public Economics;CC BY, CC BY-NC or CC BY-NC-ND;$3.920;£2.610;€ 3.230
Fish and Fisheries;14672979;General Aquaculture, Fisheries & Fish Science;CC BY, CC BY-NC or CC BY-NC-ND;$5.000;£3.300;€ 4.150
Fisheries Management and Ecology;13652400;General Aquaculture, Fisheries & Fish Science;CC BY, CC BY-NC or CC BY-NC-ND;$4.430;£2.950;€ 3.700
Fisheries Oceanography;13652419;General Aquaculture, Fisheries & Fish Science;CC BY, CC BY-NC or CC BY-NC-ND;$4.650;£3.120;€ 3.920
Flavour and Fragrance Journal;10991026;Flavor, Perfume & Cosmetic Science;CC BY, CC BY-NC or CC BY-NC-ND;$3.950;£2.590;€ 3.300
Foreign Language Annals;19449720;Applied Linguistics;CC BY, CC BY-NC or CC BY-NC-ND;$3.570;£2.380;€ 3.010
Forest Pathology;14390329;Plant Pathology;CC BY, CC BY-NC or CC BY-NC-ND;$3.680;£2.430;€ 3.060
Fortschritte der Physik;15213978;General Physics;CC BY, CC BY-NC or CC BY-NC-ND;$3.460;£2.330;€ 2.890
Freshwater Biology;13652427;Ecology & Organismal Biology;CC BY, CC BY-NC or CC BY-NC-ND;$4.940;£3.290;€ 4.170
Frontiers in Ecology and the Environment;15409309;Ecology & Organismal Biology;CC BY, CC BY-NC or CC BY-NC-ND;$3.970;£2.650;€ 3.310
Fuel Cells;16156854;Batteries & Fuel Cells;CC BY, CC BY-NC or CC BY-NC-ND;$3.650;£2.450;€ 3.050
Fundamental & Clinical Pharmacology;14728206;Pharmacology & Pharmaceutical Medicine;CC BY, CC BY-NC or CC BY-NC-ND;$3.300;£2.220;€ 2.790
Futures & Foresight Science;25735152;Decision Sciences;CC BY, CC BY-NC or CC BY-NC-ND;$3.460;£2.330;€ 2.890
GAMM - Mitteilungen;15222608;General & Introductory Mathematics;CC BY, CC BY-NC or CC BY-NC-ND;$3.140;£2.110;€ 2.630
Gender & History;14680424;Gender & History;CC BY, CC BY-NC or CC BY-NC-ND;$3.350;£2.270;€ 2.770
Gender, Work & Organization;14680432;General & Introductory Business & Management;CC BY, CC BY-NC or CC BY-NC-ND;$4.880;£3.300;€ 4.030
General Anthropology;19393466;General & Introductory Anthropology;CC BY;$3.090;£2.060;€ 2.580
Genes to Cells;13652443;Cell & Molecular Biology;CC BY, CC BY-NC or CC BY-NC-ND;$3.800;£2.533;€ 3.167
Genes, Chromosomes and Cancer;10982264;Oncology & Radiotherapy;CC BY, CC BY-NC or CC BY-NC-ND;$4.810;£3.220;€ 4.040
genesis;1526968X;Developmental Biology;CC BY, CC BY-NC or CC BY-NC-ND;$3.800;£2.550;€ 3.170
Genetic Epidemiology;10982272;Human Genetics;CC BY, CC BY-NC or CC BY-NC-ND;$4.150;£2.720;€ 3.470
Geoarchaeology;15206548;Soil Science & Geoarchaeology;CC BY, CC BY-NC or CC BY-NC-ND;$3.760;£2.490;€ 3.180
Geobiology;14724669;Paleontology, Paleobiology & Geobiology;CC BY, CC BY-NC or CC BY-NC-ND;$4.880;£3.240;€ 4.030
Geographical Analysis;15384632;Geographical Methodology & Techniques;CC BY, CC BY-NC or CC BY-NC-ND;$3.760;£2.520;€ 3.140
Geographical Research;17455871;General & Introductory Geography;CC BY, CC BY-NC or CC BY-NC-ND;$3.350;£2.220;€ 2.780
Geography Compass;17498198;General & Introductory Geography;CC BY, CC BY-NC or CC BY-NC-ND;$3.700;£2.460;€ 3.080
Geological Journal;10991034;Geology & Geophysics;CC BY, CC BY-NC or CC BY-NC-ND;$3.540;£2.370;€ 2.950
Geology Today;13652451;General & Introductory Earth Sciences;CC BY;$1.100;£830;€ 930
Geophysical Prospecting;13652478;Geology & Geophysics;CC BY, CC BY-NC or CC BY-NC-ND;$4.150;£2.780;€ 3.470
Geostandards and Geoanalytical Research;1751908X;Geochemistry & Mineralogy;CC BY, CC BY-NC or CC BY-NC-ND;$4.200;£2.780;€ 3.520
Geriatrics & Gerontology International;14470594;Geriatric Medicine;CC BY, CC BY-NC or CC BY-NC-ND;$3.750;£2.500;€ 3.150
German Life and Letters;14680483;European Literature;CC BY, CC BY-NC or CC BY-NC-ND;$3.240;£2.160;€ 2.670
Gerodontology;17412358;Gerodontology;CC BY, CC BY-NC or CC BY-NC-ND;$3.780;£2.520;€ 3.150
Glia;10981136;Neuroscience;CC BY, CC BY-NC or CC BY-NC-ND;$5.450;£3.630;€ 4.550
Global Biogeochemical Cycles;19449224;Geology & Geophysics;CC BY, CC BY-NC or CC BY-NC-ND;$4.070;£2.910;€ 3.490
Global Business and Organizational Excellence;19322062;International Management;CC BY, CC BY-NC or CC BY-NC-ND;$3.460;£2.330;€ 2.890
Global Change Biology;13652486;Conservation Science;CC BY, CC BY-NC or CC BY-NC-ND;$4.550;£3.180;€ 3.870
Global Ecology and Biogeography;14668238;Ecology & Organismal Biology;CC BY, CC BY-NC or CC BY-NC-ND;$5.000;£3.350;€ 4.200
Global Networks;14710374;General & Introductory Geography;CC BY, CC BY-NC or CC BY-NC-ND;$4.050;£2.700;€ 3.400
Global Policy;17585899;General & Introductory Political Science;CC BY, CC BY-NC or CC BY-NC-ND;$4.200;£2.780;€ 3.520
Global Strategy Journal;20425805;Strategic Management;CC BY, CC BY-NC or CC BY-NC-ND;$3.480;£2.320;€ 2.900
Governance;14680491;Public Administration;CC BY, CC BY-NC or CC BY-NC-ND;$3.730;£2.430;€ 3.130
Grass and Forage Science;13652494;General & Introductory Agriculture;CC BY, CC BY-NC or CC BY-NC-ND;$4.780;£3.190;€ 3.980
Grassland Science;1744697X;Agriculture & Ecology;CC BY, CC BY-NC or CC BY-NC-ND;$2.970;£2.000;€ 2.490
Greenhouse Gases: Science and Technology;21523878;Carbon Capture & Storage;CC BY, CC BY-NC or CC BY-NC-ND;$3.570;£2.380;€ 2.970
Groundwater;17456584;Groundwater & Hydrogeology;CC BY, CC BY-NC or CC BY-NC-ND;$4.100;£2.730;€ 3.470
Groundwater Monitoring & Remediation;17456592;Groundwater & Hydrogeology;CC BY, CC BY-NC or CC BY-NC-ND;$3.920;£2.610;€ 3.230
Growth and Change;14682257;Regional Studies;CC BY, CC BY-NC or CC BY-NC-ND;$3.400;£2.270;€ 2.840
Haemophilia;13652516;Hematology;CC BY*, CC BY-NC or CC BY-NC-ND;$4.760;£3.190;€ 4.000
Hastings Center Report;1552146X;Bioethics & Medical Ethics;CC BY;$3.570;£2.330;€ 3.010
Head & Neck;10970347;Surgery & Surgical Specialties;CC BY, CC BY-NC or CC BY-NC-ND;$4.760;£3.190;€ 4.000
Headache: The Journal of Head and Face Pain;15264610;Neurology;CC BY*, CC BY-NC or CC BY-NC-ND;$4.150;£2.780;€ 3.470
Health Economics;10991050;Economics of Health & Social Care;CC BY, CC BY-NC or CC BY-NC-ND;$4.050;£2.720;€ 3.360
Health Information and Libraries Journal;14711842;Consumer Health General;CC BY, CC BY-NC or CC BY-NC-ND;$3.240;£2.160;€ 2.730
Health Promotion Journal of Australia;22011617;Public Health Behavior & Education;CC BY, CC BY-NC or CC BY-NC-ND;$3.150;£2.100;€ 2.650
Health Services Research;14756773;Health & Social Care;CC BY, CC BY-NC or CC BY-NC-ND;$3.750;£2.480;€ 3.140
Heat Transfer;26884542;General & Introductory Mechanical Engineering;CC BY, CC BY-NC or CC BY-NC-ND;$2.900;£1.930;€ 2.400
Helicobacter;15235378;Gastroenterology & Hepatology;CC BY, CC BY-NC or CC BY-NC-ND;$4.150;£2.720;€ 3.470
Helvetica Chimica Acta;15222675;General Chemistry;CC BY, CC BY-NC or CC BY-NC-ND;$4.030;£2.670;€ 3.350
Hematological Oncology;10991069;Hematology;CC BY, CC BY-NC or CC BY-NC-ND;$4.650;£3.120;€ 3.920
Hemodialysis International;15424758;Nephrology;CC BY, CC BY-NC or CC BY-NC-ND;$3.700;£2.450;€ 3.070
Hepatology Research;1872034X;Hepatology;CC BY*, CC BY-NC or CC BY-NC-ND;$3.400;£2.250;€ 2.850
Higher Education Quarterly;14682273;Higher Education General;CC BY, CC BY-NC or CC BY-NC-ND;$2.900;£1.930;€ 2.400
Hippocampus;10981063;Neuroscience;CC BY, CC BY-NC or CC BY-NC-ND;$4.780;£3.410;€ 4.100
Histopathology;13652559;Pathology;CC BY, CC BY-NC or CC BY-NC-ND;$4.840;£3.240;€ 4.070
History;1468229X;General & Introductory History;CC BY, CC BY-NC or CC BY-NC-ND;$2.900;£1.930;€ 2.450
History and Theory;14682303;General & Introductory History;CC BY, CC BY-NC or CC BY-NC-ND;$3.400;£2.270;€ 2.850
History Compass;14780542;General & Introductory History;CC BY, CC BY-NC or CC BY-NC-ND;$2.900;£1.930;€ 2.400
HIV Medicine;14681293;Infectious Disease;CC BY*, CC BY-NC or CC BY-NC-ND;$4.150;£2.780;€ 3.470
HLA: Immune Response Genetics;20592310;Cell Therapies & Tissue Engineering;CC BY, CC BY-NC or CC BY-NC-ND;$4.780;£3.190;€ 3.980
Human Factors and Ergonomics in Manufacturing & Service Industries;15206564;General & Introductory Mechanical Engineering;CC BY, CC BY-NC or CC BY-NC-ND;$3.400;£2.270;€ 2.840
Human Psychopharmacology: Clinical and Experimental;10991077;Psychiatry;CC BY, CC BY-NC or CC BY-NC-ND;$4.030;£2.670;€ 3.350
Human Resource Development Quarterly;15321096;Training & Human Resource Development / Coaching & Mentoring;CC BY, CC BY-NC or CC BY-NC-ND;$3.700;£2.510;€ 3.070
Human Resource Management;1099050X;Human Resource Management;CC BY, CC BY-NC or CC BY-NC-ND;$4.150;£2.720;€ 3.470
Human Resource Management Journal;17488583;Human Resource Management;CC BY, CC BY-NC or CC BY-NC-ND;$4.250;£2.770;€ 3.570
Hydrological Processes;10991085;Hydrological Sciences;CC BY, CC BY-NC or CC BY-NC-ND;$5.230;£3.520;€ 4.380
Ibis;1474919X;Ornithology;CC BY, CC BY-NC or CC BY-NC-ND;$4.480;£3.010;€ 3.750
IEEJ Transactions on Electrical and Electronic Engineering;19314981;Electrical Engineering;CC BY*, CC BY-NC or CC BY-NC-ND;$2.900;£2.200;€ 2.450
Immunological Reviews;1600065X;Allergy & Clinical Immunology;CC BY, CC BY-NC or CC BY-NC-ND;$5.000;£3.300;€ 4.150
Immunology;13652567;Immunology;CC BY, CC BY-NC or CC BY-NC-ND;$5.330;£3.570;€ 4.480
Immunology & Cell Biology;14401711;Immunology;CC BY, CC BY-NC or CC BY-NC-ND;$3.750;£2.500;€ 3.120
In Practice;20427689;General & Introductory Veterinary Medicine;CC BY, CC BY-NC or CC BY-NC-ND;$2.900;£2.270;€ 2.610
Industrial Relations;1468232X;Industrial & Labor Relations;CC BY, CC BY-NC or CC BY-NC-ND;$3.470;£2.330;€ 2.900
Industrial Relations Journal;14682338;Industrial & Labor Relations;CC BY, CC BY-NC or CC BY-NC-ND;$2.900;£1.930;€ 2.390
Infancy;15327078;Infancy;CC BY, CC BY-NC or CC BY-NC-ND;$3.300;£2.220;€ 2.760
Infant and Child Development;15227219;Developmental Psychology;CC BY, CC BY-NC or CC BY-NC-ND;$2.620;£2.090;€ 2.620
Infant Mental Health Journal;10970355;Infancy;CC BY, CC BY-NC or CC BY-NC-ND;$3.090;£2.010;€ 2.600
Information Systems Journal;13652575;Information & Library Science;CC BY, CC BY-NC or CC BY-NC-ND;$5.110;£3.400;€ 4.310
Insect Conservation and Diversity;17524598;Entomology;CC BY, CC BY-NC or CC BY-NC-ND;$4.750;£3.140;€ 3.970
Insect Molecular Biology;13652583;Entomology;CC BY, CC BY-NC or CC BY-NC-ND;$4.140;£2.700;€ 3.480
Insect Science;17447917;Entomology;CC BY, CC BY-NC or CC BY-NC-ND;$3.400;£2.270;€ 2.870
Integrative Zoology;17494877;Animal Science & Zoology;CC BY, CC BY-NC or CC BY-NC-ND;$3.760;£2.520;€ 3.140
Intelligent Systems in Accounting, Finance and Management;21600074;Management Science / Operations Research;CC BY, CC BY-NC or CC BY-NC-ND;$2.900;£1.930;€ 2.400
Internal Medicine Journal;14455994;General & Internal Medicine;CC BY*, CC BY-NC or CC BY-NC-ND;$3.570;£2.440;€ 3.010
International Economic Review;14682354;International Economics & Trade;CC BY, CC BY-NC or CC BY-NC-ND;$3.570;£2.330;€ 3.010
International Endodontic Journal;13652591;Endodontics;CC BY, CC BY-NC or CC BY-NC-ND;$4.880;£3.240;€ 4.100
International Finance;14682362;International Finance;CC BY, CC BY-NC or CC BY-NC-ND;$2.900;£1.930;€ 2.400
International Forum of Allergy & Rhinology;20426984;Allergy & Clinical Immunology;CC BY*, CC BY-NC or CC BY-NC-ND;$4.100;£2.720;€ 3.400
International Insolvency Review;10991107;General & Introductory Business & Management;CC BY, CC BY-NC or CC BY-NC-ND;$2.900;£1.930;€ 2.450
International Journal for Numerical and Analytical Methods in Geomechanics;10969853;Computational / Numerical Methods;CC BY, CC BY-NC or CC BY-NC-ND;$4.530;£3.040;€ 3.760
International Journal for Numerical Methods in Biomedical Engineering;20407947;Computational / Numerical Methods;CC BY, CC BY-NC or CC BY-NC-ND;$4.250;£2.820;€ 3.520
International Journal for Numerical Methods in Engineering;10970207;Computational / Numerical Methods;CC BY, CC BY-NC or CC BY-NC-ND;$4.250;£2.820;€ 3.510
International Journal for Numerical Methods in Fluids;10970363;Computational / Numerical Methods;CC BY, CC BY-NC or CC BY-NC-ND;$4.220;£2.780;€ 3.550
International Journal of Adaptive Control and Signal Processing;10991115;Control Systems Technology;CC BY, CC BY-NC or CC BY-NC-ND;$3.460;£2.330;€ 2.890
International Journal of Applied Ceramic Technology;17447402;Ceramics;CC BY, CC BY-NC or CC BY-NC-ND;$4.270;£2.870;€ 3.570
International Journal of Applied Glass Science;20411294;Ceramics;CC BY, CC BY-NC or CC BY-NC-ND;$4.070;£2.730;€ 3.400
International Journal of Applied Linguistics;14734192;Applied Linguistics;CC BY, CC BY-NC or CC BY-NC-ND;$3.240;£2.160;€ 2.660
International Journal of Applied Psychoanalytic Studies;15569187;Psychoanalysis;CC BY, CC BY-NC or CC BY-NC-ND;$2.900;£1.930;€ 2.400
International Journal of Art & Design Education;14768070;Art & Design Education;CC BY, CC BY-NC or CC BY-NC-ND;$2.900;£1.930;€ 2.450
International Journal of Auditing;10991123;Auditing;CC BY, CC BY-NC or CC BY-NC-ND;$2.900;£1.930;€ 2.400
International Journal of Cancer;10970215;Oncology & Radiotherapy;CC BY, CC BY-NC or CC BY-NC-ND;$5.030;£3.370;€ 4.280
International Journal of Chemical Kinetics;10974601;Chemical Kinetics;CC BY, CC BY-NC or CC BY-NC-ND;$3.700;£2.450;€ 3.070
International Journal of Circuit Theory and Applications;1097007X;General & Introductory Electrical & Electronics Engineering;CC BY, CC BY-NC or CC BY-NC-ND;$2.780;£1.840;€ 2.310
International Journal of Climatology;10970088;Atmospheric Sciences;CC BY, CC BY-NC or CC BY-NC-ND;$3.920;£2.620;€ 3.290
International Journal of Communication Systems;10991131;Communication Technology;CC BY, CC BY-NC or CC BY-NC-ND;$2.760;£1.820;€ 2.300
International Journal of Consumer Studies;14706431;Marketing & Sales;CC BY, CC BY-NC or CC BY-NC-ND;$3.400;£2.270;€ 2.840
International Journal of Cosmetic Science;14682494;Dermatology;CC BY, CC BY-NC or CC BY-NC-ND;$3.570;£2.330;€ 2.970
International Journal of Dairy Technology;14710307;General & Introductory Food Science & Technology;CC BY, CC BY-NC or CC BY-NC-ND;$3.950;£2.590;€ 3.300
International Journal of Dental Hygiene;16015037;Dental Hygiene & Therapy;CC BY, CC BY-NC or CC BY-NC-ND;$3.800;£2.550;€ 3.170
International Journal of Dermatology;13654632;Dermatology;CC BY*, CC BY-NC or CC BY-NC-ND;$4.150;£2.780;€ 3.470
International Journal of Developmental Neuroscience;1873474X;Neuroscience;CC BY, CC BY-NC or CC BY-NC-ND;$3.400;£2.590;€ 2.970
International Journal of Eating Disorders;1098108X;Clinical Psychology;CC BY, CC BY-NC or CC BY-NC-ND;$4.300;£2.860;€ 3.580
International Journal of Economic Theory;17427363;Economic Theory;CC BY, CC BY-NC or CC BY-NC-ND;$3.300;£2.210;€ 2.760
International Journal of Experimental Pathology;13652613;Pathology;CC BY, CC BY-NC or CC BY-NC-ND;$3.730;£2.490;€ 3.080
International Journal of Finance & Economics;10991158;General & Introductory Economics;CC BY, CC BY-NC or CC BY-NC-ND;$3.400;£2.270;€ 2.840
International Journal of Geriatric Psychiatry;10991166;Psychiatry;CC BY, CC BY-NC or CC BY-NC-ND;$4.600;£3.030;€ 3.870
International Journal of Gynecology & Obstetrics;18793479;Obstetrics & Gynecology;CC BY, CC BY-NC or CC BY-NC-ND;$4.480;£2.950;€ 3.750
International Journal of Imaging Systems and Technology;10981098;Radiology & Imaging;CC BY, CC BY-NC or CC BY-NC-ND;$3.800;£2.550;€ 3.170
International Journal of Immunogenetics;1744313X;Immunology;CC BY, CC BY-NC or CC BY-NC-ND;$2.900;£1.930;€ 2.400
International Journal of Laboratory Hematology;1751553X;Laboratory Hematology;CC BY, CC BY-NC or CC BY-NC-ND;$3.880;£2.540;€ 3.260
International Journal of Language & Communication Disorders;14606984;Speech Science;CC BY, CC BY-NC or CC BY-NC-ND;$4.250;£2.840;€ 3.570
International Journal of Management Reviews;14682370;International Management;CC BY, CC BY-NC or CC BY-NC-ND;$4.220;£2.810;€ 3.520
International Journal of Mental Health Nursing;14470349;Mental Health Nursing;CC BY, CC BY-NC or CC BY-NC-ND;$5.050;£3.350;€ 4.200
International Journal of Network Management;10991190;Communication Technology;CC BY, CC BY-NC or CC BY-NC-ND;$2.490;£1.670;€ 2.090
International Journal of Numerical Modelling: Electronic Networks, Devices and Fields;10991204;General & Introductory Electrical & Electronics Engineering;CC BY, CC BY-NC or CC BY-NC-ND;$3.040;£2.060;€ 2.520
International Journal of Nursing Knowledge;20473095;Nursing General;CC BY, CC BY-NC or CC BY-NC-ND;$3.350;£2.270;€ 2.780
International Journal of Nursing Practice;1440172X;Nursing General;CC BY, CC BY-NC or CC BY-NC-ND;$4.090;£2.730;€ 3.410
International Journal of Older People Nursing;17483743;Nursing General;CC BY, CC BY-NC or CC BY-NC-ND;$4.550;£3.020;€ 3.810
International Journal of Osteoarchaeology;10991212;Biological Anthropology;CC BY, CC BY-NC or CC BY-NC-ND;$4.220;£2.810;€ 3.520
International Journal of Paediatric Dentistry;1365263X;Pediatric Dentistry;CC BY, CC BY-NC or CC BY-NC-ND;$4.650;£3.070;€ 3.920
International Journal of Psychology;1464066X;Psychology General;CC BY, CC BY-NC or CC BY-NC-ND;$3.570;£2.330;€ 3.010
International Journal of Quantum Chemistry;1097461X;Quantum Chemistry;CC BY, CC BY-NC or CC BY-NC-ND;$3.720;£2.530;€ 3.100
International Journal of Rheumatic Diseases;1756185X;Rheumatology;CC BY, CC BY-NC or CC BY-NC-ND;$3.700;£2.500;€ 3.070
International Journal of Robust and Nonlinear Control;10991239;Control Systems Technology;CC BY, CC BY-NC or CC BY-NC-ND;$4.270;£2.860;€ 3.570
International Journal of Satellite Communications and Networking;15420981;Satellite Communications;CC BY, CC BY-NC or CC BY-NC-ND;$2.860;£1.880;€ 2.390
International Journal of Selection and Assessment;14682389;Human Resource Management;CC BY, CC BY-NC or CC BY-NC-ND;$2.900;£1.930;€ 2.400
International Journal of Social Welfare;14682397;Social Welfare;CC BY, CC BY-NC or CC BY-NC-ND;$3.520;£2.380;€ 2.890
International Journal of Systematic Theology;14682400;Systematic Theology;CC BY, CC BY-NC or CC BY-NC-ND;$2.900;£1.930;€ 2.400
International Journal of Tourism Research;15221970;General & Introductory Business & Management;CC BY, CC BY-NC or CC BY-NC-ND;$3.800;£2.550;€ 3.170
International Journal of Training and Development;14682419;Training & Development;CC BY, CC BY-NC or CC BY-NC-ND;$2.900;£1.930;€ 2.390
International Journal of Urban and Regional Research;14682427;General & Introductory Urban Studies;CC BY, CC BY-NC or CC BY-NC-ND;$4.150;£2.720;€ 3.470
International Journal of Urological Nursing;1749771X;Nursing General;CC BY, CC BY-NC or CC BY-NC-ND;$2.900;£1.930;€ 2.450
International Journal of Urology;14422042;Urology;CC BY, CC BY-NC or CC BY-NC-ND;$3.570;£2.380;€ 2.970
International Migration;14682435;General & Introductory Development Studies;CC BY, CC BY-NC or CC BY-NC-ND;$3.500;£2.340;€ 2.910
International Nursing Review;14667657;Nursing General;CC BY, CC BY-NC or CC BY-NC-ND;$3.400;£2.270;€ 2.850
International Review of Finance;14682443;General Finance & Investments;CC BY, CC BY-NC or CC BY-NC-ND;$2.900;£1.930;€ 2.390
International Review of Hydrobiology;15222632;Freshwater Ecology;CC BY, CC BY-NC or CC BY-NC-ND;$3.240;£2.160;€ 2.740
International Review of Mission;17586631;General & Introductory Religion & Theology;CC BY, CC BY-NC or CC BY-NC-ND;$2.900;£1.930;€ 2.450
International Social Science Journal;14682451;General Sociology;CC BY, CC BY-NC or CC BY-NC-ND;$2.760;£1.840;€ 2.280
International Social Security Review;1468246X;Social Work;CC BY, CC BY-NC or CC BY-NC-ND;$2.900;£1.930;€ 2.390
International Statistical Review;17515823;Applied Probability & Statistics;CC BY, CC BY-NC or CC BY-NC-ND;$4.880;£3.240;€ 4.100
International Transactions in Operational Research;14753995;Management Science / Operations Research;CC BY, CC BY-NC or CC BY-NC-ND;$4.030;£2.670;€ 3.350
Internet Technology Letters;24761508;Communication Technology;CC BY, CC BY-NC or CC BY-NC-ND;$2.900;£1.930;€ 2.620
IPPR Progressive Review;25732331;General & Introductory Political Science;CC BY, CC BY-NC or CC BY-NC-ND;$3.140;£2.110;€ 2.630
Irrigation and Drainage;15310361;Water Resource Management;CC BY, CC BY-NC or CC BY-NC-ND;$3.450;£2.320;€ 2.880
Island Arc;14401738;Geology & Geophysics;CC BY, CC BY-NC or CC BY-NC-ND;$3.240;£2.160;€ 2.740
Israel Journal of Chemistry;18695868;General Chemistry;CC BY, CC BY-NC or CC BY-NC-ND;$4.650;£3.120;€ 3.850
IUBMB Life;15216551;Cell & Molecular Biology;CC BY, CC BY-NC or CC BY-NC-ND;$4.430;£2.950;€ 3.700
JACCP: Journal of the American College of Clinical Pharmacy;25749870;Pharmacology & Pharmaceutical Medicine;CC BY, CC BY-NC or CC BY-NC-ND;$3.470;£2.330;€ 2.900
Japan Journal of Nursing Science;17427924;Nursing General;CC BY, CC BY-NC or CC BY-NC-ND;$2.890;£1.940;€ 2.420
Japanese Journal of Sociology;27691357;General Sociology;CC BY, CC BY-NC or CC BY-NC-ND;$2.680;£1.790;€ 2.210
JCMS: Journal of Common Market Studies;14685965;General & Introductory Political Science;CC BY, CC BY-NC or CC BY-NC-ND;$4.170;£2.760;€ 3.470
Journal der Deutschen Dermatologischen Gesellschaft;16100387;Dermatology;CC BY*, CC BY-NC or CC BY-NC-ND;$4.480;£3.010;€ 3.750
Journal For Eighteenth-Century Studies;17540208;Modern History (1780-1900);CC BY, CC BY-NC or CC BY-NC-ND;$2.760;£1.840;€ 2.330
Journal for Specialists In Pediatric Nursing;17446155;Clinical Specialties;CC BY, CC BY-NC or CC BY-NC-ND;$3.350;£2.270;€ 2.770
Journal for the Anthropology of North America;24755389;North American Anthropology;CC BY, CC BY-NC or CC BY-NC-ND;$3.090;£2.060;€ 2.580
Journal for the Scientific Study of Religion;14685906;Sociology of Religion;CC BY, CC BY-NC or CC BY-NC-ND;$3.240;£2.160;€ 2.730
Journal for the Theory of Social Behaviour;14685914;Social Psychology;CC BY, CC BY-NC or CC BY-NC-ND;$3.340;£2.260;€ 2.770
Journal of Accounting Research;1475679X;Financial Accounting;CC BY, CC BY-NC or CC BY-NC-ND;$4.420;£2.300;€ 2.660
Journal of Addictions & Offender Counseling;21611874;Psychotherapy & Counseling;CC BY, CC BY-NC or CC BY-NC-ND;$2.900;£1.930;€ 2.450
Journal of Adolescence;10959254;Adolescence;CC BY, CC BY-NC or CC BY-NC-ND;$3.150;£2.420;€ 2.680
Journal of Adolescent & Adult Literacy;19362706;Literacy & Reading;CC BY, CC BY-NC or CC BY-NC-ND;$2.870;£1.930;€ 2.370
Journal of Advanced Manufacturing and Processing;2637403X;General & Introductory Chemical Engineering;CC BY, CC BY-NC or CC BY-NC-ND;$3.660;£2.730;€ 3.090
Journal of Advanced Nursing;13652648;Nursing General;CC BY, CC BY-NC or CC BY-NC-ND;$5.450;£3.630;€ 4.600
Journal of Agrarian Change;14710366;General & Introductory Development Studies;CC BY, CC BY-NC or CC BY-NC-ND;$3.820;£2.530;€ 3.170
Journal of Agricultural Economics;14779552;Agricultural Economics & Resource Management;CC BY, CC BY-NC or CC BY-NC-ND;$4.150;£2.720;€ 3.470
Journal of Agronomy and Crop Science;1439037X;General & Introductory Agriculture;CC BY, CC BY-NC or CC BY-NC-ND;$4.780;£3.190;€ 3.980
Journal of Analytical Psychology;14685922;Psychotherapy & Counseling;CC BY, CC BY-NC or CC BY-NC-ND;$3.300;£2.220;€ 2.760
Journal of Anatomy;14697580;Anatomy & Physiology;CC BY, CC BY-NC or CC BY-NC-ND;$4.050;£2.700;€ 3.380
Journal of Animal Breeding and Genetics;14390388;Animal Genetics;CC BY, CC BY-NC or CC BY-NC-ND;$4.750;£3.170;€ 3.960
Journal of Animal Ecology;13652656;Animal Ecology;CC BY, CC BY-NC or CC BY-NC-ND;$3.610;£2.410;€ 3.000
Journal of Animal Physiology and Animal Nutrition;14390396;Feed;CC BY, CC BY-NC or CC BY-NC-ND;$4.650;£3.120;€ 3.920
Journal of Applied Behavior Analysis;19383703;Health & Behavioral Clinical Psychology;CC BY, CC BY-NC or CC BY-NC-ND;$3.470;£2.270;€ 2.900
Journal of Applied Corporate Finance;17456622;Institutional & Corporate Finance;CC BY, CC BY-NC or CC BY-NC-ND;$2.900;£1.930;€ 2.450
Journal of Applied Crystallography;16005767;Crystallography;CC BY, CC BY-NC or CC BY-NC-ND;$5.110;£4.030;€ 4.660
Journal of Applied Ecology;13652664;Applied Ecology;CC BY, CC BY-NC or CC BY-NC-ND;$3.610;£2.410;€ 3.000
Journal of Applied Econometrics;10991255;Econometrics;CC BY, CC BY-NC or CC BY-NC-ND;$4.030;£2.670;€ 3.400
Journal of Applied Entomology;14390418;Entomology;CC BY, CC BY-NC or CC BY-NC-ND;$4.780;£3.190;€ 3.980
Journal of Applied Philosophy;14685930;Applied Ethics;CC BY, CC BY-NC or CC BY-NC-ND;$3.980;£2.670;€ 3.300
Journal of Applied Polymer Science;10974628;Polymer Science & Technology General;CC BY, CC BY-NC or CC BY-NC-ND;$4.140;£2.750;€ 3.420
Journal of Applied Research in Intellectual Disabilities;14683148;Intellectual Disability;CC BY, CC BY-NC or CC BY-NC-ND;$4.600;£3.070;€ 3.830
Journal of Applied Social Psychology;15591816;Applied Social Psychology;CC BY, CC BY-NC or CC BY-NC-ND;$3.570;£2.380;€ 3.000
Journal of Applied Toxicology;10991263;Toxicology;CC BY, CC BY-NC or CC BY-NC-ND;$3.940;£2.600;€ 3.270
Journal of Basic Microbiology;15214028;Microbiology;CC BY, CC BY-NC or CC BY-NC-ND;$3.240;£2.160;€ 2.740
Journal of Behavioral Decision Making;10990771;Decision Sciences;CC BY, CC BY-NC or CC BY-NC-ND;$3.700;£2.510;€ 3.070
Journal of Biochemical and Molecular Toxicology;10990461;Toxicology;CC BY, CC BY-NC or CC BY-NC-ND;$4.020;£2.730;€ 3.350
Journal of Biogeography;13652699;Conservation Science;CC BY, CC BY-NC or CC BY-NC-ND;$4.830;£3.230;€ 4.010
Journal of Biomedical Materials Research Part A;15524965;Polymer Science & Technology General;CC BY, CC BY-NC or CC BY-NC-ND;$4.220;£2.980;€ 3.600
Journal of Biomedical Materials Research Part B: Applied Biomaterials;15524981;Polymer Science & Technology General;CC BY, CC BY-NC or CC BY-NC-ND;$3.400;£2.430;€ 2.900
Journal of Biophotonics;18640648;Optics & Photonics;CC BY, CC BY-NC or CC BY-NC-ND;$3.370;£2.250;€ 2.810
Journal of Business Finance & Accounting;14685957;Corporate Finance;CC BY, CC BY-NC or CC BY-NC-ND;$3.800;£2.550;€ 3.170
Journal of Business Logistics;21581592;Management;CC BY, CC BY-NC or CC BY-NC-ND;$3.570;£2.320;€ 3.000
Journal of Cardiovascular Electrophysiology;15408167;Cardiovascular Disease;CC BY, CC BY-NC or CC BY-NC-ND;$4.500;£3.030;€ 3.770
Journal of Cellular Biochemistry;10974644;Cell Biology (Life Sciences);CC BY, CC BY-NC or CC BY-NC-ND;$5.110;£3.400;€ 4.210
Journal of Cellular Physiology;10974652;Genomics & Proteomics;CC BY, CC BY-NC or CC BY-NC-ND;$5.230;£3.490;€ 4.360
Journal of Chemical Technology and Biotechnology;10974660;General & Introductory Chemical Engineering;CC BY, CC BY-NC or CC BY-NC-ND;$4.100;£2.750;€ 3.400
Journal of Chemometrics;1099128X;Lab Automation & Miniaturization;CC BY, CC BY-NC or CC BY-NC-ND;$3.710;£2.490;€ 3.080
Journal of Child and Adolescent Psychiatric Nursing;17446171;Nursing General;CC BY, CC BY-NC or CC BY-NC-ND;$2.900;£1.930;€ 2.400
Journal of Child Psychology and Psychiatry;14697610;Developmental Psychology;CC BY, CC BY-NC or CC BY-NC-ND;$4.530;£3.040;€ 3.760
Journal of Clinical Apheresis;10981101;Hematology;CC BY, CC BY-NC or CC BY-NC-ND;$3.920;£2.560;€ 3.290
Journal of Clinical Nursing;13652702;Nursing General;CC BY, CC BY-NC or CC BY-NC-ND;$5.450;£3.630;€ 4.550
Journal of Clinical Periodontology;1600051X;Periodontology;CC BY*, CC BY-NC or CC BY-NC-ND;$5.510;£3.660;€ 4.620
Journal of Clinical Psychology;10974679;Clinical Psychology;CC BY, CC BY-NC or CC BY-NC-ND;$3.710;£2.490;€ 3.100
Journal of Clinical Ultrasound;10970096;Radiology & Imaging;CC BY, CC BY-NC or CC BY-NC-ND;$3.350;£2.270;€ 2.770
Journal of Combinatorial Designs;15206610;General & Introductory Mathematics;CC BY, CC BY-NC or CC BY-NC-ND;$3.350;£2.220;€ 2.770
Journal of Community & Applied Social Psychology;10991298;Applied Social Psychology;CC BY, CC BY-NC or CC BY-NC-ND;$3.520;£2.350;€ 2.960
Journal of Community Psychology;15206629;Psychology General;CC BY, CC BY-NC or CC BY-NC-ND;$3.730;£2.500;€ 3.110
Journal of Computational Chemistry;1096987X;Computational Chemistry & Molecular Modeling;CC BY, CC BY-NC or CC BY-NC-ND;$4.520;£3.030;€ 3.750
Journal of Computer Assisted Learning;13652729;General & Introductory Education;CC BY, CC BY-NC or CC BY-NC-ND;$4.150;£2.780;€ 3.470
Journal of Consumer Affairs;17456606;Introductory Marketing;CC BY, CC BY-NC or CC BY-NC-ND;$3.350;£2.220;€ 2.780
Journal of Consumer Behaviour;14791838;Consumer Behavior;CC BY, CC BY-NC or CC BY-NC-ND;$3.350;£2.220;€ 2.770
Journal of Consumer Psychology;15327663;Business & Management Special Topics;CC BY, CC BY-NC or CC BY-NC-ND;$3.570;£2.380;€ 3.010
Journal of Contingencies and Crisis Management;14685973;General & Introductory Political Science;CC BY, CC BY-NC or CC BY-NC-ND;$3.400;£2.270;€ 2.840
Journal of Corporate Accounting & Finance;10970053;Corporate Finance;CC BY, CC BY-NC or CC BY-NC-ND;$3.460;£2.330;€ 2.890
Journal of Counseling & Development;15566676;Psychotherapy & Counseling;CC BY, CC BY-NC or CC BY-NC-ND;$2.900;£1.930;€ 2.450
Journal of Critical Infrastructure Policy;26933101;Infrastructure;CC BY, CC BY-NC or CC BY-NC-ND;$2.730;£2.010;€ 2.360
Journal of Cutaneous Pathology;16000560;Dermatology;CC BY, CC BY-NC or CC BY-NC-ND;$3.570;£2.380;€ 3.000
Journal of Dental Education;19307837;Dental Professional Practice;CC BY, CC BY-NC or CC BY-NC-ND;$3.570;£2.380;€ 3.010
Journal of Digestive Diseases;17512980;Gastroenterology;CC BY, CC BY-NC or CC BY-NC-ND;$3.100;£2.050;€ 2.570
Journal of Ecology;13652745;Plant Ecology;CC BY, CC BY-NC or CC BY-NC-ND;$3.610;£2.410;€ 3.000
Journal of Economic Surveys;14676419;General & Introductory Economics;CC BY, CC BY-NC or CC BY-NC-ND;$4.250;£2.830;€ 3.570
Journal of Economics & Management Strategy;15309134;Financial Economics;CC BY, CC BY-NC or CC BY-NC-ND;$3.240;£2.160;€ 2.740
Journal of Educational Measurement;17453984;Educational Research & Statistics;CC BY, CC BY-NC or CC BY-NC-ND;$3.040;£2.410;€ 2.760
Journal of Elder Policy;27677451;Geriatric Medicine;CC BY;$2.810;£2.060;€ 2.430
Journal of Empirical Legal Studies;17401461;General & Introductory Law;CC BY, CC BY-NC or CC BY-NC-ND;$3.350;£2.220;€ 2.780
Journal of Employment Counseling;21611920;Psychotherapy & Counseling;CC BY, CC BY-NC or CC BY-NC-ND;$2.900;£1.930;€ 2.450
Journal of Engineering Education;21689830;General & Introductory Electrical & Electronics Engineering;CC BY, CC BY-NC or CC BY-NC-ND;$3.710;£2.470;€ 3.090
Journal of Environmental Quality;15372537;Environmental Change;CC BY, CC BY-NC or CC BY-NC-ND;$1.910;£1.510;€ 1.740
Journal of Esthetic and Restorative Dentistry;17088240;Esthetic Dentistry;CC BY, CC BY-NC or CC BY-NC-ND;$4.030;£2.670;€ 3.350
Journal of Eukaryotic Microbiology;15507408;Microbiology;CC BY, CC BY-NC or CC BY-NC-ND;$3.090;£2.060;€ 2.580
Journal of Evaluation in Clinical Practice;13652753;Consumer Health General;CC BY, CC BY-NC or CC BY-NC-ND;$4.430;£3.010;€ 3.700
Journal of Evidence-Based Medicine;17565391;Evidence-Based Health Care;CC BY, CC BY-NC or CC BY-NC-ND;$2.550;£1.700;€ 2.100
Journal of Experimental Zoology Part A: Ecological and Intergrative Physiology;19325231;Ecology & Organismal Biology;CC BY, CC BY-NC or CC BY-NC-ND;$3.190;£2.160;€ 2.650
Journal of Experimental Zoology Part B: Molecular and Developmental Evolution;15525015;Ecology & Organismal Biology;CC BY, CC BY-NC or CC BY-NC-ND;$3.460;£2.330;€ 2.890
Journal of Family Theory & Review;17562589;Family Studies General;CC BY, CC BY-NC or CC BY-NC-ND;$2.900;£1.930;€ 2.450
Journal of Family Therapy;14676427;Family Therapy;CC BY, CC BY-NC or CC BY-NC-ND;$3.190;£2.160;€ 2.650
Journal of Field Robotics;15564967;General & Introductory Electrical & Electronics Engineering;CC BY, CC BY-NC or CC BY-NC-ND;$3.590;£2.380;€ 3.010
Journal of Financial Research;14756803;General Finance & Investments;CC BY, CC BY-NC or CC BY-NC-ND;$3.470;£2.330;€ 2.900
Journal of Fish Biology;10958649;General Aquaculture, Fisheries & Fish Science;CC BY, CC BY-NC or CC BY-NC-ND;$4.480;£3.010;€ 3.750
Journal of Fish Diseases;13652761;General Aquaculture, Fisheries & Fish Science;CC BY, CC BY-NC or CC BY-NC-ND;$5.450;£3.630;€ 4.550
Journal of Food Process Engineering;17454530;General & Introductory Food Science & Technology;CC BY, CC BY-NC or CC BY-NC-ND;$3.570;£2.380;€ 3.000
Journal of Food Safety;17454565;General & Introductory Food Science & Technology;CC BY, CC BY-NC or CC BY-NC-ND;$3.790;£2.550;€ 3.160
Journal of Food Science;17503841;General & Introductory Food Science & Technology;CC BY, CC BY-NC or CC BY-NC-ND;$4.550;£3.070;€ 3.800
Journal of Forecasting;1099131X;General & Introductory Economics;CC BY, CC BY-NC or CC BY-NC-ND;$3.400;£2.270;€ 2.840
Journal of Forensic Sciences;15564029;Forensic Science;CC BY, CC BY-NC or CC BY-NC-ND;$4.330;£2.870;€ 3.620
Journal of Gastroenterology and Hepatology;14401746;Gastroenterology & Hepatology;CC BY*, CC BY-NC or CC BY-NC-ND;$4.620;£3.100;€ 3.840
Journal of Genetic Counseling;15733599;Human Genetics;CC BY, CC BY-NC or CC BY-NC-ND;$3.840;£2.540;€ 3.190
Journal of Geophysical Research: Atmospheres;21698996;Atmospheric Sciences;CC BY, CC BY-NC or CC BY-NC-ND;$4.070;£2.910;€ 3.490
Journal of Geophysical Research: Biogeosciences;21698961;Paleontology, Paleobiology & Geobiology;CC BY, CC BY-NC or CC BY-NC-ND;$4.070;£2.910;€ 3.490
Journal of Geophysical Research: Earth Surface;21699011;Geomorphology;CC BY, CC BY-NC or CC BY-NC-ND;$4.070;£2.910;€ 3.490
Journal of Geophysical Research: Oceans;21699291;Oceanography & Paleoceanography;CC BY, CC BY-NC or CC BY-NC-ND;$4.070;£2.910;€ 3.490
Journal of Geophysical Research: Planets;21699100;Geology & Geophysics;CC BY, CC BY-NC or CC BY-NC-ND;$4.070;£2.910;€ 3.490
Journal of Geophysical Research: Solid Earth;21699356;Geology & Geophysics;CC BY, CC BY-NC or CC BY-NC-ND;$4.070;£2.910;€ 3.490
Journal of Geophysical Research: Space Physics;21699402;Atmospheric Physics & Chemistry;CC BY, CC BY-NC or CC BY-NC-ND;$4.070;£2.910;€ 3.490
Journal of Graph Theory;10970118;Graph Theory;CC BY, CC BY-NC or CC BY-NC-ND;$4.150;£2.720;€ 3.470
Journal of Healthcare Risk Management;20400861;Law & Ethics in Health & Social Care;CC BY, CC BY-NC or CC BY-NC-ND;$3.470;£2.330;€ 2.900
Journal of Hepato-Biliary-Pancreatic Sciences;18686982;Surgery & Surgical Specialties;CC BY, CC BY-NC or CC BY-NC-ND;$3.700;£2.450;€ 3.100
Journal of Heterocyclic Chemistry;19435193;Organic Chemistry;CC BY, CC BY-NC or CC BY-NC-ND;$3.400;£2.270;€ 2.840
Journal of Hospital Medicine;15535606;General & Internal Medicine;CC BY, CC BY-NC or CC BY-NC-ND;$3.400;£2.610;€ 2.900
Journal of Human Nutrition and Dietetics;1365277X;Nutrition;CC BY, CC BY-NC or CC BY-NC-ND;$4.120;£2.780;€ 3.450
Journal of Industrial Ecology;15309290;Environmental Science;CC BY, CC BY-NC or CC BY-NC-ND;$3.750;£2.500;€ 3.120
Journal of Inherited Metabolic Disease;15732665;Metabolic Disease;CC BY, CC BY-NC or CC BY-NC-ND;$3.470;£2.310;€ 2.890
Journal of Integrative Plant Biology;17447909;Plant Science;CC BY, CC BY-NC or CC BY-NC-ND;$3.000;£1.810;€ 2.370
Journal of Intellectual Disability Research;13652788;Intellectual Disability;CC BY, CC BY-NC or CC BY-NC-ND;$3.920;£2.610;€ 3.290
Journal of Internal Medicine;13652796;General & Internal Medicine;CC BY, CC BY-NC or CC BY-NC-ND;$4.780;£3.180;€ 3.980
Journal of International Development;10991328;General & Introductory Development Studies;CC BY, CC BY-NC or CC BY-NC-ND;$3.350;£2.220;€ 2.770
Journal of International Financial Management & Accounting;1467646X;International Finance;CC BY, CC BY-NC or CC BY-NC-ND;$3.010;£1.980;€ 2.510
Journal of Investigative Psychology and Offender Profiling;15444767;Clinical Psychology;CC BY, CC BY-NC or CC BY-NC-ND;$2.900;£1.930;€ 2.400
Journal of Labelled Compounds and Radiopharmaceuticals;10991344;Methods - Synthesis & Techniques;CC BY, CC BY-NC or CC BY-NC-ND;$3.800;£2.550;€ 3.170
Journal of Law and Society;14676478;General & Introductory Law;CC BY, CC BY-NC or CC BY-NC-ND;$3.170;£2.100;€ 2.670
Journal of Leadership Studies;1935262X;Organization & Management Theory;CC BY, CC BY-NC or CC BY-NC-ND;$3.150;£2.100;€ 2.630
Journal of Legal Studies Education;17441722;Commercial Law;CC BY, CC BY-NC or CC BY-NC-ND;$2.900;£1.930;€ 2.450
Journal of Linguistic Anthropology;15481395;Linguistic Anthropology;CC BY, CC BY-NC or CC BY-NC-ND;$3.400;£2.270;€ 2.850
Journal of Magnetic Resonance Imaging;15222586;Radiology & Imaging;CC BY, CC BY-NC or CC BY-NC-ND;$3.680;£2.630;€ 3.150
Journal of Management Studies;14676486;Management;CC BY, CC BY-NC or CC BY-NC-ND;$4.150;£2.780;€ 3.470
Journal of Marital and Family Therapy;17520606;Family Therapy;CC BY, CC BY-NC or CC BY-NC-ND;$3.010;£1.980;€ 2.560
Journal of Marriage and Family;17413737;Family Studies General;CC BY, CC BY-NC or CC BY-NC-ND;$4.050;£2.700;€ 3.400
Journal of Mass Spectrometry;10969888;Mass Spectrometry;CC BY, CC BY-NC or CC BY-NC-ND;$4.430;£2.950;€ 3.700
Journal of Medical Imaging and Radiation Oncology;17549485;Radiology & Imaging;CC BY, CC BY-NC or CC BY-NC-ND;$3.700;£2.450;€ 3.070
Journal of Medical Primatology;16000684;Dermatology;CC BY, CC BY-NC or CC BY-NC-ND;$3.350;£2.270;€ 2.770
Journal of Medical Virology;10969071;Infectious Disease & Microbiology;CC BY, CC BY-NC or CC BY-NC-ND;$4.730;£3.160;€ 3.880
Journal of Metamorphic Geology;15251314;Geochemistry & Mineralogy;CC BY, CC BY-NC or CC BY-NC-ND;$5.000;£3.350;€ 4.150
Journal of Microscopy;13652818;Microscopy;CC BY, CC BY-NC or CC BY-NC-ND;$4.760;£3.140;€ 3.950
Journal of Midwifery & Women's Health;15422011;Nursing General;CC BY, CC BY-NC or CC BY-NC-ND;$3.750;£2.500;€ 3.120
Journal of Molecular Recognition;10991352;Biochemistry (Chemical Biology);CC BY, CC BY-NC or CC BY-NC-ND;$3.800;£2.550;€ 3.170
Journal of Money, Credit and Banking;15384616;Macroeconomics;CC BY, CC BY-NC or CC BY-NC-ND;$3.800;£2.560;€ 3.170
Journal of Morphology;10974687;General & Introductory Life Sciences;CC BY, CC BY-NC or CC BY-NC-ND;$4.220;£2.810;€ 3.570
Journal of Multi-Criteria Decision Analysis;10991360;Decision Sciences;CC BY, CC BY-NC or CC BY-NC-ND;$2.900;£1.930;€ 2.400
Journal of Multicultural Counseling and Development;21611912;Psychotherapy & Counseling;CC BY, CC BY-NC or CC BY-NC-ND;$2.900;£1.930;€ 2.450
Journal of Neurochemistry;14714159;Neuroscience;CC BY, CC BY-NC or CC BY-NC-ND;$5.330;£3.570;€ 4.480
Journal of Neuroendocrinology;13652826;Neuroendocrinology;CC BY, CC BY-NC or CC BY-NC-ND;$4.550;£3.070;€ 3.800
Journal of Neuroimaging;15526569;Neurology;CC BY*, CC BY-NC or CC BY-NC-ND;$3.750;£2.500;€ 3.120
Journal of Neuropsychology;17486653;Clinical Neuropsychology;CC BY, CC BY-NC or CC BY-NC-ND;$3.750;£2.500;€ 3.120
Journal of Neuroscience Research;10974547;Neuroscience;CC BY, CC BY-NC or CC BY-NC-ND;$4.840;£3.220;€ 4.040
Journal of Nursing Scholarship;15475069;Nursing General;CC BY, CC BY-NC or CC BY-NC-ND;$3.640;£1.880;€ 2.730
Journal of Obstetrics and Gynaecology Research;14470756;Obstetrics & Gynecology;CC BY, CC BY-NC or CC BY-NC-ND;$3.520;£2.380;€ 2.970
Journal of Occupational and Organizational Psychology;20448325;Organizational & Industrial Psychology;CC BY, CC BY-NC or CC BY-NC-ND;$3.840;£2.570;€ 3.200
Journal of Operations Management;18731317;Management;CC BY, CC BY-NC or CC BY-NC-ND;$3.520;£2.330;€ 2.920
Journal of Oral Pathology & Medicine;16000714;Oral Pathology;CC BY, CC BY-NC or CC BY-NC-ND;$4.780;£3.190;€ 3.980
Journal of Oral Rehabilitation;13652842;Restorative Dentistry;CC BY, CC BY-NC or CC BY-NC-ND;$4.990;£3.340;€ 4.200
Journal of Organizational Behavior;10991379;Organizational Behavior;CC BY, CC BY-NC or CC BY-NC-ND;$4.250;£2.830;€ 3.520
Journal of Orthopaedic Research ®;1554527X;Orthopedics;CC BY, CC BY-NC or CC BY-NC-ND;$3.970;£2.650;€ 3.310
Journal of Paediatrics and Child Health;14401754;Pediatrics;CC BY, CC BY-NC or CC BY-NC-ND;$4.150;£2.780;€ 3.470
Journal of Parenteral and Enteral Nutrition;19412444;Nutrition & Dietetics General;CC BY*, CC BY-NC or CC BY-NC-ND;$4.110;£2.750;€ 3.400
Journal of Pediatric Gastroenterology and Nutrition;15364801;Pediatrics;CC BY*, CC BY-NC or CC BY-NC-ND;$3.780;£2.780;€ 3.260
Journal of Peptide Science;10991387;Biomolecules (DNA, RNA, Peptides, etc.);CC BY, CC BY-NC or CC BY-NC-ND;$4.030;£2.670;€ 3.350
Journal of Periodontal Research;16000765;Periodontology;CC BY, CC BY-NC or CC BY-NC-ND;$4.880;£3.240;€ 4.080
Journal of Periodontology;19433670;General Dentistry;CC BY, CC BY-NC or CC BY-NC-ND;$5.000;£3.350;€ 4.150
Journal of Personality;14676494;Personality & Individual Differences;CC BY, CC BY-NC or CC BY-NC-ND;$3.780;£2.520;€ 3.150
Journal of Petroleum Geology;17475457;Economic & Applied Geology;CC BY, CC BY-NC or CC BY-NC-ND;$3.400;£2.220;€ 2.870
Journal of Pharmacy Practice and Research;20552335;Pharmacy;CC BY, CC BY-NC or CC BY-NC-ND;$2.760;£1.840;€ 2.280
Journal of Philanthropy;26911361;Non-Profit Organizations;CC BY, CC BY-NC or CC BY-NC-ND;$2.900;£1.930;€ 2.400
Journal of Phycology;15298817;Phycology;CC BY, CC BY-NC or CC BY-NC-ND;$3.900;£2.590;€ 3.240
Journal of Physical Organic Chemistry;10991395;Physical Organic Chemistry;CC BY, CC BY-NC or CC BY-NC-ND;$3.930;£2.650;€ 3.270
Journal of Phytopathology;14390434;Plant Pathology;CC BY, CC BY-NC or CC BY-NC-ND;$3.890;£2.610;€ 3.220
Journal of Pineal Research;1600079X;Neuroscience;CC BY, CC BY-NC or CC BY-NC-ND;$5.000;£3.350;€ 4.150
Journal of Plant Nutrition and Soil Science;15222624;Soil;CC BY, CC BY-NC or CC BY-NC-ND;$4.030;£2.670;€ 3.350
Journal of Plant Registrations;19403496;Plant Genetics;CC BY, CC BY-NC or CC BY-NC-ND;$1.740;£1.370;€ 1.580
Journal of Policy Analysis and Management;15206688;Public Administration;CC BY, CC BY-NC or CC BY-NC-ND;$3.770;£2.530;€ 3.150
Journal of Policy and Practice In Intellectual Disabilities;17411130;Intellectual Disability;CC BY, CC BY-NC or CC BY-NC-ND;$3.120;£2.040;€ 2.610
Journal of Polymer Science;26424169;Polymer Synthesis;CC BY, CC BY-NC or CC BY-NC-ND;$4.380;£2.960;€ 3.640
Journal of Product Innovation Management;15405885;Creativity & Innovation Management;CC BY, CC BY-NC or CC BY-NC-ND;$3.400;£2.270;€ 2.850
Journal of Prosthodontics;1532849X;Prosthodontics;CC BY, CC BY-NC or CC BY-NC-ND;$4.100;£2.720;€ 3.400
Journal of Psychiatric and Mental Health Nursing;13652850;Nursing General;CC BY, CC BY-NC or CC BY-NC-ND;$4.850;£3.220;€ 4.010
Journal of Public Affairs;14791854;General & Introductory Business & Management;CC BY, CC BY-NC or CC BY-NC-ND;$2.900;£1.930;€ 2.400
Journal of Public Economic Theory;14679779;Public Economics;CC BY, CC BY-NC or CC BY-NC-ND;$3.350;£2.270;€ 2.770
Journal of Public Health Dentistry;17527325;Community Dentistry & Public Health;CC BY, CC BY-NC or CC BY-NC-ND;$3.570;£2.380;€ 3.010
Journal of Quaternary Science;10991417;Quaternary Science & Glaciology;CC BY, CC BY-NC or CC BY-NC-ND;$4.310;£2.860;€ 3.540
Journal of Raman Spectroscopy;10974555;Spectroscopy;CC BY, CC BY-NC or CC BY-NC-ND;$4.020;£2.670;€ 3.370
Journal Of Regional Science;14679787;Regional Studies;CC BY, CC BY-NC or CC BY-NC-ND;$3.730;£2.520;€ 3.100
Journal of Religious Ethics;14679795;Religious Ethics;CC BY, CC BY-NC or CC BY-NC-ND;$2.900;£1.930;€ 2.450
Journal of Religious History;14679809;History of Religion;CC BY, CC BY-NC or CC BY-NC-ND;$2.900;£1.930;€ 2.390
Journal of Renal Care;17556686;Nursing General;CC BY, CC BY-NC or CC BY-NC-ND;$3.350;£2.220;€ 2.850
Journal of Research in Reading;14679817;Literacy & Reading;CC BY, CC BY-NC or CC BY-NC-ND;$3.620;£2.420;€ 3.040
Journal of Research in Science Teaching;10982736;Science;CC BY, CC BY-NC or CC BY-NC-ND;$3.910;£2.610;€ 3.230
Journal of Research in Special Educational Needs;14713802;Special Educational Needs;CC BY, CC BY-NC or CC BY-NC-ND;$3.470;£2.330;€ 2.900
Journal of Research On Adolescence;15327795;Developmental Psychology;CC BY, CC BY-NC or CC BY-NC-ND;$3.400;£2.270;€ 2.870
Journal of Risk and Insurance;15396975;Insurance & Risk Management;CC BY, CC BY-NC or CC BY-NC-ND;$3.400;£2.270;€ 2.850
Journal of School Health;17461561;Child & Family Health & Social Care;CC BY, CC BY-NC or CC BY-NC-ND;$3.570;£2.380;€ 3.010
Journal of Sensory Studies;1745459X;General & Introductory Food Science & Technology;CC BY, CC BY-NC or CC BY-NC-ND;$4.030;£2.610;€ 3.400
Journal of Separation Science;16159314;Chromatography / Separation Techniques;CC BY, CC BY-NC or CC BY-NC-ND;$4.030;£2.670;€ 3.350
Journal of Sleep Research;13652869;Neurology;CC BY, CC BY-NC or CC BY-NC-ND;$4.340;£2.880;€ 3.600
Journal of Small Animal Practice;17485827;Veterinary Medicine / Small Animal General;CC BY, CC BY-NC or CC BY-NC-ND;$4.520;£2.980;€ 3.800
Journal of Social Issues;15404560;Social Psychology;CC BY, CC BY-NC or CC BY-NC-ND;$3.570;£2.380;€ 3.010
Journal of Social Philosophy;14679833;Social Philosophy;CC BY, CC BY-NC or CC BY-NC-ND;$3.350;£2.220;€ 2.770
Journal of Sociolinguistics;14679841;Linguistic Anthropology;CC BY, CC BY-NC or CC BY-NC-ND;$3.730;£2.490;€ 3.130
Journal of Software: Evolution and Process;20477481;Programming & Software Development;CC BY, CC BY-NC or CC BY-NC-ND;$4.480;£3.000;€ 3.750
Journal of Supply Chain Management;1745493X;Production Operations Management;CC BY, CC BY-NC or CC BY-NC-ND;$3.700;£2.450;€ 3.070
Journal of Surfactants and Detergents;15589293;Petrochemistry / Fuel;CC BY, CC BY-NC or CC BY-NC-ND;$3.489;£2.340;€ 2.910
Journal of Surgical Oncology;10969098;Oncology & Radiotherapy;CC BY, CC BY-NC or CC BY-NC-ND;$4.570;£3.030;€ 3.770
Journal of Systematics and Evolution;17596831;Evolution;CC BY, CC BY-NC or CC BY-NC-ND;$3.000;£2.000;€ 2.500
Journal of Texture Studies;17454603;General & Introductory Food Science & Technology;CC BY, CC BY-NC or CC BY-NC-ND;$3.920;£2.620;€ 3.290
Journal of the American Ceramic Society;15512916;Ceramics;CC BY, CC BY-NC or CC BY-NC-ND;$4.070;£2.730;€ 3.400
Journal of the American Geriatrics Society;15325415;Geriatric Medicine;CC BY*, CC BY-NC or CC BY-NC-ND;$4.760;£3.140;€ 3.950
Journal of The American Oil Chemists' Society;15589331;Industrial Chemistry;CC BY, CC BY-NC or CC BY-NC-ND;$3.555;£2.390;€ 2.970
Journal of the American Water Resources Association;17521688;Environmental Science;CC BY or CC BY-NC-ND;$3.200;£2.130;€ 2.670
Journal of the Association for Information Science and Technology;23301643;General & Introductory Computer Science;CC BY, CC BY-NC or CC BY-NC-ND;$3.310;£2.210;€ 2.760
Journal of the Chinese Chemical Society;21926549;General Chemistry;CC BY, CC BY-NC or CC BY-NC-ND;$3.470;£2.330;€ 2.900
Journal of the European Academy of Dermatology and Venereology;14683083;Dermatology;CC BY*, CC BY-NC or CC BY-NC-ND;$5.450;£3.690;€ 4.600
Journal of the Experimental Analysis of Behavior;19383711;Psychology General;CC BY, CC BY-NC or CC BY-NC-ND;$3.150;£2.100;€ 2.650
Journal of the History of the Behavioral Sciences;15206696;General & Introductory History;CC BY, CC BY-NC or CC BY-NC-ND;$3.570;£2.380;€ 3.000
Journal of the London Mathematical Society;14697750;General & Introductory Mathematics;CC BY, CC BY-NC or CC BY-NC-ND;$3.930;£2.620;€ 3.280
Journal of the Peripheral Nervous System;15298027;Neurology;CC BY, CC BY-NC or CC BY-NC-ND;$4.550;£3.070;€ 3.750
Journal of the Royal Anthropological Institute;14679655;General & Introductory Anthropology;CC BY, CC BY-NC or CC BY-NC-ND;$4.120;£2.730;€ 3.450
Journal of the Science of Food and Agriculture;10970010;General & Introductory Food Science & Technology;CC BY, CC BY-NC or CC BY-NC-ND;$4.620;£3.100;€ 4.150
Journal of the Society for Information Display;19383657;Electrical Engineering - Displays;CC BY, CC BY-NC or CC BY-NC-ND;$3.400;£2.270;€ 2.850
Journal of Time Series Analysis;14679892;Time Series;CC BY, CC BY-NC or CC BY-NC-ND;$3.510;£2.340;€ 2.880
Journal of Topology;17538424;General & Introductory Mathematics;CC BY, CC BY-NC or CC BY-NC-ND;$3.930;£2.620;€ 3.280
Journal of Traumatic Stress;15736598;Clinical Psychology;CC BY, CC BY-NC or CC BY-NC-ND;$3.120;£2.040;€ 2.610
Journal of Ultrasound in Medicine;15509613;Radiology & Imaging;CC BY, CC BY-NC or CC BY-NC-ND;$4.100;£2.720;€ 3.400
Journal of Vegetation Science;16541103;Ecology & Organismal Biology;CC BY, CC BY-NC or CC BY-NC-ND;$3.600;£2.400;€ 3.000
Journal of Veterinary Emergency and Critical Care;14764431;General & Introductory Veterinary Medicine;CC BY, CC BY-NC or CC BY-NC-ND;$3.400;£2.270;€ 2.850
Journal of Veterinary Pharmacology and Therapeutics;13652885;General & Introductory Veterinary Medicine;CC BY, CC BY-NC or CC BY-NC-ND;$4.520;£3.030;€ 3.810
Journal of Vinyl & Additive Technology;15480585;General & Introductory Materials Science;CC BY, CC BY-NC or CC BY-NC-ND;$3.800;£2.560;€ 3.170
Journal of Viral Hepatitis;13652893;Gastroenterology & Hepatology;CC BY, CC BY-NC or CC BY-NC-ND;$4.610;£3.080;€ 3.840
Journal of Zoology;14697998;Animal Science & Zoology;CC BY, CC BY-NC or CC BY-NC-ND;$4.430;£2.950;€ 3.700
Juvenile and Family Court Journal;17556988;Civil Law;CC BY, CC BY-NC or CC BY-NC-ND;$2.900;£1.930;€ 2.450
Knee Surgery, Sports Traumatology, Arthroscopy;14337347;Sports Medicine;CC BY;$4.300;£3.300;€ 3.600
Knowledge and Process Management;10991441;Organizational Development;CC BY, CC BY-NC or CC BY-NC-ND;$2.900;£1.930;€ 2.400
Kyklos;14676435;General & Introductory Economics;CC BY, CC BY-NC or CC BY-NC-ND;$3.800;£2.550;€ 3.170
LABOUR;14679914;General & Introductory Economics;CC BY, CC BY-NC or CC BY-NC-ND;$2.900;£1.930;€ 2.390
Lakes & Reservoirs: Science, Policy and Management for Sustainable Use;14401770;Environmental Management, Policy & Planning;CC BY, CC BY-NC or CC BY-NC-ND;$2.760;£1.840;€ 2.280
Land Degradation & Development;1099145X;Environmental Geoscience;CC BY, CC BY-NC or CC BY-NC-ND;$5.230;£3.470;€ 4.380
Language and Linguistics Compass;1749818X;General & Introductory Linguistics;CC BY, CC BY-NC or CC BY-NC-ND;$2.900;£1.930;€ 2.400
Language Learning;14679922;Applied Linguistics;CC BY, CC BY-NC or CC BY-NC-ND;$3.760;£2.540;€ 3.140
Laser & Photonics Reviews;18638899;General Physics;CC BY, CC BY-NC or CC BY-NC-ND;$4.880;£3.240;€ 4.030
Lasers in Surgery and Medicine;10969101;General Surgery;CC BY*, CC BY-NC or CC BY-NC-ND;$4.620;£3.080;€ 3.800
Latin American Policy;20417373;Latin American Politics;CC BY, CC BY-NC or CC BY-NC-ND;$2.900;£1.930;€ 2.450
Law & Policy;14679930;General & Introductory Law;CC BY, CC BY-NC or CC BY-NC-ND;$3.040;£2.010;€ 2.580
Leader to Leader;15315355;Non-Profit Organizations / Management Leadership;CC BY;$2.810;£2.210;€ 2.430
Legal and Criminological Psychology;20448333;Forensic Psychology;CC BY, CC BY-NC or CC BY-NC-ND;$3.700;£2.450;€ 3.120
Legislative Studies Quarterly;19399162;General & Introductory Political Science;CC BY, CC BY-NC or CC BY-NC-ND;$3.190;£2.060;€ 2.680
Limnology and Oceanography;19395590;Environmental Science;CC BY, CC BY-NC or CC BY-NC-ND;$3.530;£2.120;€ 2.820
Limnology and Oceanography Bulletin;15396088;Environmental Science;CC BY, CC BY-NC or CC BY-NC-ND;$3.200;£1.920;€ 2.560
Limnology and Oceanography: Methods;15415856;Environmental Science;CC BY, CC BY-NC or CC BY-NC-ND;$3.530;£2.120;€ 2.820
Lipids;15589307;Oils & Fats;CC BY, CC BY-NC or CC BY-NC-ND;$3.589;£2.390;€ 3.020
Literacy;17414369;Literacy & Reading;CC BY, CC BY-NC or CC BY-NC-ND;$3.470;£2.330;€ 2.900
Literature Compass;17414113;General Literature;CC BY, CC BY-NC or CC BY-NC-ND;$2.900;£1.930;€ 2.400
Liver International;14783231;Hepatology;CC BY, CC BY-NC or CC BY-NC-ND;$4.780;£3.170;€ 4.000
Lubrication Science;15576833;General & Introductory Mechanical Engineering;CC BY, CC BY-NC or CC BY-NC-ND;$3.950;£2.590;€ 3.300
Luminescence;15227243;Analytical Chemistry;CC BY, CC BY-NC or CC BY-NC-ND;$3.350;£2.270;€ 2.770
LUTS: Lower Urinary Tract Symptoms;17575672;Urology;CC BY, CC BY-NC or CC BY-NC-ND;$3.240;£2.160;€ 2.740
Macromolecular Bioscience;16165195;Polymer Science & Technology General;CC BY, CC BY-NC or CC BY-NC-ND;$4.880;£3.240;€ 4.030
Macromolecular Chemistry and Physics;15213935;Polymer Science & Technology General;CC BY, CC BY-NC or CC BY-NC-ND;$4.220;£2.870;€ 3.520
Macromolecular Rapid Communications;15213927;Polymer Science & Technology General;CC BY, CC BY-NC or CC BY-NC-ND;$4.550;£3.070;€ 3.810
Macromolecular Reaction Engineering;18628338;Polymer Science & Technology General;CC BY, CC BY-NC or CC BY-NC-ND;$4.020;£2.730;€ 3.350
Macromolecular Symposia;15213900;Polymer Science & Technology General;CC BY, CC BY-NC or CC BY-NC-ND;$4.020;£2.730;€ 3.350
Macromolecular Theory and Simulations;15213919;Polymer Science & Technology General;CC BY, CC BY-NC or CC BY-NC-ND;$4.090;£2.780;€ 3.410
Magnetic Resonance in Chemistry;1097458X;NMR Spectroscopy / MRI / Imaging;CC BY, CC BY-NC or CC BY-NC-ND;$4.440;£2.960;€ 3.700
Magnetic Resonance in Medicine;15222594;Radiology & Imaging;CC BY, CC BY-NC or CC BY-NC-ND;$3.680;£2.630;€ 3.150
Mammal Review;13652907;Animal Science & Zoology;CC BY, CC BY-NC or CC BY-NC-ND;$4.100;£2.720;€ 3.400
Managerial and Decision Economics;10991468;General & Introductory Economics;CC BY, CC BY-NC or CC BY-NC-ND;$3.120;£2.090;€ 2.620
Marine Ecology;14390485;Ecology & Organismal Biology;CC BY, CC BY-NC or CC BY-NC-ND;$3.560;£2.390;€ 2.970
Marine Mammal Science;17487692;Animal Science Methods;CC BY, CC BY-NC or CC BY-NC-ND;$3.400;£2.270;€ 2.850
Mass Spectrometry Reviews;10982787;Mass Spectrometry;CC BY, CC BY-NC or CC BY-NC-ND;$5.230;£3.470;€ 4.380
Materials and Corrosion;15214176;Corrosion;CC BY, CC BY-NC or CC BY-NC-ND;$3.540;£2.350;€ 2.930
Materialwissenschaft und Werkstofftechnik;15214052;General & Introductory Materials Science;CC BY, CC BY-NC or CC BY-NC-ND;$3.460;£2.330;€ 2.890
Mathematical Finance;14679965;Business & Finance;CC BY, CC BY-NC or CC BY-NC-ND;$3.840;£2.590;€ 3.190
Mathematical Logic Quarterly;15213870;Logic & Foundations;CC BY, CC BY-NC or CC BY-NC-ND;$2.900;£1.930;€ 2.400
Mathematical Methods in the Applied Sciences;10991476;Mathematical Modeling;CC BY, CC BY-NC or CC BY-NC-ND;$5.000;£3.300;€ 4.200
Mathematika;20417942;Mathematics;CC BY, CC BY-NC or CC BY-NC-ND;$3.930;£2.620;€ 3.280
Mathematische Nachrichten;15222616;General & Introductory Mathematics;CC BY, CC BY-NC or CC BY-NC-ND;$3.460;£2.330;€ 2.890
Medical and Veterinary Entomology;13652915;Entomology;CC BY, CC BY-NC or CC BY-NC-ND;$4.140;£2.760;€ 3.420
Medical Anthropology Quarterly;15481387;Medical Anthropology;CC BY, CC BY-NC or CC BY-NC-ND;$3.400;£2.270;€ 2.850
Medical Education;13652923;Medical Professional Development;CC BY, CC BY-NC or CC BY-NC-ND;$5.250;£3.480;€ 4.400
Medical Journal of Australia;13265377;General & Internal Medicine;CC BY, CC BY-NC or CC BY-NC-ND;$3.400;£2.560;€ 2.900
Medical Physics;24734209;Medical & Health Physics;CC BY, CC BY-NC or CC BY-NC-ND;$3.360;£2.230;€ 2.780
Medicinal Research Reviews;10981128;Pharmaceutical & Medicinal Chemistry;CC BY, CC BY-NC or CC BY-NC-ND;$4.980;£3.300;€ 4.170
Metaphilosophy;14679973;Metaphysics;CC BY, CC BY-NC or CC BY-NC-ND;$2.760;£1.840;€ 2.280
Meteoritics & Planetary Science;19455100;Geochemistry & Mineralogy;CC BY, CC BY-NC or CC BY-NC-ND;$3.300;£2.590;€ 2.980
Metroeconomica;1467999X;Economic Theory;CC BY, CC BY-NC or CC BY-NC-ND;$3.350;£2.270;€ 2.770
Microbiology and Immunology;13480421;Microbiology & Virology;CC BY, CC BY-NC or CC BY-NC-ND;$2.750;£1.850;€ 2.300
Microcirculation;15498719;Cardiovascular Disease;CC BY, CC BY-NC or CC BY-NC-ND;$3.920;£2.620;€ 3.290
Microscopy Research and Technique;10970029;Microscopy;CC BY, CC BY-NC or CC BY-NC-ND;$4.250;£2.830;€ 3.570
Microsurgery;10982752;General Surgery;CC BY, CC BY-NC or CC BY-NC-ND;$3.780;£2.540;€ 3.150
Microwave and Optical Technology Letters;10982760;Communication Technology;CC BY, CC BY-NC or CC BY-NC-ND;$2.470;£1.670;€ 2.050
Middle East Policy;14754967;Middle Eastern Politics;CC BY, CC BY-NC or CC BY-NC-ND;$3.300;£2.220;€ 2.760
Milton Quarterly;1094348X;English Literature;CC BY, CC BY-NC or CC BY-NC-ND;$2.900;£1.930;€ 2.400
Mind & Language;14680017;Philosophy of Mind;CC BY, CC BY-NC or CC BY-NC-ND;$4.150;£2.780;€ 3.470
Mind, Brain, and Education;1751228X;Educational & School Psychology;CC BY, CC BY-NC or CC BY-NC-ND;$3.570;£2.440;€ 2.940
Modern Theology;14680025;Contemporary Theology;CC BY, CC BY-NC or CC BY-NC-ND;$2.900;£1.930;€ 2.400
Molecular Carcinogenesis;10982744;Oncology & Radiotherapy;CC BY, CC BY-NC or CC BY-NC-ND;$4.490;£3.010;€ 3.780
Molecular Ecology;1365294X;Evolution;CC BY, CC BY-NC or CC BY-NC-ND;$5.150;£3.860;€ 4.500
Molecular Ecology Resources;17550998;Evolution;CC BY, CC BY-NC or CC BY-NC-ND;$5.250;£3.500;€ 4.430
Molecular Informatics;18681751;Computational Chemistry & Molecular Modeling;CC BY, CC BY-NC or CC BY-NC-ND;$3.800;£2.550;€ 3.170
Molecular Microbiology;13652958;Molecular Microbiology;CC BY, CC BY-NC or CC BY-NC-ND;$4.430;£3.180;€ 3.800
Molecular Nutrition & Food Research;16134133;General & Introductory Food Science & Technology;CC BY, CC BY-NC or CC BY-NC-ND;$4.880;£3.240;€ 4.030
Molecular Oral Microbiology;20411014;Oral Biology;CC BY, CC BY-NC or CC BY-NC-ND;$4.250;£2.830;€ 3.520
Molecular Reproduction and Development;10982795;Developmental Biology;CC BY, CC BY-NC or CC BY-NC-ND;$4.260;£2.840;€ 3.550
Monographs of the Society for Research in Child Development;15405834;Developmental Psychology;CC BY, CC BY-NC or CC BY-NC-ND;$3.240;£2.160;€ 2.670
Movement Disorders;15318257;Neurology;CC BY, CC BY-NC or CC BY-NC-ND;$4.480;£3.010;€ 3.750
Movement Disorders Clinical Practice;23301619;Neurology;CC BY, CC BY-NC or CC BY-NC-ND;$3.400;£2.270;€ 2.850
Muscle & Nerve;10974598;Neurology;CC BY*, CC BY-NC or CC BY-NC-ND;$4.610;£3.090;€ 3.830
Musculoskeletal Care;15570681;Consumer Health General;CC BY, CC BY-NC or CC BY-NC-ND;$3.240;£2.160;€ 2.660
Museum Anthropology;15481379;Anthropology of Art & Media;CC BY, CC BY-NC or CC BY-NC-ND;$3.400;£2.270;€ 2.850
Music Analysis;14682249;Music;CC BY, CC BY-NC or CC BY-NC-ND;$2.900;£1.930;€ 2.450
Mycoses;14390507;Dermatology;CC BY, CC BY-NC or CC BY-NC-ND;$4.780;£3.190;€ 3.930
Nations and Nationalism;14698129;General & Introductory Political Science;CC BY, CC BY-NC or CC BY-NC-ND;$3.750;£2.500;€ 3.120
Natural Resources Forum;14778947;General & Introductory Development Studies;CC BY, CC BY-NC or CC BY-NC-ND;$2.900;£1.930;€ 2.450
Natural Sciences Education;21688281;Education Special Topics;CC BY, CC BY-NC or CC BY-NC-ND;$1.580;£1.260;€ 1.430
Naval Research Logistics;15206750;Applied Probability & Statistics;CC BY, CC BY-NC or CC BY-NC-ND;$3.700;£2.450;€ 3.070
Near Surface Geophysics;18730604;Geophysics;CC BY, CC BY-NC or CC BY-NC-ND;$3.400;£2.500;€ 2.850
Nephrology;14401797;Nephrology;CC BY*, CC BY-NC or CC BY-NC-ND;$4.110;£2.700;€ 3.430
Networks;10970037;Applied Mathematics;CC BY, CC BY-NC or CC BY-NC-ND;$3.750;£2.500;€ 3.120
Neurogastroenterology & Motility;13652982;Gastroenterology & Hepatology;CC BY, CC BY-NC or CC BY-NC-ND;$4.640;£3.140;€ 3.870
Neurology and Clinical Neuroscience;20494173;Neurology;CC BY, CC BY-NC or CC BY-NC-ND;$2.870;£1.890;€ 2.380
Neuropathology;14401789;Pathology;CC BY, CC BY-NC or CC BY-NC-ND;$3.400;£2.270;€ 2.870
Neuropathology and Applied Neurobiology;13652990;Pathology;CC BY, CC BY-NC or CC BY-NC-ND;$4.480;£3.010;€ 3.750
Neurourology and Urodynamics;15206777;Urology;CC BY, CC BY-NC or CC BY-NC-ND;$3.860;£2.550;€ 3.200
New Directions for Adult and Continuing Education;15360717;Adult & Continuing Education;CC BY, CC BY-NC or CC BY-NC-ND;$3.140;£2.110;€ 2.630
New Directions for Community Colleges;15360733;Community Colleges;CC BY, CC BY-NC or CC BY-NC-ND;$3.140;£2.110;€ 2.630
New Directions for Evaluation;1534875X;Survey Research Methods & Sampling;CC BY, CC BY-NC or CC BY-NC-ND;$3.140;£2.110;€ 2.630
New Directions for Higher Education;15360741;Higher Education General;CC BY, CC BY-NC or CC BY-NC-ND;$3.140;£2.110;€ 2.630
New Directions for Student Leadership;23733357;Student Affairs & Development (Higher Education);CC BY, CC BY-NC or CC BY-NC-ND;$3.140;£2.110;€ 2.630
New Directions for Student Services;15360695;Student Services & Counseling (Higher Education);CC BY, CC BY-NC or CC BY-NC-ND;$3.140;£2.110;€ 2.630
New Directions for Teaching and Learning;15360768;Teaching & Learning (Higher Education);CC BY, CC BY-NC or CC BY-NC-ND;$3.140;£2.110;€ 2.630
New Phytologist;14698137;Plant Science;CC BY, CC BY-NC or CC BY-NC-ND;$5.790;£3.860;€ 4.850
New Technology, Work and Employment;1468005X;Business Technology;CC BY, CC BY-NC or CC BY-NC-ND;$3.980;£2.670;€ 3.300
New Zealand Geographer;17457939;General & Introductory Geography;CC BY, CC BY-NC or CC BY-NC-ND;$2.900;£1.930;€ 2.390
NMR in Biomedicine;10991492;NMR Spectroscopy / MRI / Imaging;CC BY, CC BY-NC or CC BY-NC-ND;$3.640;£2.440;€ 3.020
Nonprofit Management & Leadership;15427854;Management / Leadership;CC BY, CC BY-NC or CC BY-NC-ND;$3.460;£2.330;€ 2.890
Nordic Journal of Botany;17561051;Plant Science;CC BY;$2.950;£1.450;€ 2.230
Noûs;14680068;General Philosophy;CC BY, CC BY-NC or CC BY-NC-ND;$2.900;£1.930;€ 2.450
Numerical Linear Algebra With Applications;10991506;Linear Algebra;CC BY, CC BY-NC or CC BY-NC-ND;$4.880;£3.240;€ 4.030
Numerical Methods for Partial Differential Equations;10982426;Differential Equations;CC BY, CC BY-NC or CC BY-NC-ND;$3.750;£2.500;€ 3.120
Nursing & Health Sciences;14422018;Nursing General;CC BY, CC BY-NC or CC BY-NC-ND;$4.430;£2.950;€ 3.700
Nursing In Critical Care;14785153;Nursing General;CC BY, CC BY-NC or CC BY-NC-ND;$3.400;£2.270;€ 2.850
Nursing Inquiry;14401800;Nursing General;CC BY, CC BY-NC or CC BY-NC-ND;$4.720;£3.150;€ 3.930
Nursing Philosophy;1466769X;Nursing General;CC BY, CC BY-NC or CC BY-NC-ND;$3.920;£2.620;€ 3.290
Nutrition & Dietetics;17470080;Nutrition & Dietetics General;CC BY, CC BY-NC or CC BY-NC-ND;$2.780;£1.850;€ 2.320
Nutrition Bulletin;14673010;Nutrition;CC BY, CC BY-NC or CC BY-NC-ND;$3.400;£2.270;€ 2.850
Nutrition in Clinical Practice;19412452;Nutrition & Dietetics General;CC BY, CC BY-NC or CC BY-NC-ND;$3.570;£2.380;€ 3.010
Obesity;1930739X;Obesity;CC BY*, CC BY-NC or CC BY-NC-ND;$4.980;£3.570;€ 4.220
Obesity Reviews;1467789X;Obesity;CC BY, CC BY-NC or CC BY-NC-ND;$5.450;£3.620;€ 4.600
Oceania;18344461;General & Introductory Anthropology;CC BY, CC BY-NC or CC BY-NC-ND;$2.900;£1.930;€ 2.390
Oikos;16000706;Ecology & Organismal Biology;CC BY;$3.640;£1.880;€ 2.730
OPEC Energy Review;17530237;Oil & Energy Economics;CC BY, CC BY-NC or CC BY-NC-ND;$2.900;£1.930;€ 2.390
Ophthalmic and Physiological Optics;14751313;Vision Sciences;CC BY, CC BY-NC or CC BY-NC-ND;$4.050;£2.700;€ 3.350
Optimal Control Applications and Methods;10991514;Control Systems Technology;CC BY, CC BY-NC or CC BY-NC-ND;$4.020;£2.680;€ 3.350
Oral Diseases;16010825;Oral Sciences & Technology;CC BY, CC BY-NC or CC BY-NC-ND;$4.990;£3.340;€ 4.200
Oral Science International;18814204;Oral Sciences & Technology;CC BY, CC BY-NC or CC BY-NC-ND;$3.470;£2.330;€ 2.900
Oral Surgery;1752248X;Oral & Maxillofacial Surgery;CC BY, CC BY-NC or CC BY-NC-ND;$3.240;£2.160;€ 2.670
Orbis Litterarum;16000730;General Literature;CC BY, CC BY-NC or CC BY-NC-ND;$2.900;£1.930;€ 2.400
Orthodontics & Craniofacial Research;16016343;Orthodontics;CC BY, CC BY-NC or CC BY-NC-ND;$4.030;£2.670;€ 3.350
Otolaryngology-Head and Neck Surgery;10976817;Otolaryngology (Ear, Nose & Throat);CC BY, CC BY-NC or CC BY-NC-ND;$3.600;£2.650;€ 3.100
Oxford Bulletin of Economics and Statistics;14680084;General & Introductory Economics;CC BY, CC BY-NC or CC BY-NC-ND;$3.840;£2.560;€ 3.220
Oxford Journal of Archaeology;14680092;General & Introductory Archaeology;CC BY, CC BY-NC or CC BY-NC-ND;$2.840;£1.900;€ 2.350
Pacific Economic Review;14680106;General & Introductory Economics;CC BY, CC BY-NC or CC BY-NC-ND;$2.760;£1.840;€ 2.280
Pacific Focus;19765118;General & Introductory Political Science;CC BY, CC BY-NC or CC BY-NC-ND;$2.810;£1.880;€ 2.320
Pacific Philosophical Quarterly;14680114;General Philosophy;CC BY, CC BY-NC or CC BY-NC-ND;$2.760;£1.840;€ 2.280
Pacing and Clinical Electrophysiology;15408159;Cardiovascular Disease;CC BY*, CC BY-NC or CC BY-NC-ND;$4.170;£2.820;€ 3.470
Packaging Technology and Science;10991522;Industrial Engineering / Manufacturing;CC BY, CC BY-NC or CC BY-NC-ND;$4.150;£2.780;€ 3.470
Paediatric and Perinatal Epidemiology;13653016;Consumer Health General;CC BY, CC BY-NC or CC BY-NC-ND;$4.770;£3.170;€ 3.940
Pain Practice;15332500;Pain Medicine;CC BY, CC BY-NC or CC BY-NC-ND;$4.330;£2.920;€ 3.620
Palaeontology;14754983;Paleontology, Paleobiology & Geobiology;CC BY, CC BY-NC or CC BY-NC-ND;$5.000;£3.300;€ 4.150
Paleoceanography and Paleoclimatology;25724525;Oceanography & Paleoceanography;CC BY, CC BY-NC or CC BY-NC-ND;$4.070;£2.910;€ 3.490
Papers in Palaeontology;20562802;Paleontology, Paleobiology & Geobiology;CC BY, CC BY-NC or CC BY-NC-ND;$4.480;£3.010;€ 4.030
Parasite Immunology;13653024;Immunology;CC BY, CC BY-NC or CC BY-NC-ND;$4.220;£2.810;€ 3.520
Parliamentary History;17500206;Modern British History;CC BY, CC BY-NC or CC BY-NC-ND;$2.900;£1.930;€ 2.450
Particle & Particle Systems Characterization;15214117;General & Introductory Materials Science;CC BY, CC BY-NC or CC BY-NC-ND;$4.360;£2.960;€ 3.640
Pathology International;14401827;Pathology;CC BY, CC BY-NC or CC BY-NC-ND;$3.610;£2.420;€ 2.990
Peace & Change;14680130;War & Peace Studies;CC BY, CC BY-NC or CC BY-NC-ND;$3.140;£2.110;€ 2.630
Pediatric Allergy and Immunology;13993038;Allergy & Clinical Immunology;CC BY, CC BY-NC or CC BY-NC-ND;$5.300;£3.510;€ 4.440
Pediatric Anesthesia;14609592;Anesthesia & Pain Management;CC BY, CC BY-NC or CC BY-NC-ND;$4.080;£2.710;€ 3.420
Pediatric Blood & Cancer;15455017;Oncology & Radiotherapy;CC BY*, CC BY-NC or CC BY-NC-ND;$4.640;£3.040;€ 3.860
Pediatric Dermatology;15251470;Dermatology;CC BY*, CC BY-NC or CC BY-NC-ND;$3.920;£2.560;€ 3.290
Pediatric Obesity;20476310;Obesity;CC BY, CC BY-NC or CC BY-NC-ND;$4.880;£3.240;€ 4.030
Pediatric Pulmonology;10990496;Respiratory Medicine;CC BY*, CC BY-NC or CC BY-NC-ND;$4.740;£3.190;€ 3.970
Pediatric Transplantation;13993046;Transplantation;CC BY, CC BY-NC or CC BY-NC-ND;$3.730;£2.440;€ 3.130
Pediatrics International;1442200X;Pediatrics;CC BY, CC BY-NC or CC BY-NC-ND;$2.700;£1.800;€ 2.250
Peptide Science;24758817;Biomolecules (DNA, RNA, Peptides, etc.);CC BY, CC BY-NC or CC BY-NC-ND;$3.920;£2.620;€ 3.290
Periodontology 2000;16000757;Periodontology;CC BY, CC BY-NC or CC BY-NC-ND;$4.430;£2.950;€ 3.700
Permafrost and Periglacial Processes;10991530;Geomorphology;CC BY, CC BY-NC or CC BY-NC-ND;$4.480;£3.000;€ 3.750
Personal Relationships;14756811;Social Psychology;CC BY, CC BY-NC or CC BY-NC-ND;$3.140;£2.100;€ 2.650
Personality and Mental Health;1932863X;Clinical Psychology;CC BY, CC BY-NC or CC BY-NC-ND;$3.700;£2.440;€ 3.090
Personnel Psychology;17446570;Organizational & Industrial Psychology;CC BY, CC BY-NC or CC BY-NC-ND;$3.400;£2.270;€ 2.840
Perspectives On Sexual and Reproductive Health;19312393;Population & Demography;CC BY, CC BY-NC or CC BY-NC-ND;$3.120;£2.070;€ 2.650
Pest Management Science;15264998;Pests, Diseases & Weeds;CC BY, CC BY-NC or CC BY-NC-ND;$5.360;£3.570;€ 4.830
Pharmaceutical Statistics;15391612;Clinical Trials;CC BY, CC BY-NC or CC BY-NC-ND;$4.880;£3.240;€ 4.030
Pharmacoepidemiology and Drug Safety;10991557;Pharmacology & Pharmaceutical Medicine;CC BY, CC BY-NC or CC BY-NC-ND;$4.650;£3.290;€ 3.990
Pharmacotherapy: The Journal of Human Pharmacology and Drug Therapy;18759114;Pharmacology & Pharmaceutical Medicine;CC BY*, CC BY-NC or CC BY-NC-ND;$4.030;£2.720;€ 3.350
Philosophical Investigations;14679205;General Philosophy;CC BY, CC BY-NC or CC BY-NC-ND;$2.900;£1.930;€ 2.450
Philosophical Issues;17582237;General Philosophy;CC BY, CC BY-NC or CC BY-NC-ND;$2.900;£1.930;€ 2.450
Philosophical Perspectives;15208583;General Philosophy;CC BY, CC BY-NC or CC BY-NC-ND;$2.760;£1.840;€ 2.280
Philosophy & Public Affairs;10884963;Social Philosophy;CC BY, CC BY-NC or CC BY-NC-ND;$3.460;£2.330;€ 2.890
Philosophy and Phenomenological Research;19331592;Phenomenology;CC BY, CC BY-NC or CC BY-NC-ND;$2.900;£1.930;€ 2.450
Philosophy Compass;17479991;General Philosophy;CC BY, CC BY-NC or CC BY-NC-ND;$2.900;£1.930;€ 2.400
Photochemistry and Photobiology;17511097;Cell & Molecular Biology;CC BY, CC BY-NC or CC BY-NC-ND;$4.330;£2.870;€ 3.620
Photodermatology, Photoimmunology & Photomedicine;16000781;Dermatology;CC BY, CC BY-NC or CC BY-NC-ND;$4.550;£3.020;€ 3.810
Phycological Research;14401835;Phycology;CC BY, CC BY-NC or CC BY-NC-ND;$3.800;£2.560;€ 3.170
physica status solidi (a) applications and materials science;18626319;Solid State Physics;CC BY, CC BY-NC or CC BY-NC-ND;$3.780;£2.560;€ 3.150
physica status solidi (b) basic solid state physics;15213951;Solid State Physics;CC BY, CC BY-NC or CC BY-NC-ND;$3.650;£2.480;€ 3.040
physica status solidi (RRL) rapid research letters;18626270;Solid State Physics;CC BY, CC BY-NC or CC BY-NC-ND;$4.430;£3.010;€ 3.700
Physik in unserer Zeit;15213943;General Physics;CC BY, CC BY-NC or CC BY-NC-ND;$3.660;£2.420;€ 3.040
Physiologia Plantarum;13993054;Plant Science;CC BY, CC BY-NC or CC BY-NC-ND;$4.150;£2.780;€ 3.470
Physiological Entomology;13653032;Entomology;CC BY, CC BY-NC or CC BY-NC-ND;$3.920;£2.540;€ 3.310
Physiotherapy Research International;14712865;Physiotherapy;CC BY, CC BY-NC or CC BY-NC-ND;$3.240;£2.160;€ 2.660
Phytochemical Analysis;10991565;Analytical Chemistry;CC BY, CC BY-NC or CC BY-NC-ND;$4.380;£2.960;€ 3.640
Phytotherapy Research;10991573;Pharmacology & Pharmaceutical Medicine;CC BY, CC BY-NC or CC BY-NC-ND;$4.880;£3.300;€ 4.030
Pigment Cell & Melanoma Research;1755148X;Cell Biology;CC BY, CC BY-NC or CC BY-NC-ND;$5.000;£3.300;€ 4.150
Plant Biology;14388677;Plant Science;CC BY, CC BY-NC or CC BY-NC-ND;$3.400;£2.270;€ 2.850
Plant Breeding;14390523;Plant Development;CC BY, CC BY-NC or CC BY-NC-ND;$4.550;£3.070;€ 3.810
Plant Pathology;13653059;Plant Science;CC BY, CC BY-NC or CC BY-NC-ND;$4.640;£3.090;€ 3.870
Plant Species Biology;14421984;Plant Science;CC BY, CC BY-NC or CC BY-NC-ND;$2.750;£1.850;€ 2.300
Plant, Cell & Environment;13653040;Plant Science;CC BY, CC BY-NC or CC BY-NC-ND;$5.440;£3.610;€ 4.560
Plasma Processes and Polymers;16128869;Polymer Science & Technology General;CC BY, CC BY-NC or CC BY-NC-ND;$4.830;£3.190;€ 4.010
PM&R;19341563;Physical Rehabilitation;CC BY, CC BY-NC or CC BY-NC-ND;$3.470;£2.330;€ 2.900
PoLAR: Political and Legal Anthropology Review;15552934;Economic & Political Anthropology;CC BY, CC BY-NC or CC BY-NC-ND;$3.400;£2.270;€ 2.850
Policy & Internet;19442866;Public Policy & Administration;CC BY, CC BY-NC or CC BY-NC-ND;$3.570;£2.330;€ 3.010
Policy Studies Journal;15410072;Public Policy & Administration;CC BY, CC BY-NC or CC BY-NC-ND;$4.050;£2.700;€ 3.350
Political Psychology;14679221;Psychology General;CC BY, CC BY-NC or CC BY-NC-ND;$4.250;£2.840;€ 3.520
Politics & Policy;17471346;Public Policy & Administration;CC BY, CC BY-NC or CC BY-NC-ND;$2.900;£1.930;€ 2.450
Polymer Composites;15480569;Composites;CC BY, CC BY-NC or CC BY-NC-ND;$4.480;£3.010;€ 3.750
Polymer Engineering & Science;15482634;Polymer Science & Technology General;CC BY, CC BY-NC or CC BY-NC-ND;$4.270;£2.870;€ 3.570
Polymer International;10970126;Polymer Science & Technology General;CC BY, CC BY-NC or CC BY-NC-ND;$3.890;£2.590;€ 3.500
Polymers for Advanced Technologies;10991581;Polymer processing;CC BY, CC BY-NC or CC BY-NC-ND;$4.800;£3.190;€ 3.960
Popular Culture Review;2831865X;Popular Culture;CC BY, CC-BY-NC, and CC-BY-NC-ND ;$2.780;£2.050;€ 2.420
Population and Development Review;17284457;Population & Demography;CC BY, CC BY-NC or CC BY-NC-ND;$3.190;£2.110;€ 2.680
Population Ecology;1438390X;Ecology & Organismal Biology;CC BY, CC BY-NC or CC BY-NC-ND;$3.000;£2.000;€ 2.500
Population, Space and Place;15448452;General & Introductory Geography;CC BY, CC BY-NC or CC BY-NC-ND;$3.700;£2.460;€ 3.100
Poverty & Public Policy;19442858;Public Policy & Administration;CC BY, CC BY-NC or CC BY-NC-ND;$2.900;£1.930;€ 2.450
Prenatal Diagnosis;10970223;Obstetrics & Gynecology;CC BY, CC BY-NC or CC BY-NC-ND;$4.640;£3.090;€ 3.870
Presidential Studies Quarterly;17415705;American Politics;CC BY, CC BY-NC or CC BY-NC-ND;$3.300;£2.220;€ 2.760
Proceedings in Applied Mathematics & Mechanics;16177061;General & Introductory Mathematics;CC BY, CC BY-NC or CC BY-NC-ND;$3.090;£2.060;€ 2.580
Proceedings of the London Mathematical Society;1460244X;General & Introductory Mathematics;CC BY, CC BY-NC or CC BY-NC-ND;$4.700;£3.120;€ 3.880
Process Safety Progress;15475913;Process Safety;CC BY, CC BY-NC or CC BY-NC-ND;$3.570;£2.380;€ 3.010
Progress in Photovoltaics: Research and Applications;1099159X;Solar Energy & Photovoltaics;CC BY, CC BY-NC or CC BY-NC-ND;$5.150;£3.450;€ 4.270
Propellants, Explosives, Pyrotechnics;15214087;General Chemistry;CC BY, CC BY-NC or CC BY-NC-ND;$3.840;£2.590;€ 3.190
Protein Science;1469896X;Protein Science;CC BY, CC BY-NC or CC BY-NC-ND;$4.480;£2.720;€ 3.640
Proteins: Structure, Function, and Bioinformatics;10970134;Protein Science;CC BY, CC BY-NC or CC BY-NC-ND;$4.550;£3.070;€ 3.810
Proteomics;16159861;Cell & Molecular Biology;CC BY, CC BY-NC or CC BY-NC-ND;$4.650;£3.170;€ 3.850
PROTEOMICS - Clinical Applications;18628354;Cell & Molecular Biology;CC BY, CC BY-NC or CC BY-NC-ND;$4.430;£3.010;€ 3.700
Psychiatry and Clinical Neurosciences;14401819;Psychiatry;CC BY, CC BY-NC or CC BY-NC-ND;$3.240;£2.430;€ 2.750
Psychogeriatrics;14798301;Geriatric Medicine;CC BY, CC BY-NC or CC BY-NC-ND;$3.750;£2.500;€ 3.170
Psychology & Marketing;15206793;Introductory Marketing;CC BY, CC BY-NC or CC BY-NC-ND;$3.800;£2.550;€ 3.170
Psychology and Psychotherapy: Theory, Research and Practice;20448341;Psychotherapy & Counseling;CC BY, CC BY-NC or CC BY-NC-ND;$4.070;£2.730;€ 3.400
Psychology in the Schools;15206807;Educational & School Psychology;CC BY, CC BY-NC or CC BY-NC-ND;$3.350;£2.220;€ 2.770
Psycho-Oncology;10991611;Psycho-Oncology;CC BY, CC BY-NC or CC BY-NC-ND;$4.940;£3.290;€ 4.120
Psychophysiology;14698986;Brain & Behavior: Physiological Psychology;CC BY, CC BY-NC or CC BY-NC-ND;$4.020;£2.680;€ 3.350
Public Administration;14679299;General & Introductory Political Science;CC BY, CC BY-NC or CC BY-NC-ND;$3.950;£2.590;€ 3.300
Public Administration and Development;1099162X;General & Introductory Development Studies;CC BY, CC BY-NC or CC BY-NC-ND;$3.010;£1.980;€ 2.510
Public Administration Review;15406210;Public Administration;CC BY, CC BY-NC or CC BY-NC-ND;$4.250;£2.890;€ 3.520
Public Budgeting & Finance;15405850;General Finance & Investments;CC BY, CC BY-NC or CC BY-NC-ND;$3.470;£2.330;€ 2.900
Public Health Nursing;15251446;Public Health Nursing & Health Visiting;CC BY, CC BY-NC or CC BY-NC-ND;$3.570;£2.440;€ 2.940
Quality and Reliability Engineering International;10991638;Engineering Statistics;CC BY, CC BY-NC or CC BY-NC-ND;$4.550;£3.040;€ 3.790
Quarterly Journal of the Royal Meteorological Society;1477870X;Atmospheric Sciences;CC BY, CC BY-NC or CC BY-NC-ND;$4.320;£2.890;€ 3.620
R&D Management;14679310;General & Introductory Business & Management;CC BY, CC BY-NC or CC BY-NC-ND;$3.620;£2.440;€ 3.020
Radio Science;1944799X;Electromagnetic Theory;CC BY, CC BY-NC or CC BY-NC-ND;$3.700;£2.640;€ 3.170
Random Structures & Algorithms;10982418;Discrete Mathematics;CC BY, CC BY-NC or CC BY-NC-ND;$4.550;£3.040;€ 3.790
Rapid Communications in Mass Spectrometry;10970231;Mass Spectrometry;CC BY, CC BY-NC or CC BY-NC-ND;$4.840;£3.240;€ 4.020
Ratio;14679329;Analytic Philosophy;CC BY, CC BY-NC or CC BY-NC-ND;$2.900;£1.930;€ 2.400
Ratio Juris;14679337;General & Introductory Law;CC BY, CC BY-NC or CC BY-NC-ND;$2.900;£1.930;€ 2.390
Reading Research Quarterly;19362722;Literacy & Reading;CC BY, CC BY-NC or CC BY-NC-ND;$3.530;£2.350;€ 2.940
Real Estate Economics;15406229;Property & Real Estate;CC BY, CC BY-NC or CC BY-NC-ND;$3.400;£2.270;€ 2.850
Regulation & Governance;17485991;General & Introductory Political Science;CC BY, CC BY-NC or CC BY-NC-ND;$4.480;£3.000;€ 3.750
Religion Compass;17498171;General & Introductory Religion & Theology;CC BY, CC BY-NC or CC BY-NC-ND;$2.900;£1.930;€ 2.400
Religious Studies Review;17480922;Religious Studies;CC BY, CC BY-NC or CC BY-NC-ND;$2.900;£1.930;€ 2.450
Remediation;15206831;Environmental Management, Policy & Planning;CC BY, CC BY-NC or CC BY-NC-ND;$3.460;£2.330;€ 2.890
Renaissance Studies;14774658;Renaissance History;CC BY, CC BY-NC or CC BY-NC-ND;$2.900;£1.930;€ 2.450
Reproduction in Domestic Animals;14390531;General & Introductory Veterinary Medicine;CC BY, CC BY-NC or CC BY-NC-ND;$4.520;£3.030;€ 3.740
Research in Nursing & Health;1098240X;Nursing General;CC BY, CC BY-NC or CC BY-NC-ND;$4.150;£2.720;€ 3.470
Resource Geology;17513928;Economic & Applied Geology;CC BY, CC BY-NC or CC BY-NC-ND;$3.350;£2.240;€ 2.790
Respirology;14401843;Respiratory Medicine;CC BY, CC BY-NC or CC BY-NC-ND;$4.330;£2.890;€ 3.610
Restoration Ecology;1526100X;Population & Community Ecology;CC BY, CC BY-NC or CC BY-NC-ND;$3.300;£2.200;€ 2.750
Review of Development Economics;14679361;Economic Development;CC BY, CC BY-NC or CC BY-NC-ND;$3.350;£2.220;€ 2.770
Review of Education;20496613;General & Introductory Education;CC BY, CC BY-NC or CC BY-NC-ND;$3.470;£2.330;€ 2.900
Review of European, Comparative & International Environmental Law;20500394;General & Introductory Law;CC BY, CC BY-NC or CC BY-NC-ND;$3.750;£2.500;€ 3.120
Review of Financial Economics;18735924;Financial Economics;CC BY, CC BY-NC or CC BY-NC-ND;$3.470;£2.330;€ 2.900
Review of Income and Wealth;14754991;General & Introductory Economics;CC BY, CC BY-NC or CC BY-NC-ND;$3.300;£2.160;€ 2.790
Review of International Economics;14679396;International Finance;CC BY, CC BY-NC or CC BY-NC-ND;$3.350;£2.270;€ 2.770
Review of Policy Research;15411338;Public Policy & Administration;CC BY, CC BY-NC or CC BY-NC-ND;$3.300;£2.220;€ 2.760
Reviews in Aquaculture;17535131;General Aquaculture, Fisheries & Fish Science;CC BY, CC BY-NC or CC BY-NC-ND;$4.480;£3.000;€ 3.750
Reviews in Medical Virology;10991654;Infectious Disease;CC BY, CC BY-NC or CC BY-NC-ND;$4.880;£3.240;€ 4.080
Reviews in Religion & Theology;14679418;General & Introductory Religion & Theology;CC BY, CC BY-NC or CC BY-NC-ND;$3.240;£2.160;€ 2.660
Reviews of Geophysics;19449208;Environmental Physics;CC BY, CC BY-NC or CC BY-NC-ND;$3.880;£2.770;€ 3.330
Risk Analysis;15396924;Mathematical Modeling;CC BY, CC BY-NC or CC BY-NC-ND;$4.880;£3.240;€ 4.030
Risk Management and Insurance Review;15406296;Insurance & Risk Management;CC BY, CC BY-NC or CC BY-NC-ND;$3.400;£2.270;€ 2.850
Risk, Hazards & Crisis in Public Policy;19444079;Public Policy & Administration;CC BY, CC BY-NC or CC BY-NC-ND;$2.900;£1.930;€ 2.450
River Research and Applications;15351467;Hydrological Sciences;CC BY, CC BY-NC or CC BY-NC-ND;$4.110;£2.790;€ 3.430
Rural Sociology;15490831;General Sociology;CC BY, CC BY-NC or CC BY-NC-ND;$3.520;£2.270;€ 2.920
Scandinavian Journal of Caring Sciences;14716712;Nursing General;CC BY, CC BY-NC or CC BY-NC-ND;$3.400;£2.270;€ 2.850
Scandinavian Journal of Immunology;13653083;Immunology;CC BY, CC BY-NC or CC BY-NC-ND;$4.480;£3.010;€ 3.750
Scandinavian Journal of Medicine & Science in Sports;16000838;Sports Medicine;CC BY, CC BY-NC or CC BY-NC-ND;$4.550;£3.070;€ 3.810
Scandinavian Journal of Psychology;14679450;Psychology General;CC BY, CC BY-NC or CC BY-NC-ND;$4.160;£2.810;€ 3.480
Scandinavian Journal of Statistics;14679469;Applied Probability & Statistics;CC BY, CC BY-NC or CC BY-NC-ND;$3.500;£2.290;€ 2.910
Scandinavian Political Studies;14679477;General & Introductory Political Science;CC BY, CC BY-NC or CC BY-NC-ND;$2.950;£1.980;€ 2.450
School Science and Mathematics;19498594;Science;CC BY, CC BY-NC or CC BY-NC-ND;$2.750;£1.840;€ 2.320
Science Education;1098237X;Science;CC BY, CC BY-NC or CC BY-NC-ND;$4.050;£2.700;€ 3.350
Scottish Journal of Political Economy;14679485;General & Introductory Economics;CC BY, CC BY-NC or CC BY-NC-ND;$2.900;£1.930;€ 2.450
Sculpture, Monuments and Open Space;29933439;Sculpture;CC BY;$3.150;£2.320;€ 2.730
Security and Privacy;24756725;Communication Technology;CC BY, CC BY-NC or CC BY-NC-ND;$2.940;£1.980;€ 2.460
Sedimentology;13653091;Sedimentology & Stratigraphy;CC BY, CC BY-NC or CC BY-NC-ND;$4.250;£2.840;€ 3.520
Seminars in Dialysis;1525139X;Nephrology;CC BY, CC BY-NC or CC BY-NC-ND;$3.730;£2.490;€ 3.130
Separation Science Plus;25731815;Chromatography / Separation Techniques;CC BY*, CC BY-NC or CC BY-NC-ND;$3.460;£2.330;€ 2.890
Sexuality, Gender & Policy;26395355;Gender & Politics;CC BY, CC BY-NC or CC BY-NC-ND;$3.300;£2.220;€ 2.760
Singapore Journal of Tropical Geography;14679493;General & Introductory Geography;CC BY, CC BY-NC or CC BY-NC-ND;$2.900;£1.930;€ 2.390
Small;16136829;Nanotechnology General;CC BY, CC BY-NC or CC BY-NC-ND;$5.790;£4.370;€ 5.050
Small Methods;23669608;General & Introductory Materials Science;CC BY, CC BY-NC or CC BY-NC-ND;$4.640;£3.150;€ 3.870
Social and Personality Psychology Compass;17519004;Social Psychology;CC BY, CC BY-NC or CC BY-NC-ND;$3.400;£2.270;€ 2.840
Social Development;14679507;Developmental Psychology;CC BY, CC BY-NC or CC BY-NC-ND;$3.460;£2.310;€ 2.910
Social Issues and Policy Review;17512409;Social Psychology;CC BY, CC BY-NC or CC BY-NC-ND;$3.800;£2.560;€ 3.170
Social Policy & Administration;14679515;General & Introductory Social Policy & Welfare;CC BY, CC BY-NC or CC BY-NC-ND;$4.330;£2.940;€ 3.610
Social Science Quarterly;15406237;General & Introductory Political Science;CC BY, CC BY-NC or CC BY-NC-ND;$3.010;£1.980;€ 2.560
Sociologia Ruralis;14679523;General Sociology;CC BY*, CC BY-NC or CC BY-NC-ND;$3.920;£2.640;€ 3.250
Sociological Forum;15737861;General Sociology;CC BY, CC BY-NC or CC BY-NC-ND;$3.240;£2.160;€ 2.730
Sociological Inquiry;1475682X;General Sociology;CC BY, CC BY-NC or CC BY-NC-ND;$2.900;£1.930;€ 2.450
Sociology Compass;17519020;General Sociology;CC BY, CC BY-NC or CC BY-NC-ND;$3.350;£2.270;€ 2.770
Sociology Lens;14676443;Political Sociology;CC BY, CC BY-NC or CC BY-NC-ND;$4.430;£2.970;€ 3.670
Sociology of Health & Illness;14679566;Sociology of Health & Illness;CC BY, CC BY-NC or CC BY-NC-ND;$4.330;£2.890;€ 3.610
Software Testing, Verification & Reliability;10991689;Programming & Software Development;CC BY, CC BY-NC or CC BY-NC-ND;$2.770;£1.810;€ 2.310
Software: Practice and Experience;1097024X;Programming & Software Development;CC BY, CC BY-NC or CC BY-NC-ND;$4.650;£3.120;€ 3.850
Soil Science Society of America Journal;14350661;Soil;CC BY, CC BY-NC or CC BY-NC-ND;$2.020;£1.580;€ 1.840
Soil Use and Management;14752743;Soil Science & Geoarchaeology;CC BY, CC BY-NC or CC BY-NC-ND;$4.120;£2.730;€ 3.430
Solar RRL;2367198X;General & Introductory Materials Science;CC BY, CC BY-NC or CC BY-NC-ND;$4.640;£3.150;€ 3.870
Sonography;20546750;Radiology & Imaging;CC BY, CC BY-NC or CC BY-NC-ND;$2.900;£1.930;€ 2.390
South African Journal of Economics;18136982;General & Introductory Economics;CC BY, CC BY-NC or CC BY-NC-ND;$2.850;£1.880;€ 2.390
Southern Economic Journal;23258012;General & Introductory Economics;CC BY, CC BY-NC or CC BY-NC-ND;$3.010;£2.270;€ 2.560
Special Care in Dentistry;17544505;Dentistry Special Topics;CC BY, CC BY-NC or CC BY-NC-ND;$3.240;£2.160;€ 2.670
Starch - Stärke;1521379X;Food Chemistry;CC BY, CC BY-NC or CC BY-NC-ND;$4.260;£2.900;€ 3.550
Stat;20491573;General & Introductory Statistics;CC BY, CC BY-NC or CC BY-NC-ND;$3.610;£2.410;€ 2.980
Statistica Neerlandica;14679574;Probability & Mathematical Statistics;CC BY, CC BY-NC or CC BY-NC-ND;$3.800;£2.500;€ 3.170
Statistical Analysis and Data Mining;19321872;Data Analysis;CC BY, CC BY-NC or CC BY-NC-ND;$3.950;£2.590;€ 3.300
Statistics in Medicine;10970258;Experimental Design;CC BY, CC BY-NC or CC BY-NC-ND;$5.450;£3.860;€ 4.710
Steel Construction: Design and Research;18670539;General & Introductory Civil Engineering & Construction;CC BY, CC BY-NC or CC BY-NC-ND;$3.300;£2.160;€ 2.760
Steel Research International;1869344X;General & Introductory Materials Science;CC BY, CC BY-NC or CC BY-NC-ND;$3.500;£2.380;€ 2.910
Strain;14751305;Materials Characterization;CC BY, CC BY-NC or CC BY-NC-ND;$4.220;£2.780;€ 3.550
Strategic Change;10991697;Institutional & Corporate Finance;CC BY, CC BY-NC or CC BY-NC-ND;$3.460;£2.330;€ 2.890
Strategic Entrepreneurship Journal;1932443X;Small Business & Entrepreneurship;CC BY, CC BY-NC or CC BY-NC-ND;$4.100;£2.720;€ 3.400
Strategic Management Journal;10970266;Strategic Management;CC BY, CC BY-NC or CC BY-NC-ND;$4.250;£2.830;€ 3.520
Stress and Health;15322998;Psychology General;CC BY, CC BY-NC or CC BY-NC-ND;$4.070;£2.730;€ 3.400
Structural Concrete;17517648;General & Introductory Civil Engineering & Construction;CC BY, CC BY-NC or CC BY-NC-ND;$3.820;£2.980;€ 3.450
Studia Linguistica;14679582;General & Introductory Linguistics;CC BY, CC BY-NC or CC BY-NC-ND;$2.900;£1.930;€ 2.450
Studies in Applied Mathematics;14679590;Applied Mathematics;CC BY, CC BY-NC or CC BY-NC-ND;$4.550;£3.120;€ 3.810
Studies In Ethnicity and Nationalism;17549469;General & Introductory Political Science;CC BY, CC BY-NC or CC BY-NC-ND;$3.470;£2.330;€ 2.900
Studies in Family Planning;17284465;Population & Demography;CC BY, CC BY-NC or CC BY-NC-ND;$3.190;£2.110;€ 2.680
Suicide and Life-Threatening Behavior;1943278X;Mental Health;CC BY, CC BY-NC or CC BY-NC-ND;$3.700;£2.500;€ 3.070
Support for Learning;14679604;Special Educational Needs;CC BY, CC BY-NC or CC BY-NC-ND;$3.300;£2.220;€ 2.760
Surface and Interface Analysis;10969918;Thin Films, Surfaces & Interfaces;CC BY, CC BY-NC or CC BY-NC-ND;$3.580;£2.420;€ 2.970
Surgical Practice;17441633;Surgery & Surgical Specialties;CC BY, CC BY-NC or CC BY-NC-ND;$2.760;£1.840;€ 2.280
Sustainable Development;10991719;General & Introductory Development Studies;CC BY, CC BY-NC or CC BY-NC-ND;$4.250;£2.840;€ 3.520
Swiss Political Science Review;16626370;General & Introductory Political Science;CC BY, CC BY-NC or CC BY-NC-ND;$3.140;£1.580;€ 2.380
Symbolic Interaction;15338665;General Sociology;CC BY, CC BY-NC or CC BY-NC-ND;$3.450;£2.270;€ 2.880
Synapse;10982396;Neuroscience;CC BY, CC BY-NC or CC BY-NC-ND;$3.570;£2.380;€ 3.000
Syntax;14679612;Syntax;CC BY, CC BY-NC or CC BY-NC-ND;$3.240;£2.160;€ 2.740
System Dynamics Review;10991727;Management;CC BY, CC BY-NC or CC BY-NC-ND;$3.270;£2.160;€ 2.780
Systematic Entomology;13653113;Entomology;CC BY, CC BY-NC or CC BY-NC-ND;$4.520;£3.050;€ 3.780
Systems Engineering;15206858;Systems Engineering & Management;CC BY, CC BY-NC or CC BY-NC-ND;$3.140;£2.110;€ 2.820
Systems Research and Behavioral Science;10991743a;Systems movement;CC BY, CC BY-NC or CC BY-NC-ND;$3.190;£2.110;€ 2.650
TAXON;19968175;Plant Science;CC BY, CC BY-NC or CC BY-NC-ND;$2.630;£1.960;€ 2.220
Teaching Statistics;14679639;General & Introductory Statistics;CC BY, CC BY-NC or CC BY-NC-ND;$2.900;£1.930;€ 2.450
Teaching Theology & Religion;14679647;General & Introductory Religion & Theology;CC BY, CC BY-NC or CC BY-NC-ND;$2.900;£1.930;€ 2.400
Tectonics;19449194;Structural Geology & Tectonics;CC BY, CC BY-NC or CC BY-NC-ND;$4.070;£2.910;€ 3.490
Terra Nova;13653121;Geology & Geophysics;CC BY, CC BY-NC or CC BY-NC-ND;$3.720;£2.450;€ 3.110
TESOL Journal;19493533;Educational Linguistics;CC BY, CC BY-NC or CC BY-NC-ND;$2.850;£1.880;€ 2.390
TESOL Quarterly;15457249;Educational Linguistics;CC BY, CC BY-NC or CC BY-NC-ND;$2.850;£1.880;€ 2.390
The American Journal of Economics and Sociology;15367150;Economic History;CC BY, CC BY-NC or CC BY-NC-ND;$2.900;£1.930;€ 2.450
The American Journal on Addictions;15210391;Addiction;CC BY, CC BY-NC or CC BY-NC-ND;$3.920;£2.610;€ 3.290
The Anatomical Record;19328494;Anatomy & Physiology;CC BY, CC BY-NC or CC BY-NC-ND;$4.430;£3.010;€ 3.700
The Australian Economic Review;14678462;General & Introductory Economics;CC BY, CC BY-NC or CC BY-NC-ND;$2.900;£1.930;€ 2.390
The Australian Journal of Agricultural and Resource Economics;14678489;Agricultural Economics & Resource Management;CC BY, CC BY-NC or CC BY-NC-ND;$2.710;£1.810;€ 2.260
The Australian Journal of Anthropology;17576547;General & Introductory Anthropology;CC BY, CC BY-NC or CC BY-NC-ND;$3.010;£1.980;€ 2.500
The British Journal of Sociology;14684446;General Sociology;CC BY, CC BY-NC or CC BY-NC-ND;$3.840;£2.870;€ 3.240
The Canadian Journal of Chemical Engineering;1939019X;General & Introductory Chemical Engineering;CC BY, CC BY-NC or CC BY-NC-ND;$3.690;£2.490;€ 3.080
The Canadian Journal of Statistics/La revue canadienne de statistique;1708945X;General & Introductory Statistics;CC BY, CC BY-NC or CC BY-NC-ND;$2.970;£2.000;€ 2.490
The Career Development Quarterly;21610045;Psychotherapy & Counseling;CC BY, CC BY-NC or CC BY-NC-ND;$2.900;£1.930;€ 2.450
The Chemical Record;15280691;General Chemistry;CC BY, CC BY-NC or CC BY-NC-ND;$4.710;£2.940;€ 3.960
The Clinical Teacher;1743498X;Medical Professional Development;CC BY, CC BY-NC or CC BY-NC-ND;$3.620;£2.440;€ 3.020
The Curriculum Journal;14693704;General & Introductory Education;CC BY, CC BY-NC or CC BY-NC-ND;$3.430;£2.310;€ 2.870
The Developing Economies;17461049;Economic Development;CC BY, CC BY-NC or CC BY-NC-ND;$2.760;£1.840;€ 2.280
The Economic History Review;14680289;Economic History;CC BY, CC BY-NC or CC BY-NC-ND;$3.900;£2.590;€ 3.240
The Ecumenical Review;17586623;General & Introductory Religion & Theology;CC BY, CC BY-NC or CC BY-NC-ND;$2.900;£1.930;€ 2.450
The Electronic Journal of Information Systems in Developing Countries;16814835;Information & Library Science;CC BY, CC BY-NC or CC BY-NC-ND;$3.590;£2.420;€ 3.010
The FASEB Journal;15306860;General Biology;CC BY, CC BY-NC or CC BY-NC-ND;$3.740;£2.510;€ 3.100
The FEBS Journal;17424658;Biochemistry;CC BY, CC BY-NC or CC BY-NC-ND;$5.000;£3.320;€ 4.160
The Financial Review;15406288;General Finance & Investments;CC BY, CC BY-NC or CC BY-NC-ND;$2.900;£1.930;€ 2.450
The Geographical Journal;14754959;General & Introductory Geography;CC BY, CC BY-NC or CC BY-NC-ND;$3.840;£2.540;€ 3.190
The German Quarterly;17561183;Cultural Studies General;CC BY, CC BY-NC or CC BY-NC-ND;$2.900;£1.930;€ 2.450
The Heythrop Journal;14682265;General & Introductory Religion & Theology;CC BY, CC BY-NC or CC BY-NC-ND;$2.900;£1.930;€ 2.450
The Howard Journal of Crime and Justice;20591101;General & Introductory Law;CC BY, CC BY-NC or CC BY-NC-ND;$3.470;£2.330;€ 2.900
The International Journal of Health Planning and Management;10991751;Public Health Services & Policy;CC BY, CC BY-NC or CC BY-NC-ND;$4.030;£2.640;€ 3.370
The International Journal of Medical Robotics and Computer Assisted Surgery;1478596X;Surgery & Surgical Specialties;CC BY, CC BY-NC or CC BY-NC-ND;$4.430;£2.950;€ 3.750
The Journal of American Culture;1542734X;American Studies;CC BY, CC BY-NC or CC BY-NC-ND;$2.900;£1.930;€ 2.450
The Journal of Clinical Pharmacology;15524604;Clinical Pharmacology & Therapeutics;CC BY, CC BY-NC or CC BY-NC-ND;$4.150;£2.780;€ 3.470
The Journal of Comparative Neurology;10969861;Neurosystems;CC BY, CC BY-NC or CC BY-NC-ND;$5.450;£4.080;€ 4.770
The Journal of Creative Behavior;21626057;Cognitive Psychology;CC BY, CC BY-NC or CC BY-NC-ND;$2.900;£1.930;€ 2.450
The Journal of Dermatology;13468138;Dermatology;CC BY;$3.630;£2.400;€ 3.050
The Journal of Finance;15406261;General Finance & Investments;CC BY, CC BY-NC or CC BY-NC-ND;$4.430;£3.300;€ 3.750
The Journal of Futures Markets;10969934;General Finance & Investments;CC BY, CC BY-NC or CC BY-NC-ND;$3.240;£2.160;€ 2.740
The Journal of Gene Medicine;15212254;DNA & RNA Therapies;CC BY, CC BY-NC or CC BY-NC-ND;$4.480;£3.000;€ 3.750
The Journal of Humanistic Counseling;21611939;Psychotherapy & Counseling;CC BY, CC BY-NC or CC BY-NC-ND;$2.900;£1.930;€ 2.450
The Journal of Industrial Economics;14676451;General & Introductory Economics;CC BY, CC BY-NC or CC BY-NC-ND;$3.350;£2.220;€ 2.780
The Journal of Latin American and Caribbean Anthropology;19354940;Latin- & Meso-American Anthropology;CC BY, CC BY-NC or CC BY-NC-ND;$3.400;£2.270;€ 2.850
The Journal of Pathology;10969896;Pathology;CC BY, CC BY-NC or CC BY-NC-ND;$5.450;£3.620;€ 4.600
The Journal of Physiology;14697793;Anatomy & Physiology;CC BY, CC BY-NC or CC BY-NC-ND;$5.400;£3.590;€ 4.490
The Journal of Political Philosophy;14679760;Political & Economic Philosophy;CC BY, CC BY-NC or CC BY-NC-ND;$4.030;£2.670;€ 3.350
The Journal of Popular Culture;15405931;Popular Culture;CC BY, CC BY-NC or CC BY-NC-ND;$2.900;£1.930;€ 2.450
The Journal of Rural Health;17480361;Consumer Health General;CC BY, CC BY-NC or CC BY-NC-ND;$4.480;£3.010;€ 3.750
The Journal of Wildlife Management;19372817;Conservation Science;CC BY, CC BY-NC or CC BY-NC-ND;$4.270;£2.870;€ 3.570
The Journal of World Intellectual Property;17471796;General & Introductory Law;CC BY, CC BY-NC or CC BY-NC-ND;$2.900;£1.930;€ 2.400
The Laryngoscope;15314995;Otolaryngology (Ear, Nose & Throat);CC BY*, CC BY-NC or CC BY-NC-ND;$4.840;£3.240;€ 4.070
The Manchester School;14679957;General & Introductory Economics;CC BY, CC BY-NC or CC BY-NC-ND;$3.350;£2.220;€ 2.780
The Milbank Quarterly;14680009;Health & Social Care;CC BY, CC BY-NC or CC BY-NC-ND;$4.430;£3.010;€ 3.700
The Modern Language Journal;15404781;Applied Linguistics;CC BY, CC BY-NC or CC BY-NC-ND;$3.800;£2.560;€ 3.170
The Modern Law Review;14682230;General & Introductory Law;CC BY, CC BY-NC or CC BY-NC-ND;$3.400;£2.270;€ 2.850
The Muslim World;14781913;Islam;CC BY, CC BY-NC or CC BY-NC-ND;$2.900;£1.930;€ 2.450
The Obstetrician & Gynaecologist;17444667;Obstetrics;CC BY, CC BY-NC or CC BY-NC-ND;$2.900;£1.930;€ 2.450
The Philosophical Forum;14679191;General Philosophy;CC BY, CC BY-NC or CC BY-NC-ND;$2.900;£1.930;€ 2.450
The Photogrammetric Record;14779730;GIS & Remote Sensing;CC BY, CC BY-NC or CC BY-NC-ND;$3.030;£2.070;€ 2.490
The Plant Journal;1365313X;Plant Science;CC BY, CC BY-NC or CC BY-NC-ND;$5.450;£3.860;€ 4.650
The Political Quarterly;1467923X;General & Introductory Political Science;CC BY, CC BY-NC or CC BY-NC-ND;$3.520;£2.330;€ 2.920
The Prostate;10970045;Urology;CC BY*, CC BY-NC or CC BY-NC-ND;$4.600;£3.040;€ 3.840
The RAND Journal of Economics;17562171;General & Introductory Economics;CC BY, CC BY-NC or CC BY-NC-ND;$3.400;£2.270;€ 2.870
The Reading Teacher;19362714;Literacy & Reading;CC BY, CC BY-NC or CC BY-NC-ND;$2.760;£1.820;€ 2.320
The Russian Review;14679434;Cultural Studies General;CC BY, CC BY-NC or CC BY-NC-ND;$2.900;£1.930;€ 2.450
The Scandinavian Journal of Economics;14679442;General & Introductory Economics;CC BY, CC BY-NC or CC BY-NC-ND;$3.470;£2.330;€ 2.900
The Southern Journal of Philosophy;20416962;General Philosophy;CC BY, CC BY-NC or CC BY-NC-ND;$2.900;£1.930;€ 2.450
The Structural Design of Tall and Special Buildings;15417808;Structural & Building Engineering;CC BY, CC BY-NC or CC BY-NC-ND;$3.720;£2.510;€ 3.110
The World Economy;14679701;General & Introductory Economics;CC BY, CC BY-NC or CC BY-NC-ND;$3.570;£2.380;€ 3.000
Theoria;17552567;General Philosophy;CC BY, CC BY-NC or CC BY-NC-ND;$3.240;£2.160;€ 2.730
Therapeutic Apheresis and Dialysis;17449987;Nephrology;CC BY*, CC BY-NC or CC BY-NC-ND;$3.350;£2.220;€ 2.780
Thunderbird International Business Review;15206874;International Management;CC BY, CC BY-NC or CC BY-NC-ND;$3.460;£2.330;€ 2.890
Tijdschrift voor Economische en Sociale Geografie;14679663;General & Introductory Geography;CC BY, CC BY-NC or CC BY-NC-ND;$3.730;£2.490;€ 3.130
Topics in Cognitive Science;17568765;Cognitive Science;CC BY, CC BY-NC or CC BY-NC-ND;$3.470;£2.330;€ 2.900
Traditional & Kampo Medicine;20534515;Pharmacology & Pharmaceutical Medicine;CC BY, CC BY-NC or CC BY-NC-ND;$2.870;£1.410;€ 2.160
Traffic;16000854;Cell & Molecular Biology;CC BY, CC BY-NC or CC BY-NC-ND;$4.650;£3.120;€ 3.920
Transactions in GIS;14679671;GIS & Remote Sensing;CC BY, CC BY-NC or CC BY-NC-ND;$3.800;£2.550;€ 3.170
Transactions of the Institute of British Geographers;14755661;General & Introductory Geography;CC BY, CC BY-NC or CC BY-NC-ND;$4.070;£2.730;€ 3.400
Transactions of the Philological Society;1467968X;General & Introductory Linguistics;CC BY, CC BY-NC or CC BY-NC-ND;$2.900;£1.930;€ 2.450
Transactions on Emerging Telecommunications Technologies;21613915;Communication Technology;CC BY, CC BY-NC or CC BY-NC-ND;$2.850;£1.890;€ 2.370
Transfusion;15372995;Hematology;CC BY*, CC BY-NC or CC BY-NC-ND;$4.100;£2.730;€ 3.410
Transfusion Medicine;13653148;Blood Transfusion;CC BY, CC BY-NC or CC BY-NC-ND;$3.700;£2.500;€ 3.070
Transplant Infectious Disease;13993062;Transplantation;CC BY, CC BY-NC or CC BY-NC-ND;$3.920;£2.670;€ 3.240
Transportation Journal;2157328X;Transportation;CC BY;$2.940;£2.160;€ 2.550
Tropical Medicine & International Health;13653156;Infectious Disease;CC BY, CC BY-NC or CC BY-NC-ND;$3.400;£2.270;€ 2.870
Ultrasound in Obstetrics & Gynecology;14690705;Obstetrics & Gynecology;CC BY, CC BY-NC or CC BY-NC-ND;$4.940;£3.300;€ 4.150
Veterinary and Comparative Oncology;14765829;General & Introductory Veterinary Medicine;CC BY, CC BY-NC or CC BY-NC-ND;$4.730;£3.210;€ 3.940
Veterinary Clinical Pathology;1939165X;General & Introductory Veterinary Medicine;CC BY, CC BY-NC or CC BY-NC-ND;$3.400;£2.270;€ 2.870
Veterinary Dermatology;13653164;Veterinary Dermatology;CC BY*, CC BY-NC or CC BY-NC-ND;$3.570;£2.380;€ 2.970
Veterinary Ophthalmology;14635224;General & Introductory Veterinary Medicine;CC BY, CC BY-NC or CC BY-NC-ND;$3.860;£2.560;€ 3.230
Veterinary Radiology & Ultrasound;17408261;Veterinary Imaging;CC BY, CC BY-NC or CC BY-NC-ND;$4.410;£2.980;€ 3.700
Veterinary Record;20427670;General & Introductory Veterinary Medicine;CC BY*, CC BY-NC or CC BY-NC-ND;$3.980;£3.130;€ 3.580
Veterinary Record Case Reports;20526121;General & Introductory Veterinary Medicine;CC BY, CC BY-NC or CC BY-NC-ND;$1.480;£1.080;€ 1.190
Veterinary Surgery;1532950X;General & Introductory Veterinary Medicine;CC BY, CC BY-NC or CC BY-NC-ND;$3.000;£2.000;€ 2.500
Vietnam Journal of Chemistry;25728288;General Chemistry;CC BY, CC BY-NC or CC BY-NC-ND;$3.400;£2.290;€ 2.840
Visual Anthropology Review;15487458;Anthropology of Art & Media;CC BY, CC BY-NC or CC BY-NC-ND;$3.400;£2.270;€ 2.850
Vox Sanguinis;14230410;Blood Transfusion;CC BY, CC BY-NC or CC BY-NC-ND;$4.150;£2.780;€ 3.470
Water and Environment Journal;17476593;Water Resource Management;CC BY, CC BY-NC or CC BY-NC-ND;$4.000;£2.650;€ 3.300
Water Environment Research;15547531;Water Resources;CC BY, CC BY-NC or CC BY-NC-ND;$3.240;£2.450;€ 2.730
Weather;14778696;Atmospheric Sciences;CC BY, CC BY-NC or CC BY-NC-ND;$1.880;£1.250;€ 1.590
Weed Biology and Management;14456664;Pests, Diseases & Weeds;CC BY, CC BY-NC or CC BY-NC-ND;$3.040;£2.060;€ 2.520
Weed Research;13653180;Pests, Diseases & Weeds;CC BY, CC BY-NC or CC BY-NC-ND;$3.840;£2.540;€ 3.190
Wildlife Monographs;19385455;Conservation Science;CC BY, CC BY-NC or CC BY-NC-ND;$5.750;£4.360;€ 5.220
WIREs Climate Change;17577799;Atmospheric Sciences;CC BY, CC BY-NC or CC BY-NC-ND;$5.450;£3.630;€ 4.600
WIREs Cognitive Science;19395086;Cognitive Science;CC BY, CC BY-NC or CC BY-NC-ND;$4.150;£2.720;€ 3.470
WIREs Computational Molecular Science;17590884;Computational Chemistry & Molecular Modeling;CC BY, CC BY-NC or CC BY-NC-ND;$5.230;£3.470;€ 4.380
WIREs Computational Statistics;19390068;Computational & Graphical Statistics;CC BY, CC BY-NC or CC BY-NC-ND;$3.460;£2.330;€ 2.890
WIREs Data Mining and Knowledge Discovery;19424795;Data Mining & Knowledge Discovery;CC BY, CC BY-NC or CC BY-NC-ND;$4.480;£3.000;€ 3.750
WIREs Energy and Environment;2041840X;Energy & Environmental Impact;CC BY, CC BY-NC or CC BY-NC-ND;$3.950;£2.590;€ 3.300
WIREs Forensic Science;25739468;Forensic Science;CC BY, CC BY-NC or CC BY-NC-ND;$3.460;£2.330;€ 2.890
WIREs Mechanisms of Disease;26929368;Physiology;CC BY, CC BY-NC or CC BY-NC-ND;$4.650;£3.170;€ 3.850
WIREs Nanomedicine and Nanobiotechnology;19390041;Nanobiotechnology;CC BY, CC BY-NC or CC BY-NC-ND;$4.730;£3.140;€ 3.960
WIREs RNA;17577012;Biochemistry;CC BY, CC BY-NC or CC BY-NC-ND;$4.780;£3.190;€ 3.980
WIREs Water;20491948;General & Introductory Earth Sciences;CC BY, CC BY-NC or CC BY-NC-ND;$4.200;£2.780;€ 3.520
World Affairs;19401582;Current Affairs;CC BY;$2.800;£2.060;€ 2.430
World Englishes;1467971X;Modern & World English;CC BY, CC BY-NC or CC BY-NC-ND;$3.570;£2.380;€ 2.940
World Food Policy;23728639;Public Policy & Administration;CC BY, CC BY-NC or CC BY-NC-ND;$3.140;£2.110;€ 2.630
World Journal of Surgery;14322323;Surgery & Surgical Specialties;CC BY;$4.000;£3.050;€ 3.400
World Medical & Health Policy;19484682;Public Policy & Administration;CC BY, CC BY-NC or CC BY-NC-ND;$2.900;£1.930;€ 2.450
World Water Policy;2639541X;Public Policy & Administration;CC BY, CC BY-NC or CC BY-NC-ND;$3.140;£2.110;€ 2.630
Worldviews on Evidence-Based Nursing;17416787;Evidence-based Practice;CC BY, CC BY-NC or CC BY-NC-ND;$3.640;£1.880;€ 2.730
Wound Repair and Regeneration;1524475X;Dermatology;CC BY, CC BY-NC or CC BY-NC-ND;$3.750;£2.500;€ 3.120
Xenotransplantation;13993089;Transplantation;CC BY, CC BY-NC or CC BY-NC-ND;$4.550;£3.020;€ 3.810
X-Ray Spectrometry;10974539;Spectroscopy;CC BY, CC BY-NC or CC BY-NC-ND;$3.250;£2.180;€ 2.720
Yeast;10970061;Microbiology & Virology;CC BY, CC BY-NC or CC BY-NC-ND;$3.980;£2.640;€ 3.310
ZAMM - Journal of Applied Mathematics and Mechanics;15214001;General & Introductory Mathematics;CC BY, CC BY-NC or CC BY-NC-ND;$3.460;£2.330;€ 2.890
Zeitschrift für anorganische und allgemeine Chemie;15213749;Inorganic Chemistry;CC BY, CC BY-NC or CC BY-NC-ND;$3.960;£2.620;€ 3.290
Zoo Biology;10982361;Animal Science & Zoology;CC BY, CC BY-NC or CC BY-NC-ND;$3.920;£2.620;€ 3.240
Zoologica Scripta;14636409;Evolution;CC BY, CC BY-NC or CC BY-NC-ND;$4.100;£2.720;€ 3.400
Zoonoses and Public Health;18632378;Microbiology & Virology;CC BY, CC BY-NC or CC BY-NC-ND;$4.880;£3.240;€ 4.030
;;;;;;
;;;;;;
;;;* = CC BY is offered for funder mandated authors only.;;;
